# host_unix_ns,fpga_counter_us
1786472235588607500,154499
1786472236603360000,1183838
1786472237593650500,2172593
1786472238593695000,3172619
1786472239623526500,4193014
1786472240648380000,5223278
1786472241653778500,6232732
1786472242732812000,7312889
1786472243738356500,8312782
1786472244735407500,9312961
1786472245739160000,10322570
1786472246703437000,11272417
1786472247708800000,12282667
1786472248743182500,13321995
1786472249789493000,14383277
1786472250808073000,15372554
1786472251793890000,16372425
1786472252799926500,17382388
1786472253793218500,18362583
1786472254774035000,19353206
1786472255778383500,20352348
1786472256824657000,21373251
1786472257883379000,22452546
1786472258893867500,23472667
1786472259898138500,24472808
1786472260918954000,25502662
1786472261938336500,26513313
1786472262948574500,27522869
1786472263998291000,28599786
1786472265058681500,29633937
1786472266093656500,30675108
1786472267088537500,31662714
1786472268128391000,32703166
1786472269173761500,33753161
1786472270193536500,34772591
1786472271238292500,35832179
1786472272293857000,36862565
1786472273329205500,37902080
1786472274349744000,38923439
1786472275378828500,39954168
1786472276399139000,40972826
1786472277428798000,42002563
1786472278493177500,43062913
1786472279529221500,44103304
1786472280633767000,45203611
1786472281673392000,46252713
1786472282694300500,47273488
1786472283704026500,48282483
1786472284708050500,49282541
1786472285733407000,50302896
1786472286753467000,51332984
1786472287805596000,52383522
1786472288828111000,53402632
1786472289828430000,54402898
1786472290859348500,55432563
1786472291868561500,56442328
1786472292918396500,57502466
1786472293902486500,58471960
1786472294883272000,59452168
1786472295898573500,60473159
1786472296908297000,61482415
1786472297909054500,62482502
1786472298938295500,63512806
1786472299959813500,64542228
1786472300988400000,65563530
1786472302008585500,66592085
1786472303041105500,67614707
1786472304063705000,68632861
1786472305072726000,69643611
1786472306099373500,70682512
1786472307184010000,71762513
1786472308209396000,72783563
1786472309222756500,73802326
1786472310218167500,74793540
1786472311255195000,75832863
1786472312254078500,76864621
1786472313253543000,77832309
1786472314339455000,78913543
1786472315369114000,79943180
1786472316405757500,80972657
1786472317455802500,82032291
1786472318478363000,83051891
1786472319483430000,84062465
1786472320504312500,85072531
1786472321558355500,86142336
1786472322567967000,87132580
1786472323619724500,88193528
1786472324655459000,89233397
1786472325695055000,90273199
1786472326750417500,91323144
1786472327774739000,92352546
1786472328847842500,93412615
1786472329854637000,94423515
1786472330883133500,95463323
1786472331968933500,96543632
1786472333004164000,97572935
1786472334043760000,98622319
1786472335067984000,99642679
1786472336087997000,100662600
1786472337098991000,101672263
1786472338123365000,102702253
1786472339144375500,103713083
1786472340153018500,104733356
1786472341174508500,105753003
1786472342193231000,106772381
1786472343203273000,107772072
1786472344202805000,108782421
1786472345187406500,109768812
1786472346167169500,110751691
1786472347142617000,111711704
1786472348137866500,112722087
1786472349128095000,113711916
1786472350169099000,114743149
1786472351168452500,115742173
1786472352213577500,116782925
1786472353248442500,117822374
1786472354252863000,118822195
1786472355258987000,119831754
1786472356277948000,120853291
1786472357364638500,121902310
1786472358587334500,123201698
1786472359894219000,124446010
1786472361218460500,125721924
1786472362514339500,127070310
1786472363913968500,128439520
1786472365240814500,129812613
1786472366448089000,131012185
1786472367463026500,132042049
1786472368443059500,133011073
1786472369458136500,134021951
1786472370452996000,135032413
1786472371518358000,136102017
1786472372523643500,137102077
1786472373517456000,138081720
1786472374538009000,139112053
1786472375542565500,140112398
1786472376558597500,141142059
1786472377554171500,142132718
1786472378582659000,143152329
1786472379593380000,144171975
1786472380607633500,145172269
1786472381613430000,146182359
1786472382624839000,147201930
1786472383632546000,148201711
1786472384603247000,149171571
1786472385632999500,150232075
1786472386687506500,151271912
1786472387689964000,152271948
1786472388682954500,153252995
1786472389710461000,154282357
1786472390748142500,155322578
1786472391772748000,156352161
1786472392813389000,157422136
1786472393827729000,158392729
1786472394847391500,159421996
1786472395863631000,160441667
1786472396877979000,161454291
1786472397892712500,162463226
1786472398889064500,163472199
1786472399887838000,164486099
1786472400912560000,165492257
1786472401909066500,166481965
1786472402918630000,167492940
1786472403908317500,168482228
1786472404928334500,169502057
1786472405932631500,170512114
1786472406954212000,171512720
1786472407988825000,172562445
1786472408998243000,173591922
1786472409998473000,174572043
1786472411002861000,175592309
1786472412002741500,176582249
1786472412992613000,177572030
1786472413997432500,178551406
1786472415022792500,179602215
1786472416012518500,180582326
1786472417022031000,181602279
1786472418027875500,182602386
1786472419027513500,183612225
1786472419997095000,184582365
1786472421020330000,185574173
1786472422047352000,186622082
1786472423064717000,187642267
1786472424062953500,188642213
1786472425052062500,189632235
1786472426032723500,190621941
1786472427043417500,191612161
1786472428052663000,192621820
1786472429122463000,193701844
1786472430102540000,194691839
1786472431077328000,195642052
1786472432062847000,196641793
1786472433047712000,197631722
1786472434042516000,198622142
1786472435037845500,199612210
1786472436107565000,200682036
1786472437122442000,201711950
1786472438112670000,202691874
1786472439123619000,203701509
1786472440148234000,204722325
1786472441167909000,205742925
1786472442173344000,206741685
1786472443217332000,207791814
1786472444263459000,208832700
1786472445322568000,209891994
1786472446348606500,210931751
1786472447362599000,211943043
1786472448377695000,212952062
1786472449438525500,213995122
1786472450489124000,215062544
1786472451607402500,216182303
1786472452582013000,217152151
1786472453565258500,218141926
1786472454583860000,219173029
1786472455592088000,220162516
1786472456632884500,221212044
1786472457674007000,222242176
1786472458727443000,223291775
1786472459758043500,224335705
1786472460792150500,225365341
1786472461824229000,226392304
1786472462878193000,227454396
1786472463931564000,228491489
1786472464998822000,229613650
1786472466067117500,230651821
1786472467063148500,231651988
1786472468068228000,232652057
1786472469058318000,233633393
1786472470093662500,234672106
1786472471117330500,235681816
1786472472127799000,236691959
1786472473147349500,237712611
1786472474174300500,238731599
1786472475197978000,239773567
1786472476202411000,240772161
1786472477187739500,241761982
1786472478226561500,242773982
1786472479252862500,243822268
1786472480267341500,244832631
1786472481227079500,245812001
1786472482237290000,246801757
1786472483242545500,247811950
1786472484259431500,248833783
1786472485279083500,249852163
1786472486342520500,250912156
1786472487358740500,251933992
1786472488377714000,252952225
1786472489387518000,253953284
1786472490403054500,254971490
1786472491442471000,256031951
1786472492442554500,257022079
1786472493498144500,258072359
1786472494512518000,259082178
1786472495537979500,260111362
1786472496528301000,261102162
1786472497533043000,262122741
1786472498568120000,263132603
1786472499639735000,264183252
1786472500699099500,265273575
1786472501733522000,266302426
1786472502771693500,267332149
1786472503771980000,268353610
1786472504782275500,269354017
1786472505807363000,270382423
1786472506837346500,271402638
1786472507873853500,272472634
1786472508892703000,273462622
1786472509938797500,274503253
1786472510987503500,275562708
1786472512023240500,276592364
1786472513059403500,277632902
1786472514124827000,278662354
1786472515183896500,279757440
1786472516213585000,280791091
1786472517228046500,281801855
1786472518237239000,282812487
1786472519238330500,283822686
1786472520251937000,284832917
1786472521287749000,285831395
1786472522322521500,286902040
1786472523347480500,287911622
1786472524382903000,288961885
1786472525412797000,289983990
1786472526464220000,291031722
1786472527504794500,292071728
1786472528559289000,293101710
1786472530333273500,294895949
1786472531409503000,295983946
1786472532443308500,297013371
1786472533463359500,298045001
1786472534477706500,299051398
1786472535497547000,300081499
1786472536526254000,301081604
1786472537557671000,302133930
1786472538563642500,303138928
1786472539568102500,304141590
1786472540582365500,305152099
1786472541607159000,306184504
1786472542607052000,307181833
1786472543597751500,308181723
1786472544656521500,309211858
1786472545677377000,310254596
1786472546697280000,311272815
1786472547717270500,312301902
1786472548717984000,313292320
1786472549747696000,314314882
1786472550807466000,315351598
1786472551866989000,316432043
1786472552887245500,317462442
1786472553937414500,318529356
1786472554947783500,319522901
1786472555954547000,320531655
1786472556947733000,321522350
1786472557994906500,322541652
1786472559044272500,323621843
1786472560058273500,324631964
1786472561088282500,325651730
1786472562082204000,326671403
1786472563088170000,327671832
1786472564077990500,328651803
1786472565116631000,329671791
1786472566163455000,330741759
1786472567184057000,331762834
1786472568187050000,332771758
1786472569198522500,333778467
1786472570203132500,334771833
1786472571228366500,335802559
1786472572268905000,336821628
1786472573283007000,337861392
1786472574307488500,338885596
1786472575352667000,339931648
1786472576378026500,340952251
1786472577402693000,341981942
1786472578427778000,343001515
1786472579455348500,344022021
1786472580468109500,345051209
1786472581492151500,346071494
1786472582522817000,347102126
1786472583557860000,348131472
1786472584588138500,349162451
1786472585623599000,350191630
1786472586678933500,351232313
1786472587737637000,352312948
1786472588774450500,353352856
1786472589792992000,354371874
1786472590807124500,355381698
1786472591828181000,356402388
1786472592892010500,357467287
1786472593912305500,358481575
1786472594949676000,359511483
1786472595967326500,360541742
1786472596983123000,361571649
1786472597982063500,362561739
1786472598986938500,363551878
1786472600002738000,364591685
1786472601037236500,365573117
1786472602078517000,366661588
1786472603090605500,367672080
1786472604085399000,368661810
1786472605120055000,369693510
1786472606144416500,370722255
1786472607179053000,371751582
1786472608213055500,372783367
1786472609243353500,373821893
1786472610272673500,374842116
1786472611298151500,375872843
1786472612323045000,376901299
1786472614033822000,378595821
1786472615267802000,379844119
1786472616303618000,380876032
1786472617366778000,381976689
1786472618417901500,382992524
1786472619442424500,384023137
1786472620448843500,385023834
1786472621481849000,386051767
1786472622507446500,387084395
1786472623527333500,388091970
1786472624572522500,389161310
1786472625608163500,390191512
1786472626617529500,391192034
1786472627667287000,392241829
1786472628694531500,393271370
1786472629717941500,394294698
1786472630753674500,395324192
1786472631862954500,396444345
1786472632911384000,397484093
1786472633947087500,398522345
1786472634956767000,399534994
1786472635968702000,400541348
1786472636997883500,401571569
1786472638022062500,402592255
1786472639072112000,403640657
1786472640103472500,404672597
1786472641127508500,405701323
1786472642151216500,406722720
1786472643156669000,407731418
1786472644167264000,408741754
1786472645177283000,409751207
1786472646227136500,410791101
1786472647262205000,411841781
1786472648317785000,412892863
1786472649327891000,413912094
1786472650341747500,414921541
1786472651342179000,415911874
1786472652376771500,416952443
1786472653452815000,418031840
1786472654467609500,419042202
1786472655492940000,420081437
1786472656507840000,421091260
1786472657511548500,422082149
1786472658516521500,423092256
1786472659511858500,424091480
1786472660582595000,425161586
1786472661593390500,426171268
1786472662616807500,427193764
1786472663631691000,428204334
1786472664643118500,429211468
1786472665657757000,430231051
1786472666668363500,431243162
1786472667712655500,432292505
1786472668742365500,433312725
1786472669762695000,434341300
1786472670796912000,435382272
1786472671812107500,436371847
1786472672837295000,437401358
1786472673831735000,438401237
1786472674917873000,439493664
1786472675957678000,440532941
1786472676987779500,441553520
1786472678029021000,442602618
1786472679058103500,443632260
1786472680082204000,444651872
1786472681071798000,445641631
1786472682141841500,446711771
1786472683162053500,447742137
1786472684181730500,448752578
1786472685192351000,449781597
1786472686197231000,450773570
1786472687223168000,451791455
1786472688231161500,452802035
1786472689280061500,453861613
1786472690296792000,454871846
1786472691337529000,455914224
1786472692378040500,456951050
1786472693406836500,457991364
1786472694416746500,458991929
1786472695462465500,460041274
1786472696507628500,461081494
1786472697546933500,462121369
1786472698572598500,463151827
1786472699566740000,464143269
1786472700561878000,465132364
1786472701567130500,466141967
1786472702596644000,467162317
1786472703647034000,468221332
1786472704681571000,469251548
1786472705712358500,470272049
1786472706744293500,471312174
1786472707785501000,472360840
1786472708829458000,473403008
1786472709869405000,474434012
1786472710918122500,475492362
1786472711957435500,476530646
1786472712983791000,477562001
1786472714014944000,478592372
1786472715037706500,479621418
1786472716047563000,480622142
1786472717072394000,481641441
1786472718136725500,482713086
1786472719162032500,483731047
1786472720187395500,484762194
1786472721203396000,485782241
1786472722223582000,486804889
1786472723248344500,487823669
1786472724303400000,488851867
1786472725357786000,489933528
1786472726403135000,490982294
1786472727437897500,492011398
1786472728464354000,493031381
1786472729466503000,494031253
1786472730486265500,495060998
1786472731532433000,496091305
1786472732597153000,497171378
1786472733623368500,498203342
1786472734638544000,499211610
1786472735661589500,500241156
1786472736687793500,501260724
1786472737716798000,502291138
1786472738763187500,503331271
1786472739811931000,504389166
1786472740827202500,505401716
1786472741857027000,506430950
1786472742886563000,507461952
1786472743896811500,508473116
1786472744933397500,509512973
1786472746004230000,510551449
1786472747041559500,511621249
1786472748071699000,512641420
1786472749106582500,513681534
1786472750103233500,514681262
1786472751086438000,515661143
1786472752097460000,516673333
1786472753151352500,517680965
1786472754213791500,518793052
1786472755247175000,519821764
1786472756251186500,520820896
1786472757292516500,521872331
1786472758306430500,522891426
1786472759316861500,523901074
1786472760359001000,524971280
1786472761426340000,526001164
1786472762451739000,527041229
1786472763450974500,528021183
1786472764462580000,529041524
1786472765506211500,530071948
1786472766551191000,531121041
1786472767612263500,532201170
1786472768626407500,533210965
1786472769616251000,534201118
1786472770600424500,535181973
1786472771606210500,536181254
1786472772626035000,537192114
1786472773667278500,538242086
1786472774711878000,539321164
1786472775762554000,540341326
1786472776796493000,541361217
1786472777801940000,542371127
1786472778791454500,543370932
1786472779812194500,544391451
1786472780822295000,545400853
1786472781892414500,546502310
1786472782945817000,547511399
1786472783973375000,548550964
1786472784991661500,549581148
1786472786006598500,550581382
1786472787011637000,551590984
1786472788017368000,552591855
1786472789036693500,553651102
1786472790076788000,554661051
1786472791106855000,555681243
1786472792116240500,556692012
1786472793122490000,557700668
1786472794136603500,558713295
1786472795158975000,559741179
1786472796196300000,560800999
1786472797230874000,561791138
1786472798230907500,562801506
1786472799256394000,563832178
1786472800251204500,564831192
1786472801247035000,565821781
1786472802276554000,566851999
1786472803300562500,567880492
1786472804321228000,568890796
1786472805326486500,569911206
1786472806320847000,570900894
1786472807311925000,571890788
1786472808306328000,572881163
1786472809351148000,573912686
1786472810406819000,575018928
1786472811466375500,576041820
1786472812476137500,577061930
1786472813461346000,578030888
1786472814477228000,579041472
1786472815506032500,580071141
1786472816511674000,581100926
1786472817516557000,582070795
1786472818623100000,583242774
1786472819677201000,584240807
1786472820691112000,585261784
1786472821710860000,586290566
1786472822721039500,587300444
1786472823726227500,588301333
1786472824761059500,589370988
1786472825777204500,590359940
1786472826798109000,591375248
1786472827802013500,592381395
1786472828780674500,593360978
1786472829760840000,594340962
1786472830771022000,595340554
1786472831802358000,596360727
1786472832826531500,597412029
1786472833816045500,598390746
1786472834823725500,599392876
1786472835874532500,600441239
1786472836891661500,601471115
1786472837911776000,602482264
1786472838956998500,603521660
1786472840007056500,604581424
1786472841053232000,605637440
1786472842087777500,606661322
1786472843103264500,607681284
1786472844132568500,608710760
1786472845161097500,609730650
1786472846177910000,610776745
1786472847191838500,611760939
1786472848205815000,612771755
1786472849216581000,613791012
1786472850235648000,614811014
1786472851233932000,615820516
1786472852332225000,616830685
1786472853710202000,618083632
1786472855411037000,619991435
1786472856430876500,621001228
1786472857472316000,622050566
1786472858502135000,623080104
1786472859526137000,624100933
1786472860557372500,625150799
1786472861598120000,626170799
1786472862622550500,627190739
1786472863646987500,628231103
1786472864625858500,629210702
1786472865593380000,630172323
1786472866590913000,631160837
1786472867646683500,632252039
1786472868707999500,633281077
1786472869721853500,634290778
1786472870747672000,635321553
1786472871743122000,636330462
1786472872731454000,637310950
1786472873741976500,638321242
1786472874781244000,639377836
1786472875829345500,640402291
1786472876847261500,641421535
1786472877883675500,642462957
1786472878900877500,643471364
1786472879932881500,644501746
1786472880916405500,645490792
1786472881932533000,646526038
1786472882950780000,647521298
1786472883957023500,648520748
1786472884945548000,649534184
1786472885951239500,650530879
1786472886951041000,651530854
1786472887973203000,652542145
1786472889048756500,653597218
1786472890095962000,654671027
1786472891116605500,655691239
1786472892135487000,656721646
1786472893112062000,657691036
1786472894118840500,658692194
1786472895171896000,659760724
1786472896236473500,660826215
1786472897266469500,661840977
1786472898306147000,662882473
1786472899326292500,663901974
1786472900347372500,664930818
1786472901361050000,665941028
1786472902361676500,666931781
1786472903391266500,667976652
1786472904403377000,668971358
1786472905440303500,670020714
1786472906450736000,671011133
1786472907522682500,672091570
1786472908550962500,673130250
1786472909576716500,674152232
1786472910697063000,675263506
1786472911737354500,676310862
1786472912776567000,677351032
1786472913801508500,678381143
1786472914826251500,679400382
1786472915866254500,680430653
1786472916936792000,681547288
1786472918017043500,682590600
1786472919037309500,683621581
1786472920066793500,684630533
1786472921086306500,685660544
1786472922116034000,686690754
1786472923151673000,687721582
1786472924191647000,688762851
1786472925246506500,689821298
1786472926266177000,690842277
1786472927265899000,691840796
1786472928296661000,692870889
1786472929331228000,693900817
1786472930365741500,694941344
1786472931366051500,695940135
1786472932395768500,696970955
1786472933425640000,697991633
1786472934435877000,699020665
1786472935451183000,700030967
1786472936456383000,701030828
1786472937495560500,702061054
1786472938546096000,703120439
1786472939595994500,704190793
1786472940611706000,705182266
1786472941646753000,706230908
1786472942679315500,707240762
1786472943680617000,708250163
1786472944655803000,709240547
1786472945676090500,710251235
1786472946768398000,711336929
1786472948311000500,712918962
1786472949761309500,714340247
1786472950796014500,715360183
1786472951803262000,716380776
1786472952850592500,717390553
1786472953895757000,718470496
1786472954925816000,719501154
1786472955950691500,720520589
1786472956974616000,721550436
1786472957975563000,722550231
1786472958965500000,723540815
1786472959941620500,724509947
1786472960981322000,725560475
1786472961995925500,726570426
1786472963021594000,727600346
1786472964053066500,728632534
1786472965051024000,729630750
1786472966055518000,730630912
1786472967062859500,731643111
1786472968161392000,732741196
1786472969187031500,733771589
1786472970263461500,734841120
1786472971291526000,735871180
1786472972279234500,736850816
1786472973297555000,737870957
1786472974325705500,738913048
1786472975337048500,739900562
1786472976340281500,740910961
1786472977376740500,741953458
1786472978431658500,743001810
1786472979445429000,744024751
1786472980467087500,745040924
1786472981491637000,746080999
1786472982505644000,747080424
1786472983518585500,748090975
1786472984536718500,749110586
1786472985576576000,750142723
1786472986940450000,751512298
1786472987967005500,752541897
1786472989024235000,753582138
1786472990076788000,754651539
1786472991112101000,755681296
1786472992157021000,756731707
1786472993186913500,757763382
1786472994217262500,758791936
1786472995246419500,759822011
1786472996300769500,760850509
1786472997355305500,761921256
1786472998391232000,762961184
1786472999390199000,763970578
1786473000396489500,764972090
1786473001386422000,765970090
1786473002385387000,766970364
1786473003413544500,767971774
1786473004476926500,769050992
1786473005515983500,770090596
1786473006531228500,771110124
1786473007515468500,772080992
1786473008516902500,773090554
1786473009541258000,774123217
1786473010556407000,775120471
1786473011582637500,776160550
1786473012575860500,777141575
1786473013617360000,778191498
1786473014646194000,779221189
1786473015681993000,780251369
1786473016737076500,781311083
1786473017787440000,782381608
1786473018805229000,783379722
1786473019800610500,784380203
1786473020787498500,785370370
1786473021786031000,786360795
1786473022795697500,787371018
1786473023796802000,788370230
1786473024806717000,789380027
1786473025851929500,790420510
1786473026875857000,791441050
1786473027895658000,792460605
1786473028935701500,793501633
1786473029970469000,794550267
1786473030980455000,795552134
1786473032220657500,796570291
1786473033455434500,798040467
1786473034481434000,799067161
1786473035495900000,800081355
1786473036516266500,801091516
1786473037535600500,802112268
1786473038565436500,803131028
1786473039666376000,804231519
1786473040689939000,805265306
1786473041705067500,806270860
1786473042725360500,807300134
1786473043745552500,808320411
1786473044755342000,809330348
1786473045948700000,810430230
1786473047344013000,811900362
1786473048840180000,813430336
1786473050170248000,814700481
1786473051511138500,816071953
1786473052799502000,817371102
1786473054871572000,819342099
1786473056020773500,820600370
1786473057040597500,821620860
1786473058061592500,822630003
1786473059096607500,823671891
1786473060116772000,824690409
1786473061156561000,825740804
1786473062185322000,826761884
1786473063216599000,827790938
1786473064235487500,828810358
1786473065271032000,829842113
1786473066312506500,830870427
1786473067358599500,831938006
1786473068406470500,832980426
1786473069441789500,834030428
1786473070470435500,835050250
1786473071500960500,836070027
1786473072495840000,837071388
1786473073501075000,838080808
1786473074532224000,839110124
1786473075529900500,840110525
1786473076564321000,841130647
1786473077585454500,842160859
1786473078580335000,843151825
1786473079605210000,844180117
1786473080596606500,845170628
1786473081622898000,846201082
1786473082646012500,847222346
1786473083646070500,848220769
1786473084687180500,849262500
1786473085741661000,850311014
1786473086793307000,851371284
1786473087805956500,852400008
1786473088810702000,853389970
1786473089825510500,854401426
1786473090825372500,855400716
1786473091870199500,856440535
1786473092929366500,857513868
1786473094005472500,858580661
1786473095025514500,859600513
1786473096045153500,860630126
1786473097090854500,861669870
1786473098091228500,862660400
1786473099117011500,863690477
1786473100111317500,864690189
1786473101125737500,865712503
1786473102172462500,866743313
1786473103249924500,867791404
1786473104306410000,868890461
1786473105326166000,869906409
1786473106348327000,870921450
1786473107385455000,871961912
1786473108407460000,872985376
1786473109432611500,874012789
1786473110527784000,875061466
1786473111604933500,876172602
1786473112652583000,877221421
1786473113697578000,878270738
1786473114720396500,879301193
1786473115745313500,880320380
1786473116758601000,881330514
1786473117800097500,882360364
1786473118830352500,883410941
1786473119850199500,884430035
1786473120840900000,885421706
1786473121876307500,886444046
1786473122910944000,887491866
1786473123945883000,888520293
1786473125004883000,889541362
1786473126035134000,890610139
1786473127080237000,891650224
1786473128125220500,892700984
1786473129126260000,893699983
1786473130116597500,894700241
1786473131136115000,895711016
1786473132210300000,896813149
1786473133279899000,897850362
1786473134300247000,898880344
1786473135285651000,899870233
1786473136294757500,900870307
1786473137293717000,901860293
1786473138309937500,902879582
1786473139324929000,903933896
1786473140335084500,904910316
1786473141341369000,905921325
1786473142332184500,906900700
1786473143335469500,907911545
1786473144360373000,908939787
1786473145362268500,909950051
1786473146383016000,910930715
1786473147426014500,912000142
1786473148420345000,912990751
1786473149410366500,913990668
1786473150419737500,914990178
1786473151415136000,915990707
1786473152390453000,916970074
1786473153400656000,917960274
1786473154426993500,919000522
1786473155451185000,920020580
1786473156490316500,921060869
1786473157505851000,922080564
1786473158535563000,923120435
1786473159551207500,924120500
1786473160600446000,925160080
1786473161655891500,926229775
1786473162683126000,927259495
1786473163690733500,928271041
1786473164700376500,929289884
1786473165770794500,930350434
1786473166781265500,931361347
1786473167792304500,932380059
1786473168786443000,933370050
1786473169815108500,934389843
1786473170825561000,935400452
1786473171805330000,936389652
1786473172804867500,937389492
1786473173813600000,938390291
1786473174824537000,939369873
1786473175864838500,940441259
1786473176880194000,941450005
1786473177864318500,942450301
1786473178855236000,943429998
1786473179845184000,944430391
1786473180871148500,945450466
1786473181931292000,946471724
1786473182970649000,947549893
1786473183990197500,948571982
1786473185009740000,949579691
1786473186031774500,950609670
1786473187055737000,951630070
1786473188090175000,952670631
1786473189144791000,953689577
1786473190194658000,954770639
1786473191210727500,955790895
1786473192220639000,956801163
1786473193215055500,957780230
1786473194224973000,958799805
1786473195234499500,959809670
1786473196254799000,960820584
1786473197304455000,961880041
1786473198280101500,962879991
1786473199239681000,963819467
1786473200234408500,964800481
1786473201234697500,965810447
1786473202217246500,966800175
1786473203195382000,967779968
1786473204199423000,968780814
1786473205194648000,969781081
1786473206205753500,970781043
1786473207204929500,971779605
1786473208209776000,972799706
1786473209209912000,973790429
1786473210210231500,974780335
1786473211244586000,975829344
1786473212249916000,976830012
1786473213285074000,977860017
1786473214317752000,978890844
1786473215355405500,979931440
1786473216361038500,980949901
1786473217364887500,981939395
1786473218440485000,982999802
1786473219654704000,984270709
1786473220824356500,985402995
1786473221825654000,986409103
1786473222855698000,987433581
1786473223877128000,988465772
1786473224923756000,989483977
1786473225955105500,990541757
1786473226939600000,991510572
1786473227954347500,992540388
1786473228954819500,993540309
1786473229954425500,994530468
1786473230944432500,995519437
1786473231994832000,996551148
1786473233024732500,997610629
1786473234004220000,998589367
1786473234960029000,999549725
1786473235965753500,1000540667
1786473236985643000,1001561670
1786473238000845500,1002579313
1786473239004491500,1003589443
1786473239989995000,1004569476
1786473240989337000,1005560036
1786473241990535500,1006561949
1786473243000138500,1007580357
1786473244014369500,1008599885
1786473245029833000,1009603539
1786473246049819500,1010619612
1786473247045038000,1011629929
1786473248060096000,1012629886
1786473249080308000,1013650183
1786473250080203500,1014670500
1786473251085386000,1015660541
1786473252120716000,1016700853
1786473253124569500,1017699838
1786473254186341500,1018760889
1786473255243558000,1019780682
1786473256391394000,1020960034
1786473257424898500,1022001453
1786473258454564000,1023042906
1786473259485299000,1024060031
1786473260505342000,1025090107
1786473261554646000,1026130893
1786473262555880500,1027139587
1786473263559349000,1028139853
1786473264549354500,1029139910
1786473265524618500,1030110020
1786473266508346000,1031079286
1786473267494262000,1032069899
1786473268520143000,1033099743
1786473269514693500,1034089934
1786473270524454500,1035090432
1786473271559772000,1036140232
1786473272600039000,1037170600
1786473273614603000,1038179713
1786473274608507000,1039179239
1786473275634701500,1040219647
1786473276649770000,1041229670
1786473277680558000,1042250591
1786473278709359000,1043280104
1786473279730414500,1044309883
1786473280759820500,1045340614
1786473281799704500,1046370110
1786473282846179000,1047421395
1786473283864932000,1048439925
1786473284890024000,1049459664
1786473285920675000,1050500466
1786473286945261000,1051520099
1786473287985087000,1052559910
1786473288999047500,1053569612
1786473290037516500,1054610611
1786473291059741000,1055640952
1786473292085395500,1056660286
1786473293094394000,1057679278
1786473294069354500,1058649449
1786473295079797500,1059659724
1786473296063844000,1060649567
1786473297069702500,1061640205
1786473298074811500,1062649210
1786473299099899500,1063679403
1786473300114837500,1064679794
1786473301130840000,1065709754
1786473302094335500,1066679597
1786473303070316000,1067659301
1786473304104029000,1068699555
1786473305058801000,1069639616
1786473306054944000,1070639807
1786473307079935500,1071659196
1786473308100316500,1072670866
1786473309124861500,1073701610
1786473310165560500,1074740015
1786473311209587500,1075783569
1786473312204235500,1076789634
1786473313209385000,1077789392
1786473314234788000,1078810446
1786473315213839000,1079799566
1786473316172673500,1080749242
1786473317154109500,1081739094
1786473318170052000,1082785851
1786473319635751000,1084217142
1786473320669971000,1085250383
1786473321714755500,1086289892
1786473322704068000,1087279482
1786473323725028000,1088300454
1786473324755072500,1089339866
1786473325775744000,1090350193
1786473326815373500,1091390486
1786473327862877500,1092441119
1786473328906518000,1093480598
1786473329924090500,1094509350
1786473330930523500,1095509989
1786473331934349000,1096508955
1786473332955476000,1097531011
1786473333985325000,1098559903
1786473334995497500,1099570076
1786473336004936000,1100579458
1786473337035440500,1101612231
1786473338059942000,1102639687
1786473339045031000,1103619772
1786473340069471500,1104639927
1786473341101037000,1105679812
1786473342127424500,1106701932
1786473343636586500,1108209567
1786473344669199000,1109240740
1786473345694399500,1110269524
1786473346694365500,1111269447
1786473347719329500,1112300387
1786473348719545000,1113311512
1786473349735877500,1114324139
1786473350725062500,1115309450
1786473351714188000,1116289032
1786473352719484500,1117289461
1786473353724104500,1118299917
1786473354719845500,1119299823
1786473355744193000,1120320379
1786473356809491500,1121389451
1786473357834101000,1122410124
1786473358839466500,1123420181
1786473359854590500,1124430396
1786473360855766500,1125439681
1786473361839196500,1126399260
1786473362834601500,1127419594
1786473363869186000,1128449475
1786473364895067500,1129470617
1786473365918831500,1130509621
1786473366954602500,1131540386
1786473367962165500,1132530672
1786473368990115500,1133569246
1786473370014635000,1134599194
1786473371079515000,1135659257
1786473372099356500,1136680210
1786473373093726500,1137659415
1786473374089428000,1138659627
1786473375108912000,1139691721
1786473376100455500,1140669260
1786473377114682500,1141689652
1786473378198048500,1142770247
1786473379209015000,1143789978
1786473380214706000,1144800098
1786473381258969500,1145829251
1786473382279643500,1146859135
1786473383279939000,1147849347
1786473384274292000,1148849625
1786473385324818500,1149899989
1786473386334210500,1150909311
1786473387379075500,1151959208
1786473388374159500,1152959378
1786473389364334000,1153940932
1786473390405100500,1154979459
1786473391434967500,1156009922
1786473392539222000,1157100611
1786473393559109000,1158139619
1786473394564407000,1159150003
1786473395590033000,1160169171
1786473396609345500,1161199444
1786473397620368500,1162199145
1786473398634854000,1163210933
1786473399712437000,1164280346
1786473400735173000,1165299646
1786473401773926000,1166349476
1786473402867228500,1167399467
1786473403919680000,1168499263
1786473404924613000,1169509279
1786473405909093000,1170479248
1786473407040126000,1171610505
1786473408058755500,1172629901
1786473409065146500,1173639442
1786473410076194500,1174649535
1786473411117585500,1175694878
1786473412156901500,1176729621
1786473413164863500,1177739889
1786473414180004500,1178759235
1786473415189953500,1179771470
1786473416190529000,1180759569
1786473417213955500,1181791004
1786473418223837500,1182809454
1786473419234176500,1183809687
1786473420259607500,1184840217
1786473421286364000,1185859724
1786473422309589000,1186879553
1786473423319734500,1187899411
1786473424333823000,1188910828
1786473425326211500,1189889139
1786473426336992500,1190918784
1786473427319494000,1191888941
1786473428370406500,1192949489
1786473429365498000,1193939726
1786473430364387000,1194939378
1786473431379402500,1195959392
1786473432454150500,1197036066
1786473433484633000,1198059531
1786473434518943000,1199049278
1786473435595904000,1200170729
1786473436613665500,1201189266
1786473437609057500,1202189497
1786473438613861000,1203199190
1786473439613959500,1204191952
1786473440624334000,1205199346
1786473441613885000,1206199174
1786473442674308500,1207259399
1786473443689341500,1208279694
1786473444704100000,1209280077
1786473445705037000,1210289026
1786473446714334000,1211289775
1786473447734886000,1212309522
1786473448754161500,1213330059
1786473449818737500,1214389194
1786473450803762000,1215379480
1786473451809495000,1216378885
1786473452848026000,1217422349
1786473453847552500,1218419535
1786473455132839500,1219671181
1786473456519149500,1221019190
1786473457904015500,1222450395
1786473459105782000,1223670261
1786473460158377000,1224720067
1786473461133619500,1225709571
1786473462151794500,1226729448
1786473463164429000,1227739620
1786473464186049500,1228769533
1786473465199116500,1229779683
1786473466209730000,1230779624
1786473467218876500,1231799064
1786473468213933000,1232788977
1786473469229408000,1233809348
1786473470245999000,1234819381
1786473471314604000,1235889804
1786473472329083000,1236911627
1786473473339510500,1237931393
1786473474333511500,1238909579
1786473475374342500,1239939454
1786473476393350500,1240969024
1786473477424839500,1242002636
1786473478519519500,1243098935
1786473479534548500,1244120082
1786473480549301500,1245119379
1786473481574783000,1246139325
1786473482583436000,1247158910
1786473483574225500,1248148747
1786473484568687500,1249141323
1786473485633652500,1250208975
1786473486614576500,1251188803
1786473487634449000,1252211728
1786473488634008500,1253218699
1786473489643742000,1254219467
1786473490653405500,1255229232
1786473491649204000,1256209570
1786473492743994000,1257329130
1786473493765083500,1258349301
1786473494763016500,1259338394
1786473495789230500,1260369525
1786473496819125500,1261391748
1786473497829939000,1262409745
1786473498843593000,1263419136
1786473499873681500,1264468844
1786473500853339500,1265439017
1786473501808454000,1266382300
1786473502819177000,1267390374
1786473503854133000,1268429338
1786473504869700500,1269449680
1786473505899238000,1270479169
1786473506959063000,1271542928
1786473507983517500,1272559236
1786473508973267000,1273549118
1786473509979219500,1274549139
1786473510993600500,1275568649
1786473511968859000,1276541662
1786473512983674000,1277562781
1786473514043766500,1278619802
1786473515053837000,1279628580
1786473516048321500,1280629007
1786473517053666000,1281648614
1786473518018774500,1282599451
1786473519013484000,1283590466
1786473520013230500,1284598714
1786473521040321500,1285658668
1786473522053348500,1286629222
1786473523049633500,1287629244
1786473524055052000,1288630623
1786473525079474000,1289649395
1786473526089431500,1290669513
1786473527120445500,1291699662
1786473528148878000,1292749298
1786473529179315500,1293749788
1786473530218470000,1294790119
1786473531238944000,1295819319
1786473532219446500,1296799006
1786473533243900500,1297821850
1786473534263833500,1298839502
1786473535299533500,1299900293
1786473536313934500,1300889246
1786473537308433000,1301869264
1786473538324029500,1302899328
1786473539343559000,1303929036
1786473540347858000,1304919137
1786473541308405500,1305899032
1786473542308811500,1306870329
1786473543359784000,1307920434
1786473544415028500,1308988950
1786473545441899000,1310009099
1786473546483360500,1311059029
1786473547489949500,1312069208
1786473548499522000,1313069995
1786473549533668000,1314124649
1786473550568757500,1315142824
1786473551593987500,1316170455
1786473552620475500,1317201216
1786473553639468000,1318219095
1786473554664102000,1319240441
1786473555698340000,1320269720
1786473556740515500,1321349812
1786473557769078500,1322359074
1786473558769268500,1323348559
1786473559768677000,1324348948
1786473560813288000,1325379395
1786473561839686500,1326419429
1786473563653589500,1328059100
1786473565416770500,1329989008
1786473566443715500,1331019433
1786473567448312000,1332019015
1786473568438338000,1333018638
1786473569423544000,1334008883
1786473570419393000,1334998801
1786473571448519500,1336029043
1786473572489001000,1337070510
1786473573504363500,1338088821
1786473574534329000,1339109488
1786473575538808000,1340123740
1786473576558969000,1341140843
1786473577538640000,1342118343
1786473578583162000,1343169288
1786473579568674000,1344138778
1786473580573445000,1345148702
1786473581552963500,1346128380
1786473582548896500,1347119028
1786473583537901500,1348117857
1786473584518082000,1349098807
1786473585528184000,1350099493
1786473586543985500,1351118933
1786473587556945000,1352129372
1786473588583723000,1353159253
1786473589598944500,1354169173
1786473590609910500,1355189265
1786473591633876500,1356210546
1786473592673296000,1357268395
1786473593679070000,1358258993
1786473594679162000,1359258914
1786473595688927500,1360269195
1786473596698389000,1361279161
1786473597693019000,1362268595
1786473598675547000,1363249277
1786473599741545000,1364329681
1786473600738401000,1365318497
1786473601751679000,1366318810
1786473602723255500,1367309008
1786473603722937500,1368298594
1786473604703791500,1369269197
1786473605723288500,1370299045
1786473606792830500,1371399365
1786473607832857500,1372388557
1786473608838191500,1373409887
1786473609828328000,1374399145
1786473610848602000,1375429019
1786473611855199000,1376438987
1786473612853154500,1377428848
1786473613873191500,1378475381
1786473614928665000,1379509086
1786473615948380000,1380529054
1786473616938810000,1381518943
1786473617933878500,1382509021
1786473618923194500,1383498637
1786473619913212500,1384488686
1786473620933320000,1385478767
1786473621959174500,1386538436
1786473622983562000,1387569341
1786473623983294500,1388568804
1786473624983238500,1389569020
1786473625968221000,1390538872
1786473626963832500,1391549027
1786473627984168500,1392538170
1786473628991231500,1393568694
1786473630008021500,1394588704
1786473631008230000,1395588427
1786473631999209500,1396578814
1786473633003691500,1397579165
1786473634019037000,1398598570
1786473635063549000,1399618001
1786473636072990500,1400659836
1786473637073306500,1401648798
1786473638088554000,1402658995
1786473639078527000,1403658865
1786473640088684500,1404672714
1786473641083265000,1405678573
1786473642078200500,1406649070
1786473643128472500,1407698315
1786473644178956000,1408749075
1786473645193862500,1409779074
1786473646204736000,1410779123
1786473647235287500,1411808797
1786473648266697000,1412838852
1786473649315608500,1413859614
1786473650358952500,1414942527
1786473651399687000,1415980292
1786473652454261500,1417036837
1786473653473123500,1418048341
1786473654493638500,1419068881
1786473655519140500,1420099156
1786473656554664000,1421118798
1786473657583382500,1422177466
1786473658588663000,1423168851
1786473659609490500,1424189400
1786473660612885500,1425189129
1786473661623532500,1426199010
1786473662655381500,1427211878
1786473663709301500,1428278818
1786473664740701500,1429318494
1786473665798269000,1430379666
1786473666813227500,1431388438
1786473667808064500,1432396003
1786473668798545500,1433379084
1786473669798293000,1434371154
1786473670783515000,1435358711
1786473671797895000,1436378453
1786473672808271500,1437388223
1786473673803154000,1438378489
1786473674777802000,1439368215
1786473675788998500,1440368852
1786473676833130500,1441408731
1786473677900185000,1442438777
1786473678948411000,1443528462
1786473679958264500,1444539073
1786473680963210000,1445538574
1786473681968689500,1446538917
1786473682990259000,1447568642
1786473683967728000,1448538743
1786473684953287500,1449539091
1786473686023328500,1450598848
1786473687043260500,1451618869
1786473688038575000,1452618645
1786473689007788500,1453588145
1786473689992985500,1454578176
1786473691008716000,1455598836
1786473692013907500,1456589046
1786473693023252500,1457599432
1786473694013004500,1458588624
1786473695014845500,1459589146
1786473696023593500,1460599503
1786473697023929500,1461599413
1786473698043752000,1462618097
1786473699088807500,1463668650
1786473700148380500,1464718213
1786473701163093000,1465728532
1786473702198576500,1466769549
1786473703231984000,1467818696
1786473704236828000,1468798619
1786473705374210000,1469920828
1786473706526792500,1471088940
1786473707594587500,1472159871
1786473708696150500,1473264027
1786473709874449000,1474445236
1786473711024540500,1475576556
1786473712181902500,1476732089
1786473713433458000,1478006494
1786473714814230500,1479380665
1786473715903657000,1480478717
1786473716908586500,1481498268
1786473717908263500,1482488676
1786473718908415000,1483482666
1786473719919586000,1484501202
1786473720973723500,1485528742
1786473722096957000,1486660297
1786473723297420000,1487875510
1786473725317343500,1489810265
1786473727239153000,1491808159
1786473728286502500,1492880041
1786473729308169000,1493898463
1786473730318675000,1494888987
1786473731333344000,1495918191
1786473732342799000,1496918776
1786473733343141500,1497919178
1786473734334543000,1498908910
1786473735362042500,1499918228
1786473736377965000,1500958686
1786473737377946000,1501958481
1786473738413231500,1502989498
1786473739433389500,1504008457
1786473740443064000,1505018960
1786473741463023500,1506038671
1786473742518173500,1507058591
1786473743578599000,1508148816
1786473744639579000,1509228850
1786473745642337000,1510228501
1786473746638014500,1511208350
1786473747653013000,1512228761
1786473748673852000,1513249298
1786473749718336500,1514328294
1786473750776322500,1515348837
1786473751788642500,1516370565
1786473752802957500,1517380126
1786473753822883000,1518389708
1786473754845854500,1519418525
1786473755878686000,1520449310
1786473756913866000,1521528506
1786473757966363500,1522540201
1786473758963321000,1523548109
1786473759988532000,1524559107
1786473761003538000,1525588178
1786473762022855500,1526598190
1786473763009024000,1527578212
1786473764034400000,1528631574
1786473765058276500,1529638243
1786473766090369000,1530649333
1786473767440092000,1531971050
1786473768513302000,1533125439
1786473769693114500,1534268698
1786473770716412500,1535288459
1786473771749027000,1536318341
1786473772784292500,1537358146
1786473773783279500,1538368357
1786473774820191500,1539388839
1786473775839358000,1540418568
1786473776854315000,1541428580
1786473777858266500,1542434608
1786473778873226500,1543438966
1786473779928269500,1544500522
1786473780954787500,1545530551
1786473781974760500,1546549295
1786473782973507000,1547548289
1786473783988714000,1548568201
1786473785004081000,1549578248
1786473786053479500,1550618521
1786473787096292500,1551658163
1786473788112632000,1552689169
1786473789118286500,1553697846
1786473790138070500,1554708243
1786473791152583500,1555728344
1786473792167865500,1556738949
1786473793163467500,1557748333
1786473794173011500,1558748303
1786473795196966000,1559769898
1786473796218294000,1560798595
1786473797248982500,1561828276
1786473798288276000,1562858494
1786473799325095500,1563899006
1786473800368400000,1564938793
1786473801407867500,1565977802
1786473802424727500,1567007945
1786473803433900500,1568018484
1786473804453580500,1569028717
1786473805482289000,1570049133
1786473806513107000,1571088519
1786473807607621000,1572178362
1786473808622985500,1573198228
1786473809647538500,1574219239
1786473810642992000,1575208371
1786473811673737500,1576248611
1786473812723487500,1577296366
1786473813797576500,1578358383
1786473814842979500,1579448427
1786473815893067000,1580479297
1786473816958475000,1581528332
1786473817994162000,1582569097
1786473819024453500,1583599826
1786473820068660000,1584638516
1786473821109647500,1585678248
1786473822123198500,1586698656
1786473823154382500,1587728449
1786473824168748000,1588748215
1786473825178075000,1589758718
1786473826213651500,1590788544
1786473827243299000,1591820069
1786473828307770500,1592851317
1786473829368261500,1593948709
1786473830387817000,1594958461
1786473831443360500,1596018158
1786473832484688000,1597058819
1786473833503070500,1598078368
1786473834523254500,1599098353
1786473835553545000,1600154984
1786473836583373500,1601147982
1786473837587729500,1602158636
1786473838613103000,1603188990
1786473839623281500,1604198262
1786473840632770000,1605218319
1786473841632877000,1606208183
1786473842677494000,1607218184
1786473843703455500,1608288484
1786473844725131000,1609299179
1786473846199680500,1610668893
1786473848177669500,1612859068
1786473849546135000,1614097989
1786473850577605000,1615168780
1786473851595427000,1616168407
1786473852617748000,1617198413
1786473853652546000,1618237960
1786473854657558000,1619238099
1786473855667437000,1620238131
1786473856696476000,1621250392
1786473857687553000,1622258355
1786473858687352500,1623267922
1786473859677557500,1624258226
1786473860682100000,1625248245
1786473861697464000,1626267831
1786473862692247500,1627257691
1786473863689102000,1628268516
1786473864698954500,1629277955
1786473865682737500,1630270876
1786473866698016500,1631289080
1786473867688283500,1632268127
1786473868682901500,1633268350
1786473869707400000,1634297809
1786473870717719500,1635308122
1786473871782571500,1636358070
1786473872797366000,1637387824
1786473873787549000,1638368048
1786473874777807000,1639368524
1786473875767213500,1640348280
1786473876785773500,1641367975
1786473877822462000,1642388377
1786473878877874500,1643458505
1786473879900761000,1644468084
1786473880927805500,1645507947
1786473881958687500,1646528424
1786473882957659500,1647538107
1786473884010780000,1648562337
1786473885012897000,1649588354
1786473886047316000,1650628251
1786473887028558000,1651607848
1786473888027574500,1652608469
1786473889037807000,1653618116
1786473890017581500,1654607875
1786473891003415000,1655577797
1786473892023672500,1656597743
1786473893129388000,1657698170
1786473894142440500,1658708068
1786473895137270500,1659708218
1786473896128845000,1660728257
1786473897135328000,1661708071
1786473898147209000,1662728040
1786473899127019000,1663717556
1786473900167177000,1664748185
1786473901189126000,1665768192
1786473902202137500,1666777762
1786473903221332000,1667808076
1786473904231697500,1668807829
1786473905212614500,1669798146
1786473906201822500,1670788068
1786473907233102500,1671808558
1786473908238261000,1672818067
1786473909262930500,1673847739
1786473910276970000,1674848207
1786473911322813000,1675887780
1786473912352756000,1676937831
1786473913393185500,1677958341
1786473914480197500,1679059275
1786473915500063500,1680068539
1786473916522843500,1681098387
1786473917543117500,1682128615
1786473918548786000,1683137816
1786473919553179500,1684129016
1786473920573915500,1685149964
1786473921618112500,1686188391
1786473922628420500,1687218122
1786473923627094000,1688207639
1786473924614187500,1689197859
1786473925633711000,1690208061
1786473926681060000,1691248967
1786473927727489000,1692298168
1786473928739004500,1693308014
1786473929742091000,1694318026
1786473930732380000,1695318015
1786473931739800000,1696319147
1786473932737214000,1697317724
1786473933717380000,1698297698
1786473934697614000,1699287850
1786473935732578000,1700338352
1786473936762704500,1701348102
1786473937777605000,1702348450
1786473938802325500,1703377994
1786473939818385000,1704397826
1786473940827044000,1705407764
1786473941833044500,1706407999
1786473942877024500,1707488294
1786473943912665500,1708488073
1786473944950115500,1709517794
1786473945958399500,1710538069
1786473946979879500,1711547870
1786473948007183500,1712568403
1786473949042419500,1713618970
1786473950104747500,1714677686
1786473951117939500,1715697984
1786473952152513500,1716728109
1786473953187838000,1717767688
1786473954187878000,1718767796
1786473955212574500,1719787560
1786473956252463500,1720828471
1786473957337424500,1721908511
1786473958352710500,1722928229
1786473959352514000,1723927841
1786473960326868500,1724907798
1786473961313081000,1725887803
1786473962302138000,1726877829
1786473963297100500,1727877764
1786473964327079000,1728938061
1786473965352365500,1729928410
1786473966372159500,1730948205
1786473967366944000,1731947859
1786473968383200000,1732967696
1786473969382228000,1733967997
1786473970388384000,1734967816
1786473971409874000,1736011705
1786473972426822500,1736988071
1786473973412169500,1737987810
1786473974402952000,1738977652
1786473975387289500,1739967581
1786473976392339000,1740967542
1786473977402342000,1741967441
1786473978416665500,1742977538
1786473979437811000,1744028092
1786473980422307000,1745007905
1786473981391906500,1745967883
1786473982382447500,1746958185
1786473983392414000,1747970183
1786473984390058000,1748978085
1786473985403987500,1749959651
1786473986411842500,1751007851
1786473987406940000,1751977748
1786473988403242000,1752987995
1786473989372003500,1753957196
1786473990362017500,1754937482
1786473991366974500,1755947884
1786473992372266500,1756949261
1786473993397698000,1757977697
1786473994433072000,1759011335
1786473995447149500,1760017693
1786473996457119000,1761037838
1786473997468404000,1762037960
1786473998492875500,1763087674
1786473999522390000,1764104801
1786474000541443500,1765120283
1786474001553859000,1766128909
1786474002561397000,1767127783
1786474003552349000,1768137859
1786474004546856500,1769127672
1786474005522151500,1770107575
1786474006542377000,1771118513
1786474007588716000,1772168634
1786474008612718500,1773187682
1786474009636761500,1774217591
1786474010658019500,1775229202
1786474011708636000,1776279127
1786474012741845500,1777318764
1786474013767361000,1778338005
1786474014797180000,1779376165
1786474015838439500,1780408025
1786474016872069000,1781460196
1786474017872123500,1782447151
1786474018881829500,1783467639
1786474019866932500,1784438400
1786474020872324500,1785448122
1786474021942227500,1786527570
1786474022962245500,1787537880
1786474023976958500,1788547982
1786474024987695500,1789557719
1786474026007554000,1790587744
1786474027032267000,1791607759
1786474028026865500,1792597618
1786474029067033500,1793637811
1786474030073324500,1794637927
1786474031098460000,1795678484
1786474032111994000,1796698308
1786474033123436500,1797697837
1786474034122728500,1798699207
1786474035167106000,1799737914
1786474036227619000,1800813242
1786474037227847500,1801807711
1786474038226471500,1802808032
1786474039197180500,1803777844
1786474040192015000,1804767242
1786474041207593500,1805791327
1786474042247159500,1806817955
1786474043327067500,1807908457
1786474044337077000,1808917621
1786474045343467500,1809907719
1786474046382685500,1810960450
1786474047382197000,1811967392
1786474048387489500,1812968079
1786474049407103000,1813977741
1786474050482796000,1815047692
1786474051537461500,1816118351
1786474052557542500,1817138574
1786474053582186500,1818157741
1786474054612339500,1819189364
1786474055627576500,1820222024
1786474056642574000,1821217876
1786474057647887000,1822227538
1786474058676712500,1823257780
1786474059727632000,1824308083
1786474060761875500,1825336371
1786474061787546500,1826367457
1786474062777446000,1827357839
1786474063841811000,1828417773
1786474064872946500,1829448577
1786474065898057500,1830478839
1786474066908319000,1831477248
1786474067926896000,1832497513
1786474068921221500,1833498041
1786474069902230500,1834477916
1786474070930667000,1835500257
1786474071938624500,1836517760
1786474072978068000,1837557999
1786474074012851000,1838587704
1786474075075385000,1839639705
1786474076102906500,1840677434
1786474077117101500,1841687709
1786474078143192000,1842727576
1786474079161915000,1843738166
1786474080202721000,1844778963
1786474081221552500,1845797215
1786474082246489500,1846817350
1786474083241709500,1847817231
1786474084232322000,1848817893
1786474085237166500,1849817580
1786474086282155500,1850848582
1786474087307470500,1851877639
1786474088328365000,1852908423
1786474089351774500,1853927866
1786474090411845500,1854987600
1786474091422266000,1855999214
1786474092437356000,1857018381
1786474093467811500,1858038826
1786474094498353000,1859067485
1786474095593479500,1860177691
1786474096652921000,1861218262
1786474097695169000,1862268249
1786474098714172500,1863288589
1786474099715392000,1864287336
1786474100745433500,1865317800
1786474101784828500,1866357862
1786474102789776500,1867367642
1786474103810141000,1868378185
1786474104791036500,1869367891
1786474105795681500,1870370181
1786474106816789500,1871397523
1786474107901585000,1872487296
1786474108916987000,1873498533
1786474109921564500,1874487657
1786474110966799500,1875537666
1786474112007575500,1876578504
1786474113036828500,1877617665
1786474114026623500,1878598072
1786474115066955500,1879628474
1786474116077364500,1880648325
1786474117092576000,1881657923
1786474118097725500,1882667707
1786474119118294500,1883687863
1786474120174148500,1884737600
1786474121248286500,1885787662
1786474122308069000,1886879506
1786474123349470000,1887917928
1786474124374010000,1888946759
1786474125394263500,1889967796
1786474126408126500,1890988013
1786474127407795500,1891977564
1786474128427550000,1892986996
1786474129438632500,1894007417
1786474130458593000,1895027542
1786474131457974500,1896027412
1786474132453731000,1897027175
1786474133438513500,1898017447
1786474134454307500,1899028207
1786474135452905000,1900027331
1786474136514483500,1901078283
1786474137537857500,1902108171
1786474138558858000,1903127464
1786474139558352000,1904137320
1786474140548624000,1905117445
1786474141588687500,1906167896
1786474142623295500,1907187729
1786474143664441000,1908237713
1786474144679522000,1909257742
1786474145683456000,1910256865
1786474146737729000,1911298303
1786474148229823500,1912637926
1786474150399533000,1914978506
1786474151418950500,1915987099
1786474152448698500,1917017480
1786474153464233500,1918027435
1786474154464188500,1919037536
1786474155453681500,1920017925
1786474156454439500,1921007109
1786474157504377500,1922077871
1786474158523733000,1923100660
1786474159534167000,1924108249
1786474160548904000,1925117247
1786474161573699500,1926147165
1786474162574260500,1927137752
1786474163608649500,1928195302
1786474164659743000,1929227469
1786474165689836500,1930257241
1786474166738820000,1931308287
1786474167759121000,1932327824
1786474168779031000,1933337152
1786474169818268000,1934386815
1786474170859652000,1935427032
1786474171938875500,1936511046
1786474172933966500,1937507701
1786474173943977000,1938517299
1786474174944005500,1939506681
1786474175968774000,1940537260
1786474176988772500,1941558005
1786474178018767000,1942586952
1786474179088704500,1943657082
1786474180098478000,1944676882
1786474181099131000,1945677255
1786474182099344500,1946667385
1786474183133995000,1947697997
1786474184180363500,1948747694
1786474185225432000,1949787927
1786474186328740000,1950897483
1786474187358694000,1951916978
1786474188388247000,1952948585
1786474189414047500,1953986975
1786474190424042500,1954997018
1786474191453867000,1956017396
1786474192473745500,1957047378
1786474193528963500,1958107284
1786474194528876000,1959106955
1786474195533714500,1960107080
1786474196518690500,1961097419
1786474197524515500,1962097153
1786474198518463500,1963098862
1786474199513326000,1964087294
1786474200553343000,1965127034
1786474201563789500,1966127699
1786474202558734000,1967137857
1786474203578695500,1968147151
1786474204598354500,1969167492
1786474205623408500,1970187224
1786474206633997000,1971207743
1786474207693762000,1972268914
1786474208753722000,1973317175
1786474209783981000,1974358249
1786474210799694000,1975368028
1786474211809259500,1976387187
1786474212823568500,1977406010
1786474213853618500,1978421278
1786474214948643000,1979527145
1786474215963915000,1980527231
1786474216999681000,1981567340
1786474218034282000,1982596757
1786474219048635000,1983617483
1786474220087378500,1984650216
1786474221103480000,1985669213
1786474222133823500,1986707871
1786474223133606000,1987697374
1786474224150095500,1988717991
1786474225169202500,1989737242
1786474226179308000,1990747604
1786474227198698000,1991758399
1786474228233654000,1992787394
1786474229300892500,1993867369
1786474230304054000,1994867387
1786474231328413500,1995897409
1786474232349219000,1996917676
1786474233364512500,1997927799
1786474234399332000,1998967563
1786474235398789000,1999967756
1786474236453620000,2001017302
1786474237454374500,2002017462
1786474238489934500,2003057698
1786474239553596500,2004127090
1786474240598908000,2005177336
1786474241614701000,2006187114
1786474242633966500,2007197258
1786474243679136000,2008247309
1786474244718734000,2009287485
1786474245764140000,2010327485
1786474246785197000,2011357230
1786474247808811500,2012376962
1786474248838564500,2013407005
1786474249858928000,2014436852
1786474250938644500,2015507179
1786474251954049500,2016527097
1786474252954051000,2017517316
1786474253989204500,2018557974
1786474254988732000,2019557490
1786474255998408500,2020567399
1786474256988919000,2021557145
1786474258073703000,2022647137
1786474259073560500,2023646645
1786474260078763000,2024647328
1786474261088680000,2025656930
1786474262093663500,2026667163
1786474263103981500,2027677731
1786474264119578000,2028688672
1786474265129673000,2029697341
1786474266154203000,2030717387
1786474267163568000,2031727099
1786474268199225500,2032737152
1786474269990342500,2034397320
1786474271573190000,2036116773
1786474272612767000,2037176482
1786474273659208000,2038217727
1786474274725026000,2039286384
1786474275734039000,2040297287
1786474276753612000,2041316837
1786474277763561000,2042336436
1786474278803916500,2043357304
1786474279855582500,2044427020
1786474280884575500,2045457300
1786474281903986000,2046478006
1786474282903256500,2047477357
1786474283943635000,2048516499
1786474284961824000,2049527464
1786474286008463000,2050548228
1786474287023410000,2051588011
1786474288049404500,2052616998
1786474289074017000,2053647354
1786474290091956000,2054657210
1786474291098794000,2055677021
1786474292109048000,2056677022
1786474293120417500,2057676349
1786474294123693000,2058696933
1786474295125583500,2059696846
1786474296163201000,2060727071
1786474297198835500,2061766978
1786474298220025500,2062787045
1786474299239065000,2063806841
1786474300266198000,2064827221
1786474301294138000,2065868728
1786474302308813500,2066877224
1786474303329597000,2067916416
1786474304373860500,2068946878
1786474305410319000,2069977204
1786474306440025000,2071007802
1786474307489794500,2072077734
1786474308549058500,2073116927
1786474309559027500,2074127172
1786474310604257500,2075146603
1786474311649303000,2076203234
1786474312695013000,2077267780
1786474313715725500,2078276674
1786474314794598500,2079358323
1786474315818967500,2080387176
1786474316863999500,2081428677
1786474317921392000,2082487660
1786474318974475500,2083547046
1786474320020274000,2084587494
1786474321071967500,2085640765
1786474322109033500,2086689117
1786474323134822000,2087697625
1786474324180952500,2088747742
1786474325209749500,2089777955
1786474326241216500,2090807325
1786474327269031000,2091838999
1786474328294371000,2092857942
1786474329359775500,2093928087
1786474330394483000,2094955158
1786474331416435500,2095990500
1786474332449933000,2097017203
1786474333482346500,2098049286
1786474334560982000,2099124458
1786474335635014000,2100222234
1786474336749317000,2101307829
1786474337797138000,2102357336
1786474338850246000,2103417005
1786474339904247000,2104447553
1786474340971164000,2105541115
1786474342001784500,2106571060
1786474343068144500,2107603392
1786474344130331000,2108706885
1786474345165166500,2109736752
1786474346210854500,2110785793
1786474347235876000,2111797096
1786474348275832000,2112837130
1786474349311047000,2113876781
1786474350500633000,2115096649
1786474351654238000,2116217065
1786474352738228500,2117302254
1786474353815782500,2118379950
1786474354882960000,2119438367
1786474355929722500,2120493085
1786474357037357500,2121574895
1786474358156631000,2122718337
1786474359174131000,2123746694
1786474360184162500,2124756789
1786474361203902000,2125787885
1786474362218859500,2126786958
1786474363233752500,2127807069
1786474364239236000,2128808135
1786474365349422500,2129918389
1786474366384049500,2130956811
1786474367409240500,2131976604
1786474368426250000,2132996737
1786474369438838500,2134007375
1786474370463293000,2135036745
1786474371508708000,2136047002
1786474372543916500,2137139817
1786474373569165000,2138137302
1786474374589634500,2139157086
1786474375678958500,2140246790
1786474376709968500,2141276930
1786474377757884500,2142316851
1786474378794468000,2143336427
1786474379839158000,2144408080
1786474380864412500,2145436431
1786474381889387500,2146460159
1786474382929255500,2147496397
1786474383991000000,2148556898
1786474385033979500,2149614069
1786474386103778000,2150636775
1786474387184930000,2151757063
1786474388209173500,2152777520
1786474389215446000,2153780957
1786474390224758500,2154787022
1786474391244656500,2155806862
1786474392296036000,2156877237
1786474393375623000,2157957584
1786474394408759000,2158977156
1786474395439002500,2160006685
1786474396469107000,2161037311
1786474397499401500,2162069038
1786474398539257500,2163106886
1786474399580275500,2164146908
1786474400620641500,2165187582
1786474401657257000,2166221255
1786474402725647000,2167277610
1786474403791161500,2168363309
1786474404860207500,2169427391
1786474405910245000,2170469242
1786474406990612000,2171547235
1786474408128072500,2172694210
1786474409213169500,2173788331
1786474410295287000,2174849857
1786474411364812500,2175921131
1786474412404736500,2176966701
1786474413430025000,2177997098
1786474414488719500,2179026840
1786474415553753000,2180116382
1786474416619639000,2181186676
1786474417648711500,2182216646
1786474418647276500,2183206615
1786474419683622500,2184256704
1786474420698656000,2185267731
1786474421729008000,2186266081
1786474422783952000,2187346570
1786474423839202500,2188416595
1786474424848658500,2189417001
1786474425888736000,2190457406
1786474426893632000,2191476402
1786474427899850500,2192446804
1786474428943874000,2193487327
1786474429995702500,2194558992
1786474431049400500,2195617231
1786474432069263000,2196636161
1786474433159330500,2197716616
1786474434188721500,2198756765
1786474435233682500,2199808124
1786474436311194500,2200877832
1786474437385047000,2201946525
1786474438388616500,2202956946
1786474439424599000,2203976814
1786474440463813500,2205026964
1786474441524548000,2206097359
1786474442588462000,2207155908
1786474443729470500,2208266460
1786474444825105000,2209396583
1786474445836778500,2210396662
1786474446850184000,2211416308
1786474447878498000,2212456247
1786474448902853500,2213456630
1786474449929399000,2214496867
1786474450993276000,2215546583
1786474452043921000,2216616746
1786474453088572000,2217656510
1786474454113669000,2218677592
1786474455133352000,2219707326
1786474456158843500,2220726818
1786474457209386500,2221777689
1786474458308972500,2222876741
1786474459339379500,2223906461
1786474460368603500,2224937313
1786474461413747500,2225977246
1786474462445332000,2227016725
1786474463458685000,2228029067
1786474464529460500,2229056360
1786474465599746500,2230167345
1786474466634813000,2231196015
1786474467664215500,2232238389
1786474468679342500,2233246564
1786474469704629000,2234266598
1786474470761380500,2235316128
1786474471918963500,2236466613
1786474472953698500,2237516703
1786474473944624000,2238516599
1786474474963841500,2239526288
1786474475988343500,2240566548
1786474477003695500,2241576573
1786474478019144500,2242586452
1786474479044936500,2243596800
1786474480060052500,2244636460
1786474481069421000,2245636965
1786474482089815000,2246657133
1786474483169294500,2247737612
1786474484188151500,2248756346
1786474485203728500,2249767009
1786474486253254000,2250857060
1786474487283259000,2251856422
1786474488309731000,2252876292
1786474489398844500,2253967315
1786474490483913000,2255056208
1786474491544512000,2256116157
1786474492558925500,2257126545
1786474493586189000,2258146292
1786474494608551500,2259189084
1786474495628339500,2260195978
1786474496638506000,2261207323
1786474497785582500,2262356879
1786474498788856500,2263355954
1786474499810160000,2264378351
1786474500853996000,2265426500
1786474501855478000,2266426880
1786474502903456500,2267478522
1786474503939609000,2268506726
1786474504954108500,2269526328
1786474505978827000,2270547045
1786474507010832000,2271576292
1786474508028551500,2272606563
1786474509007996500,2273567781
1786474509988720000,2274556981
1786474510993224000,2275556951
1786474512003536000,2276566625
1786474513017976500,2277586488
1786474514038681500,2278606486
1786474515098178000,2279677421
1786474516133863000,2280696165
1786474517164434500,2281726974
1786474518174865500,2282737137
1786474519235059500,2283806439
1786474520254568500,2284836175
1786474521279573500,2285846354
1786474522360405500,2286927240
1786474523363390500,2287926334
1786474524369239500,2288936905
1786474525423424500,2289996959
1786474526443338500,2291026251
1786474527460575000,2292027837
1786474528505450000,2293078187
1786474529599079000,2294166782
1786474530624503500,2295187205
1786474531674051500,2296226868
1786474532714391500,2297286124
1786474533723522500,2298296437
1786474534744241500,2299322696
1786474535764483500,2300336359
1786474536783564500,2301356786
1786474537816151500,2302386040
1786474538829509500,2303396163
1786474539854576000,2304426010
1786474540879942500,2305447694
1786474541919111000,2306486361
1786474542947007500,2307516725
1786474543958626500,2308536527
1786474544978597500,2309556279
1786474545989686500,2310556816
1786474547019424000,2311587454
1786474548049451500,2312617771
1786474549075590500,2313646674
1786474550098423000,2314666083
1786474551129261000,2315696241
1786474552164102000,2316736799
1786474553184430500,2317756252
1786474554198647500,2318766445
1786474555209487000,2319776037
1786474556229635500,2320795745
1786474557233884500,2321796838
1786474558268563000,2322837118
1786474559319985000,2323877079
1786474560328232500,2324896086
1786474561344595000,2325917282
1786474562384226000,2326955842
1786474563373081000,2327946539
1786474564388969500,2328956023
1786474565398616000,2329966346
1786474566403589000,2330975909
1786474567428883500,2331996741
1786474568443316500,2333016184
1786474569449447500,2334016442
1786474570459843500,2335025806
1786474571486205500,2336047119
1786474572539264000,2337106266
1786474573568863500,2338136454
1786474574593611000,2339156016
1786474575629579000,2340196471
1786474576658301500,2341227199
1786474577688978500,2342246058
1786474578703241000,2343276978
1786474579719136500,2344286678
1786474580743659500,2345316817
1786474581778660000,2346345957
1786474582863706000,2347420422
1786474583933576000,2348497293
1786474584943832500,2349516044
1786474585963766000,2350538689
1786474586993238000,2351575781
1786474588003579500,2352576325
1786474589013751500,2353586234
1786474590033546000,2354596452
1786474591058105000,2355626366
1786474592099163000,2356666045
1786474593118856500,2357696395
1786474594168600500,2358736991
1786474595156900000,2359736047
1786474596163824500,2360725920
1786474597208601500,2361766209
1786474598269438000,2362836634
1786474599313289500,2363876287
1786474600363757000,2364926756
1786474601363855000,2365936380
1786474602347749500,2366916497
1786474603328252500,2367905938
1786474604303238500,2368876225
1786474605304147000,2369876374
1786474606328195500,2370896436
1786474607343393500,2371915786
1786474608374943500,2372945634
1786474609411376500,2373976323
1786474610439216500,2375006401
1786474611479553500,2376049037
1786474612508719500,2377076455
1786474613539555500,2378096783
1786474614617467500,2379156191
1786474615674030000,2380226209
1786474616713380000,2381285835
1786474617728240000,2382297037
1786474618738795000,2383305800
1786474619738239000,2384315887
1786474620759009000,2385326390
1786474621800841000,2386347715
1786474622854345000,2387425815
1786474623875668000,2388447084
1786474624879691000,2389446858
1786474625913352000,2390486331
1786474626929365000,2391496098
1786474627957076500,2392526504
1786474629069022000,2393600728
1786474630172291500,2394729260
1786474631267748000,2395840982
1786474632345273500,2396889409
1786474633488966500,2398052477
1786474634940674000,2399447058
1786474636395047500,2400927169
1786474637556249000,2402135065
1786474638679142000,2403251606
1786474639721209500,2404279459
1786474640791965500,2405361838
1786474641838787000,2406396645
1786474642884306000,2407450261
1786474643993709500,2408539811
1786474645082592000,2409649322
1786474646160372000,2410721995
1786474647215260500,2411777845
1786474648310715500,2412860223
1786474649433855000,2413966571
1786474650563058500,2415097570
1786474651650827000,2416215769
1786474652734800500,2417286693
1786474653825668000,2418383470
1786474654884567000,2419451437
1786474655959438000,2420522142
1786474657210677000,2421720748
1786474658587324000,2423112845
1786474660030139000,2424539013
1786474661443710000,2425942369
1786474662944293000,2427415845
1786474664402660000,2428938377
1786474665877441500,2430393227
1786474667198466000,2431716447
1786474668634857000,2433170057
1786474669829563500,2434382694
1786474670973395500,2435528594
1786474672109927500,2436665985
1786474673215644000,2437762882
1786474674298298500,2438847887
1786474675360603000,2439927682
1786474676435037500,2441011967
1786474677499512000,2442071402
1786474678563345000,2443124507
1786474679694464500,2444253749
1786474680777278000,2445317549
1786474681871532000,2446432332
1786474682951539000,2447513411
1786474684001638000,2448566167
1786474685017393500,2449570766
1786474686106876000,2450640725
1786474687175508000,2451751859
1786474688254569500,2452819542
1786474689349128000,2453905502
1786474690461005500,2455014386
1786474691538955000,2456095316
1786474692649058500,2457213025
1786474693737685000,2458305919
1786474694865961000,2459428243
1786474695975858500,2460530807
1786474697079532000,2461656966
1786474698181725500,2462743285
1786474699283507500,2463847889
1786474700392764000,2464913022
1786474701541804500,2466106466
1786474702604101500,2467170406
1786474703684260500,2468235349
1786474704805412500,2469365036
1786474706013615500,2470562628
1786474707175608500,2471726960
1786474708302457000,2472864983
1786474709380332500,2473938711
1786474710465686500,2475016891
1786474711584934000,2476139691
1786474712644830500,2477197668
1786474713724921500,2478293798
1786474714822391000,2479356463
1786474715899074000,2480456253
1786474716943449000,2481515945
1786474717968717000,2482536063
1786474719058194500,2483626779
1786474720084794500,2484656325
1786474721124013000,2485686210
1786474722183498000,2486716024
1786474723243716500,2487815411
1786474724278523500,2488836931
1786474725293893500,2489865742
1786474726303043000,2490875708
1786474727323716500,2491895876
1786474728333335500,2492910442
1786474729472974000,2494086719
1786474730554146000,2495116680
1786474731589795500,2496156747
1786474732624040500,2497195369
1786474733648515000,2498215929
1786474734673243000,2499235636
1786474735723679000,2500286103
1786474736790429000,2501356386
1786474737803704000,2502375893
1786474738825982500,2503386739
1786474739863302500,2504429228
1786474740879033500,2505446268
1786474741888437500,2506456032
1786474742940788500,2507506501
1786474744019454000,2508587136
1786474745058926500,2509626707
1786474746115078000,2510676147
1786474747193670500,2511765868
1786474748229246000,2512803620
1786474749265035500,2513829486
1786474750308822500,2514877952
1786474751340967500,2515905994
1786474752382237000,2516948946
1786474753410911000,2517977633
1786474754440222000,2519007417
1786474755468163000,2520037012
1786474756510157000,2521075862
1786474757518843000,2522085995
1786474758549169500,2523116874
1786474759588302500,2524156897
1786474760630838000,2525185887
1786474761663514500,2526225739
1786474762694986000,2527266861
1786474763713223500,2528295786
1786474764678285000,2529245795
1786474765783890500,2530345375
1786474766828763500,2531396323
1786474767878427000,2532445961
1786474768909811500,2533476521
1786474769939254500,2534506428
1786474770948214000,2535505695
1786474771998288000,2536535800
1786474773047972500,2537605884
1786474774079572500,2538647542
1786474775108178500,2539645522
1786474776613039000,2540985304
1786474778788087500,2543454718
1786474779928000500,2544495683
1786474780948660000,2545515524
1786474781963788000,2546525676
1786474782995462500,2547565406
1786474784008138500,2548575531
1786474785033413500,2549606676
1786474786039370000,2550615527
1786474787054348000,2551615073
1786474788080708000,2552647507
1786474789119825500,2553685830
1786474790139788500,2554706361
1786474791182412000,2555745263
1786474792199844000,2556765845
1786474793218422500,2557785442
1786474794248341000,2558815303
1786474795273390000,2559836726
1786474796287996500,2560856390
1786474797298040500,2561865938
1786474798339079500,2562876075
1786474799403515500,2563955775
1786474800423574500,2564995946
1786474801439667500,2566006152
1786474802448735000,2567006393
1786474803448663500,2568025159
1786474804442973500,2569015593
1786474805443638000,2570015730
1786474806473181000,2571035410
1786474807488685500,2572055727
1786474808503330500,2573075705
1786474809492768500,2574055432
1786474810508402500,2575085931
1786474811528098000,2576095401
1786474812543350000,2577105757
1786474813553124500,2578115925
1786474814588553000,2579155607
1786474815899669500,2580369506
1786474818290617500,2582855505
1786474819322595500,2583895744
1786474820343446500,2584905740
1786474821379194500,2585956088
1786474822416429000,2586997848
1786474823462268500,2588028543
1786474824509442000,2589076039
1786474825523081000,2590095010
1786474826533132500,2591105191
1786474827548141000,2592116291
1786474828564118500,2593128603
1786474829624060000,2594215582
1786474830678410000,2595246686
1786474831718021000,2596286331
1786474832729112500,2597305888
1786474833739555000,2598306097
1786474834753871000,2599325292
1786474835810166000,2600376028
1786474836888774000,2601459113
1786474837938373500,2602505577
1786474838968329500,2603535636
1786474839988644000,2604555924
1786474841018147500,2605584992
1786474842038266000,2606605353
1786474843039145000,2607615315
1786474844093459000,2608665383
1786474845118323500,2609695773
1786474846138441500,2610705613
1786474847158387000,2611725462
1786474848183286500,2612755372
1786474849199069000,2613765678
1786474850223087000,2614797234
1786474851262928500,2615826020
1786474852302603500,2616865569
1786474853317996000,2617886256
1786474854334026000,2618905368
1786474855334424000,2619906386
1786474856342033500,2620905327
1786474857332535500,2621898437
1786474858413893500,2622986026
1786474859434608500,2624005378
1786474860474258500,2625040220
1786474861489365500,2626057710
1786474862510821000,2627075783
1786474863524103500,2628095771
1786474864527739000,2629097764
1786474865568043000,2630145368
1786474866578026500,2631136932
1786474867608805000,2632185211
1786474868593261000,2633156040
1786474869612634000,2634180325
1786474870618479500,2635186588
1786474871638993500,2636210893
1786474872736135000,2637285512
1786474873782670500,2638355784
1786474874779287000,2639346226
1786474875808092000,2640365432
1786474876833097000,2641395324
1786474877854248500,2642425362
1786474878853187000,2643415670
1786474879957824000,2644525593
1786474880962924500,2645535944
1786474881972808000,2646535264
1786474882985913500,2647545497
1786474883983104000,2648555885
1786474885013179500,2649565516
1786474886038094500,2650614995
1786474887089272000,2651655750
1786474888133561000,2652695444
1786474889158005500,2653725464
1786474890188165000,2654756170
1786474891203447500,2655765853
1786474892222864000,2656806081
1786474893245357500,2657795356
1786474894308127500,2658885013
1786474895298024500,2659875331
1786474896288224500,2660855487
1786474897326552000,2661905448
1786474898351097500,2662925941
1786474899408066500,2663975548
1786474900441887000,2665006237
1786474901574835500,2666149574
1786474902562949000,2667145303
1786474903589252500,2668156649
1786474904593760000,2669171507
1786474905618017000,2670185860
1786474906629022500,2671205436
1786474907663958000,2672236290
1786474908692764500,2673256145
1786474909688626500,2674264905
1786474910697972000,2675275778
1786474911718245000,2676285413
1786474912733021000,2677295984
1786474913748370000,2678316095
1786474914738011000,2679305164
1786474915737782500,2680306263
1786474916737780500,2681305080
1786474917748108000,2682325308
1786474918733222000,2683305203
1786474919737983000,2684296019
1786474920768390500,2685335868
1786474921788421500,2686355367
1786474922858299500,2687425339
1786474923883119000,2688455281
1786474924914222500,2689486630
1786474925939385500,2690505888
1786474926968601500,2691534880
1786474928004019000,2692565129
1786474929023180000,2693594532
1786474930047985000,2694614882
1786474931085652000,2695655879
1786474932098198000,2696665365
1786474933113355500,2697685124
1786474934128645000,2698695401
1786474935158699000,2699725945
1786474936182381000,2700745822
1786474937193271500,2701755393
1786474938238586500,2702815317
1786474939252414000,2703824664
1786474940278010000,2704845385
1786474941303333500,2705876719
1786474942328855500,2706896406
1786474943354457000,2707925046
1786474944372769000,2708945238
1786474945383395500,2709945649
1786474946434025500,2710988473
1786474947473817500,2712041613
1786474948530205000,2713114030
1786474949588533000,2714155186
1786474950603154500,2715165079
1786474951638277500,2716215069
1786474952632825000,2717215191
1786474953617803000,2718198735
1786474954603032000,2719185179
1786474955637925500,2720205129
1786474956653493500,2721215753
1786474957652766500,2722236149
1786474958663034000,2723226196
1786474959673943000,2724245211
1786474960677864000,2725235607
1786474961677862000,2726247871
1786474962703308000,2727267507
1786474963733501500,2728305110
1786474964753410000,2729325194
1786474965793349500,2730354898
1786474966802533500,2731384832
1786474967813375500,2732387706
1786474968830920500,2733394756
1786474969853379000,2734425263
1786474970868866500,2735434469
1786474971903053500,2736465002
1786474972963594000,2737545167
1786474973987698000,2738565205
1786474975002340500,2739558696
1786474976014197000,2740585009
1786474977034770000,2741597935
1786474978023642500,2742595023
1786474979014168500,2743574991
1786474980100325000,2744665423
1786474981117954500,2745675392
1786474982117849500,2746694840
1786474983117878500,2747685187
1786474984129330500,2748705303
1786474985138439500,2749706096
1786474986168325000,2750735206
1786474987258778500,2751815445
1786474988278202500,2752845709
1786474989288379500,2753855005
1786474990328029000,2754895361
1786474991327541000,2755894853
1786474992302800500,2756875170
1786474993287761500,2757845213
1786474994337680500,2758904952
1786474995363041500,2759926217
1786474996372260500,2760944982
1786474997353365500,2761905314
1786474998382199500,2762936105
1786474999423423500,2763994559
1786475000454208000,2765025750
1786475001513676000,2766075620
1786475002549649500,2767115792
1786475003603650000,2768167852
1786475004638894000,2769205155
1786475005658949000,2770234656
1786475006667827500,2771235424
1786475007699206000,2772272661
1786475008728335500,2773286424
1786475009743008500,2774305051
1786475010748776500,2775314956
1786475011773030000,2776345283
1786475012793862500,2777365216
1786475013817918500,2778385234
1786475014838470000,2779395068
1786475015858109500,2780425454
1786475016868232500,2781435154
1786475017878256000,2782455314
1786475018913177000,2783466828
1786475019933701500,2784505377
1786475020963495500,2785537561
1786475021992931500,2786567343
1786475023098903500,2787683176
1786475024293709500,2788855823
1786475025499927000,2790045025
1786475026725831500,2791270297
1786475027873856000,2792432649
1786475028995163000,2793557338
1786475030169998500,2794729041
1786475031271395500,2795831808
1786475032436595500,2796957013
1786475033632890500,2798179875
1786475034928233000,2799466589
1786475036240338000,2800772564
1786475037434585500,2801979981
1786475038603406000,2803153079
1786475039761372500,2804313621
1786475040971045500,2805507713
1786475042249075000,2806778718
1786475043613344000,2808113971
1786475044899611000,2809468615
1786475045970447000,2810526887
1786475047025249000,2811604827
1786475048085700500,2812648706
1786475049079116500,2813654805
1786475050062581500,2814634389
1786475051057327500,2815594664
1786475052062183500,2816634951
1786475053032617500,2817594654
1786475054017855000,2818585058
1786475055019085500,2819584644
1786475056013127000,2820594597
1786475057012878000,2821585179
1786475058042931500,2822595126
1786475059072854000,2823644937
1786475060059468000,2824644793
1786475061038541000,2825614942
1786475062048987000,2826624720
1786475063048066000,2827617422
1786475064027628500,2828604572
1786475065007870500,2829574507
1786475066076135000,2830644425
1786475067073300000,2831645128
1786475068087865000,2832654625
1786475069072722500,2833654719
1786475070073238000,2834634645
1786475071104241500,2835664784
1786475072142796500,2836705072
1786475073217375500,2837784920
1786475074178096000,2838754612
1786475075178183500,2839745021
1786475076187727500,2840764593
1786475077167739000,2841744827
1786475078148652000,2842714488
1786475079147974500,2843724683
1786475080208344500,2844775011
1786475081223459500,2845794976
1786475082209150000,2846784864
1786475083214737500,2847794880
1786475084213163000,2848784006
1786475085213525000,2849774996
1786475086230623000,2850795253
1786475087306074000,2851864904
1786475088313531500,2852884790
1786475089307761500,2853874618
1786475090312889000,2854875036
1786475091309543500,2855875531
1786475092343194500,2856905198
1786475093352922500,2857925566
1786475094358866000,2858924711
1786475095379680500,2859944899
1786475096402921500,2860964619
1786475097403755500,2861974428
1786475098397750500,2862974671
1786475099362954000,2863944270
1786475100347712000,2864925676
1786475101422612500,2866003587
1786475102427816000,2867004821
1786475103462551500,2868024902
1786475104482865500,2869057375
1786475105512601000,2870084664
1786475106504412000,2871085071
1786475107522395500,2872094791
1786475108577379000,2873154383
1786475109572577000,2874134660
1786475110572905500,2875145281
1786475111573078000,2876135096
1786475112588038500,2877163229
1786475113607664000,2878175450
1786475114607895500,2879184822
1786475115633125500,2880227741
1786475116647528500,2881216116
1786475117653000000,2882233556
1786475118697438500,2883266134
1786475119727527000,2884294417
1786475120758210000,2885324928
1786475121773286000,2886344819
1786475122807974000,2887384805
1786475123809146000,2888384718
1786475124812908500,2889375428
1786475125837968500,2890395512
1786475126852801500,2891434813
1786475127847745000,2892414937
1786475128877793000,2893445062
1786475129966332500,2894524729
1786475130992223500,2895564362
1786475131967440000,2896535031
1786475132967960000,2897535590
1786475133968149500,2898524833
1786475134983082500,2899544834
1786475136028316000,2900595336
1786475137115567000,2901685115
1786475138142966500,2902714386
1786475139152244000,2903704667
1786475140157889500,2904725122
1786475141167529000,2905735581
1786475142167576000,2906734596
1786475143172497500,2907746280
1786475144235288000,2908804667
1786475145242527000,2909804876
1786475146253109000,2910823981
1786475147283119500,2911844325
1786475148292694500,2912855622
1786475149307765000,2913875042
1786475150322772500,2914885713
1786475151390538500,2915954796
1786475152367701000,2916944784
1786475153347967000,2917918065
1786475154344178000,2918905522
1786475155347742000,2919924648
1786475156338571000,2920924631
1786475157317863500,2921895728
1786475158347597500,2922884772
1786475159358786500,2923924311
1786475160397950500,2924974552
1786475161388991000,2925954659
1786475162397937500,2926964908
1786475163383098500,2927954189
1786475164402207500,2928974536
1786475165443511500,2929984307
1786475166482724000,2931054710
1786475167519550000,2932074836
1786475168562945500,2933124642
1786475169568036000,2934146126
1786475170558731500,2935137385
1786475171543714000,2936124866
1786475172547881500,2937094551
1786475173543202000,2938114715
1786475174533317000,2939104779
1786475175517232500,2940094467
1786475176532342000,2941104301
1786475177542817500,2942114384
1786475178556808000,2943114258
1786475179593094500,2944134666
1786475180617943000,2945184308
1786475181627754500,2946195341
1786475182602703500,2947174666
1786475183637471000,2948204433
1786475184657178000,2949224084
1786475185657478500,2950224317
1786475186638367000,2951204414
1786475187627918000,2952201921
1786475188632960000,2953198361
1786475189648186000,2954214729
1786475190672595000,2955244582
1786475191692811500,2956254539
1786475192692522500,2957255022
1786475193702673500,2958265165
1786475194798131500,2959365127
1786475195807477500,2960374738
1786475196797244500,2961366454
1786475197767281500,2962344589
1786475198757729500,2963324556
1786475199772712000,2964334178
1786475200768950000,2965344590
1786475201737399500,2966304679
1786475202727708500,2967294857
1786475203708085000,2968284746
1786475204697705500,2969264361
1786475205702361000,2970274539
1786475206702464000,2971274436
1786475207692629500,2972264283
1786475208743059000,2973314223
1786475209753073500,2974324588
1786475210762724000,2975334348
1786475211818341000,2976384517
1786475212822574000,2977394802
1786475213812590000,2978384341
1786475214818489000,2979394382
1786475215867225000,2980434589
1786475216888240000,2981444157
1786475217897749500,2982474429
1786475218912693500,2983474294
1786475219917829500,2984484884
1786475220940744000,2985504929
1786475221937977500,2986506501
1786475223043895000,2987614437
1786475224027671500,2988604647
1786475224997358500,2989564341
1786475225953883000,2990514523
1786475226938090500,2991514328
1786475227938099000,2992524463
1786475228937653000,2993514174
1786475229942529500,2994534329
1786475231009136500,2995575432
1786475232027553500,2996604471
1786475232972114500,2997544321
1786475233947355000,2998514420
1786475234938213500,2999504492
1786475235959011500,3000524291
1786475237033834000,3001630054
1786475238093823000,3002665069
1786475239123637500,3003685495
1786475240143421500,3004723839
1786475241133189500,3005695435
1786475242173135500,3006734794
1786475243197805000,3007764288
1786475244277756000,3008858913
1786475245392691500,3009954627
1786475246428047000,3010994861
1786475247549516000,3012084438
1786475248679727500,3013224638
1786475249708039500,3014284031
1786475250732909500,3015318187
1786475251818524500,3016384622
1786475252847686500,3017415213
1786475253878816500,3018453495
1786475254862620500,3019434564
1786475255884334500,3020455973
1786475256938555000,3021494560
1786475257963397500,3022534617
1786475258947084500,3023514347
1786475259949486500,3024515262
1786475260953144000,3025524010
1786475261964008000,3026535628
1786475262994355500,3027564297
1786475264033364000,3028593185
1786475265062851500,3029633750
1786475266153875000,3030725469
1786475267217326500,3031783813
1786475268254082000,3032814543
1786475269267749500,3033834357
1786475270277942000,3034854518
1786475271267918000,3035834395
1786475272277575500,3036854258
1786475273272606000,3037845521
1786475274292447500,3038854462
1786475275288065500,3039855088
1786475276282548000,3040864264
1786475277267585500,3041844206
1786475278277854000,3042834187
1786475279309171500,3043874305
1786475280377355500,3044934396
1786475281414671500,3045974719
1786475282452731500,3047014057
1786475283488018000,3048055303
1786475284512984500,3049084329
1786475285503770000,3050083974
1786475286492383000,3051083917
1786475287563297000,3052125268
1786475288557818000,3053134427
1786475289542729000,3054113849
1786475290543068000,3055114445
1786475291552847000,3056114423
1786475292579177500,3057144506
1786475293603924000,3058174693
1786475294647877000,3059214404
1786475295653329500,3060223848
1786475296667761000,3061253075
1786475297682616000,3062244234
1786475298667393500,3063234896
1786475299672507000,3064244582
1786475300682619500,3065264118
1786475301727463500,3066284620
1786475302697336500,3067264029
1786475303702365500,3068264920
1786475304717823000,3069286356
1786475305702481500,3070274426
1786475306705333000,3071274177
1786475307693266500,3072264251
1786475308772786500,3073343574
1786475309795866500,3074364251
1786475310847920000,3075404288
1786475311930071500,3076504675
1786475312958100500,3077524241
1786475313993706000,3078554422
1786475315018080500,3079583967
1786475316057428500,3080623641
1786475317088954000,3081665401
1786475318137851000,3082704932
1786475319162042500,3083733973
1786475320158233000,3084734652
1786475321177885500,3085734250
1786475322202891000,3086774215
1786475323257990500,3087824181
1786475324243683000,3088814588
1786475325277639500,3089826649
1786475326312776500,3090884255
1786475327333020000,3091894240
1786475328328608000,3092893868
1786475329358091000,3093924328
1786475330418224000,3094994388
1786475331437719500,3096004147
1786475332462345000,3097033345
1786475333468057500,3098044247
1786475334482128500,3099043208
1786475335504643500,3100073963
1786475336513236000,3101084014
1786475337627831000,3102174407
1786475338669102000,3103234055
1786475339667477000,3104234174
1786475340688050000,3105254442
1786475341733242000,3106274205
1786475342784224500,3107354059
1786475343798551000,3108364651
1786475344872647500,3109432605
1786475345867662000,3110435027
1786475346857521500,3111425273
1786475347878321500,3112444721
1786475348898966500,3113473735
1786475349882383000,3114454402
1786475350903198500,3115464740
1786475351924441500,3116484892
1786475352922828500,3117494075
1786475353943639500,3118513344
1786475354953398500,3119524400
1786475356038033000,3120613966
1786475357117015000,3121684402
1786475358122301500,3122684289
1786475359127929000,3123693806
1786475360137493500,3124704107
1786475361152281500,3125713769
1786475362153094500,3126724369
1786475363182663000,3127753976
1786475364187711500,3128753864
1786475365203565000,3129774430
1786475366197585000,3130764817
1786475367213313500,3131783944
1786475368204079000,3132763625
1786475369237859500,3133804032
1786475370237521000,3134803873
1786475371247686000,3135814427
1786475372268525000,3136834318
1786475373332103000,3137914550
1786475374342695000,3138917165
1786475375372851500,3139936576
1786475376387822000,3140954814
1786475377472854000,3142033849
1786475378519954500,3143084195
1786475379527290500,3144094391
1786475380507843000,3145064393
1786475381522561000,3146085744
1786475382552447500,3147105992
1786475383592642500,3148163730
1786475384598613500,3149163733
1786475385592629000,3150164090
1786475386572805000,3151144181
1786475387617294500,3152173309
1786475388631731500,3153194017
1786475389632686000,3154193344
1786475390653005000,3155223777
1786475391682442000,3156243662
1786475392677392500,3157243888
1786475393677065000,3158244668
1786475394677603500,3159254003
1786475395677561000,3160244685
1786475396696643500,3161264529
1786475397712816500,3162283992
1786475398712816500,3163274312
1786475399702363500,3164263842
1786475400713143000,3165284645
1786475401747491000,3166314536
1786475402727483500,3167303576
1786475403727304500,3168303950
1786475404717878000,3169293928
1786475405708318500,3170273904
1786475406717833500,3171273997
1786475407758034000,3172317759
1786475408835281500,3173396256
1786475409874066500,3174433848
1786475410882778500,3175443730
1786475411903380500,3176473995
1786475412943731500,3177513923
1786475413933116500,3178503232
1786475414917340000,3179483824
1786475415981529000,3180544170
1786475417002782000,3181573749
1786475417997789000,3182574529
1786475419017602000,3183584049
1786475420018789000,3184584295
1786475421024677000,3185593499
1786475422022833500,3186594067
1786475423099814000,3187654119
1786475424122797500,3188694268
1786475425128026500,3189694156
1786475426132056000,3190693607
1786475427142574000,3191703788
1786475428153046000,3192723806
1786475429152797500,3193714585
1786475430187579500,3194764665
1786475431222976000,3195794144
1786475432242768500,3196804056
1786475433273251000,3197834034
1786475434303129000,3198864359
1786475435338007000,3199904226
1786475436358561000,3200924393
1786475437426380000,3201994443
1786475438437995000,3203003977
1786475439462924000,3204024080
1786475440498256000,3205064085
1786475441518071000,3206074437
1786475442588021000,3207156329
1786475443628000500,3208194359
1786475444722981000,3209283817
1786475445753068500,3210314081
1786475446783241000,3211344370
1786475447838827500,3212403752
1786475448883053500,3213454650
1786475449903125500,3214464233
1786475450948752000,3215514213
1786475452018393000,3216584117
1786475453038630500,3217604269
1786475454079322000,3218644036
1786475455108563000,3219674181
1786475456153298000,3220724404
1786475457192896500,3221754302
1786475458227496000,3222793875
1786475459245902500,3223803890
1786475460282884500,3224844301
1786475461323142500,3225894071
1786475462358120500,3226924086
1786475463393326500,3227964364
1786475464418517000,3228983965
1786475465448591500,3230014143
1786475466498235500,3231064503
1786475467533098000,3232103440
1786475468548359500,3233114554
1786475469598186000,3234163504
1786475470628065500,3235193920
1786475471663354500,3236233897
1786475472695383000,3237254112
1786475473717905000,3238284395
1786475474748591000,3239315219
1786475475767800500,3240324364
1786475476797851500,3241363889
1786475477823160500,3242392816
1786475478857909500,3243433768
1786475479903013000,3244443930
1786475480943230500,3245513872
1786475481963289500,3246533725
1786475482983441000,3247555144
1786475484033654500,3248604172
1786475485062763500,3249636347
1786475486087074000,3250654533
1786475487127804000,3251664012
1786475488177521500,3252759085
1786475489208180000,3253774000
1786475490237462000,3254813845
1786475491298731500,3255854512
1786475492347586500,3256903723
1786475493393740000,3257962694
1786475494442606500,3259040120
1786475495477721000,3260043965
1786475496508078500,3261073817
1786475497517821000,3262084122
1786475498537818500,3263103582
1786475499528035000,3264106742
1786475500549391000,3265117712
1786475501593584000,3266187144
1786475502662693500,3267243578
1786475503688105500,3268253832
1786475504728033500,3269284031
1786475505763142000,3270323932
1786475506782714500,3271343782
1786475507809056000,3272383029
1786475508838672000,3273444621
1786475509888250000,3274455864
1786475510908605500,3275473973
1786475511937983500,3276493811
1786475512972878000,3277533835
1786475513988400500,3278554236
1786475515013115000,3279583873
1786475516081433500,3280644069
1786475517089282500,3281655543
1786475518117839000,3282684397
1786475519152637500,3283723506
1786475520200131500,3284763918
1786475521213089000,3285783589
1786475522222629000,3286794567
1786475523238305000,3287803866
1786475524272580500,3288846915
1786475525298451000,3289864390
1786475526318190500,3290883570
1786475527347658500,3291914083
1786475528367403000,3292943451
1786475529357451000,3293924599
1786475530378333000,3294964015
1786475531438543500,3296003416
1786475532448349000,3297014541
1786475533472552500,3298043297
1786475534472956500,3299033997
1786475535512840000,3300073745
1786475536559033500,3301113933
1786475537607970500,3302173784
1786475538638024500,3303203855
1786475539667627500,3304234062
1786475540682727000,3305253723
1786475541682187500,3306253524
1786475542662147000,3307213402
1786475543657290000,3308223823
1786475545334209500,3309776909
1786475547129865500,3311733702
1786475548198733000,3312763594
1786475549228667500,3313793764
1786475606042369500,3370603337
1786475607066682500,3371646501
1786475608061789500,3372633785
1786475609096953000,3373662913
1786475610097298000,3374654161
1786475611077082000,3375643324
1786475612033208000,3376603352
1786475613042522500,3377613213
1786475614067459000,3378623552
1786475615102831000,3379653684
1786475616153875500,3380723102
1786475617138776000,3381693579
1786475618152452500,3382713067
1786475619143163500,3383713786
1786475620142295000,3384693049
1786475621632426500,3386059232
1786475623856579000,3388312366
1786475625977060500,3390338207
1786475628051306500,3392413721
1786475630027986500,3394508955
1786475631288017500,3395843015
1786475632273219000,3396832866
1786475633237982000,3397802722
1786475634203221500,3398763090
1786475635152847000,3399723476
1786475636138095000,3400693081
1786475637144505000,3401673663
1786475638163417000,3402743993
1786475639163935500,3403722877
1786475640188883000,3404743614
1786475991507552000,3756081540
1786475992510146500,3757072150
1786475993534435000,3758091536
1786475994539742500,3759082215
1786475995529564500,3760082104
1786475996514635000,3761073305
1786475997509004500,3762073041
1786475998500044000,3763062289
1786475999469781000,3764031849
1786476000450630000,3765012357
1786476001454998000,3766021350
1786476002479604500,3767042273
1786476003505145500,3768072175
1786476004678697000,3769137287
1786476006771852000,3771066444
1786476009072801500,3773434473
1786476011238308500,3775633347
1786476013170566000,3777638426
1786476014660161000,3779232251
1786476015659258000,3780212990
1786476016679446000,3781242032
1786476017680700500,3782241771
1786476018650069000,3783202190
1786476019659500500,3784212355
1786476020669272000,3785232108
1786476021649348500,3786222052
1786476022649374500,3787215033
1786476023659512500,3788252383
1786476258843313000,3789244859
1786476495122635500,4259279303
1786476497880266500,4262249807
1786476500017547500,4264396553
1786476502201568000,4266572158
1786476503661679500,4268230667
1786476504646853500,4269201247
1786476505672022500,4270232855
1786476506677333000,4271250758
1786476507666605500,4272230693
1786476508672300000,4273241446
1786476509656459500,4274230741
1786476510656974000,4275231185
1786476511648200500,4276201386
1786476512666979000,4277221446
1786476513682351000,4278241256
1786476514691459000,4279241259
1786476515706571500,4280270821
1786476516746710500,4281281135
1786476517756853500,4282320814
1786476518751739000,4283311670
1786476519756383500,4284320915
1786476520756399000,4285327224
1786476521761699000,4286321050
1786476522771351500,4287331335
1786476523815675500,4288340883
1786476524831913000,4289401301
1786476525826668000,4290382771
1786476526831790000,4291391365
1786476527846468500,4292410348
1786476528841846500,4293410545
1786476529861672000,4294421098
1786476530861367500,4295420936
1786476531896659500,4296461030
1786476532926860000,4297491126
1786476533941988000,4298501130
1786476534981506500,4299530926
1786476536006849500,4300574257
1786476537021697500,4301581354
1786476538037677000,4302600117
1786476539086610000,4303641175
1786476540141671000,4304701743
1786476541201524000,4305763353
1786476542221887000,4306783422
1786476543251554000,4307811575
1786476544286486500,4308840978
1786476545346482000,4309871193
1786476546393089000,4310951036
1786476547392003000,4311961186
1786476548386581500,4312950838
1786476549391651000,4313960608
1786476550397364500,4314952655
1786476551411106500,4315970968
1786476552432305000,4316980881
1786476553446627500,4318011328
1786476554456560000,4319020894
1786476555461471000,4320021249
1786476556441463500,4321018625
1786476557436355000,4322001072
1786476558441484500,4323010726
1786476559451481500,4324010996
1786476560541573500,4325110215
1786476561526173000,4326101303
1786476562522193000,4327080743
1786476563531139500,4328081171
1786476564536456500,4329100839
1786476565556463500,4330120715
1786476566566462000,4331130749
1786476567571344500,4332130847
1786476568581241000,4333140697
1786476569590909500,4334140779
1786476570572568500,4335131212
1786476571561334500,4336120620
1786476572556068000,4337111169
1786476573525971500,4338090575
1786476574501882000,4339060558
1786476575481709000,4340040222
1786476576446293000,4341020881
1786476577446620500,4342010992
1786476578441062000,4343000538
1786476579436147000,4343990493
1786476580436863500,4344981023
1786476581515465000,4346070498
1786476582531336500,4347090708
1786476583546589500,4348100922
1786476584572249000,4349131282
1786476585616660500,4350171910
1786476586653781000,4351210996
1786476587691828000,4352251163
1786476588736507000,4353300604
1786476589756755000,4354320927
1786476590781441000,4355330959
1786476591791576000,4356350527
1786476592806279500,4357371347
1786476593817069500,4358370224
1786476594811607500,4359370664
1786476595826426500,4360400313
1786476596841425000,4361410608
1786476597831325500,4362400875
1786476598866528000,4363430801
1786476599896804500,4364450912
1786476600911435000,4365471038
1786476601926704500,4366490955
1786476602962390500,4367519952
1786476603940500500,4368500483
1786476604911795500,4369480854
1786476605871129000,4370440043
1786476606835787000,4371400581
1786476607800841500,4372379999
1786476608756428500,4373330423
1786476609751162500,4374300367
1786476610750989500,4375310224
1786476660431441500,4424990545
1786476661491844000,4426052101
1786476662527010000,4427091142
1786476663566512000,4428122209
1786476664617407500,4429170827
1786476665656631500,4430211320
1786476666685068500,4431240748
1786476667707284500,4432270938
1786476668736530000,4433300971
1786476669778080500,4434320810
1786476670816602500,4435380730
1786476671831656000,4436390957
1786476672862210500,4437420674
1786476673881868500,4438440970
1786476674931784000,4439494200
1786476675961989000,4440521225
1786476676992087500,4441551102
1786476678027363000,4442570509
1786476679123486000,4443668949
1786476681229622000,4445566607
1786476683465221000,4447829905
1786476685615960500,4450000177
1786476687895272500,4452353205
1786476689371684000,4453933430
1786476690402886500,4454960497
1786476691431417000,4455990718
1786476692470021000,4457030805
1786476693512136500,4458070873
1786476694531362500,4459090697
1786476695576932500,4460111146
1786476696631536500,4461191507
1786476697652343000,4462210619
1786476698681941000,4463241166
1786476699716734000,4464281536
1786476700741750000,4465300867
1786476701784469500,4466342006
1786476702822228000,4467370998
1786476703866927000,4468430653
1786476704912135500,4469470882
1786476705932036500,4470492907
1786476706957144000,4471510991
1786476708001729500,4472560701
1786476709021502500,4473580530
1786476710086833000,4474680348
1786476711142004500,4475700643
1786476712158310500,4476710588
1786476713176330500,4477730356
1786476714176952000,4478740781
1786476715186997500,4479750774
1786476716216612000,4480780546
1786476717261649500,4481850972
1786476718316659000,4482880281
1786476719349499000,4483910701
1786476720386536500,4484954308
1786476721401070500,4485970661
1786476722390711000,4486960201
1786476723375725000,4487942030
1786476724396852000,4488980553
1786476725431307500,4489990456
1786476726422040500,4490990986
1786476727446300000,4492010587
1786476728462333000,4493020887
1786476729487554000,4494030853
1786476730531356000,4495092547
1786476731586921000,4496178215
1786476732661578000,4497220593
1786476733677894500,4498250667
1786476734677234000,4499239931
1786476735681537500,4500240182
1786476736712067000,4501270688
1786476737731804000,4502291262
1786476738832470000,4503390585
1786476739877022000,4504421004
1786476740911980000,4505470517
1786476741941665500,4506501533
1786476742981860000,4507540595
1786476744002762500,4508560364
1786476745000688000,4509560672
1786476746051469500,4510610139
1786476747065116000,4511626000
1786476748092995000,4512650497
1786476749107745500,4513670828
1786476750141889000,4514700299
1786476751166286000,4515730902
1786476752156748500,4516709875
1786476753186162500,4517750002
1786476754211575000,4518770484
1786476755239683500,4519780375
1786476756285476500,4520839714
1786476757285988000,4521840320
1786476758281975000,4522840186
1786476759286926500,4523859898
1786476760361966000,4524920386
1786476761391985500,4525950221
1786476762421588500,4526980525
1786476763451216500,4528020041
1786476764456565500,4529010911
1786476765492060500,4530050587
1786476766511872500,4531070613
1786476767587525500,4532140274
1786476768621398000,4533181268
1786476769652467000,4534209947
1786476770692018500,4535252772
1786476771701598000,4536260430
1786476772731254000,4537290900
1786476773737092500,4538290398
1786476774826605000,4539391181
1786476775872995500,4540438340
1786476776913137000,4541460426
1786476777954341000,4542510562
1786476778982579000,4543540841
1786476780011937500,4544572426
1786476781052439000,4545620592
1786476782092569500,4546650458
1786476783122024500,4547680984
1786476784141482000,4548700564
1786476785146561000,4549710522
1786476786162883500,4550720147
1786476787146632500,4551709991
1786476788131544000,4552690345
1786476789171495000,4553730304
1786476790196588000,4554760000
1786476791231746500,4555790047
1786476792246749000,4556810852
1786476793256463500,4557809616
1786476794266806500,4558830278
1786476795281545000,4559840328
1786476796321610000,4560880659
1786476797321353500,4561889850
1786476798316842500,4562880596
1786476799342330000,4563901737
1786476800366894500,4564920625
1786476801401709500,4565954643
1786476802426801000,4566991234
1786476803471985500,4568030204
1786476804491563500,4569050360
1786476805522343500,4570080541
1786476806551524000,4571120206
1786476807581688500,4572140601
1786476808616390000,4573170568
1786476809646726500,4574210440
1786476810721628500,4575290514
1786476811752892500,4576310572
1786476812786664500,4577340698
1786476813811893500,4578372116
1786476814821825000,4579392155
1786476815852428500,4580411385
1786476816892013000,4581450804
1786476817952430000,4582510222
1786476818981758500,4583540664
1786476820011838000,4584570424
1786476821031708000,4585590241
1786476822057180000,4586610204
1786476823061399500,4587619858
1786476824062204000,4588630253
1786476825101581000,4589660461
1786476826126671000,4590700051
1786476827152417500,4591711890
1786476828162687000,4592701630
1786476829171994500,4593730157
1786476830191576000,4594750277
1786476831243049000,4595780394
1786476832326835500,4596882161
1786476833351742500,4597900337
1786476834381100000,4598940276
1786476835391772000,4599951021
1786476836412322000,4600970408
1786476837462421000,4602020103
1786476838511737000,4603050203
1786476839561324500,4604120186
1786476840581332500,4605130187
1786476841621363500,4606180798
1786476842646351500,4607210279
1786476843656500500,4608209988
1786476844686837000,4609249861
1786476845731938500,4610260174
1786476846800546500,4611353685
1786476847811624500,4612370307
1786476904616969000,4669179999
1786476905650715500,4670200924
1786476906605885500,4671169830
1786476907591479500,4672150459
1786476908607219500,4673169713
1786476909612447500,4674171159
1786476910667201000,4675232044
1786476911717308500,4676279722
1786476912741678000,4677300561
1786476913770971500,4678330208
1786476914796717000,4679340087
1786476916584228000,4680878016
1786476918843983000,4683160134
1786476920954264000,4685321966
1786476922984759500,4687560622
1786476924852850500,4689539922
1786476926001550500,4690549332
1786476927020860000,4691579409
1786476928017464000,4692579653
1786476929044723000,4693609871
1786476930025841500,4694589794
1786476931021351000,4695582935
1786476932050611000,4696619538
1786476933041265500,4697609512
1786476934036160000,4698607390
1786476935026341500,4699589996
1786476995064290000,4759630110
1786476996086700500,4760659313
1786476997111158000,4761669668
1786476998076350500,4762639470
1786476999076197000,4763639265
1786477000081136500,4764629360
1786477001091228500,4765638898
1786477002111376000,4766660028
1786477003151170000,4767691183
1786477004206465500,4768759753
1786477005201303500,4769760421
1786477006218098500,4770779478
1786477007227041500,4771789457
1786477008220867000,4772769994
1786477009216042000,4773779607
1786477010256452500,4774779658
1786477011311083500,4775870085
1786477012316085000,4776869420
1786477013300692000,4777860438
1786477014291866500,4778849839
1786477015895106500,4780247793
1786477018720638500,4783085992
1786477020912402000,4785271548
1786477023001194500,4787458388
1786477024747549500,4789282754
1786477025816706500,4790381872
1786477026817448500,4791389444
1786477027800721000,4792369213
1786477028745780500,4793309842
1786477029700849500,4794259364
1786477030688062500,4795248646
1786477031701653000,4796241311
1786477032742772000,4797300262
1786477033772332500,4798330241
1786477034809870000,4799369226
1786477035821050000,4800369889
1786477036830336000,4801379852
1786477037816487500,4802379637
1786477038841489500,4803379960
1786477039881367500,4804440181
1786477040901874000,4805460708
1786477041931859500,4806491989
1786477042962583000,4807520168
1786477043976426500,4808539267
1786477045006854500,4809560399
1786477046066421500,4810599417
1786477047102801000,4811663445
1786477048126937000,4812689336
1786477049142190500,4813699043
1786477050163087000,4814729496
1786477051196990000,4815749740
1786477052243131500,4816800088
1786477053302015000,4817882947
1786477054363094000,4818920566
1786477055423675000,4819989638
1786477056476740000,4821041992
1786477057511557000,4822070531
1786477058541399500,4823099560
1786477059546743000,4824100124
1786477060590110000,4825159437
1786477061545963000,4826102553
1786477062521549000,4827078894
1786477063546771000,4828109590
1786477064531726000,4829089625
1786477065530995000,4830098932
1786477066537137500,4831098919
1786477067566394500,4832121851
1786477068592046500,4833149416
1786477069608020500,4834169189
1786477070620604500,4835179426
1786477071636565500,4836189538
1786477072650976000,4837211956
1786477073646336000,4838209214
1786477074676098500,4839219549
1786477075665780000,4840229268
1786477076657502000,4841229524
1786477077651024500,4842211539
1786477078646563000,4843209260
1786477079631402500,4844199560
1786477080633036500,4845190497
1786477081676360000,4846199612
1786477082661222500,4847229237
1786477083626284000,4848199077
1786477084605917500,4849169392
1786477085596133500,4850149151
1786477086556658500,4851129399
1786477087536602500,4852089364
1786477088551454000,4853109587
1786477089550980500,4854129261
1786477090526573000,4855090791
1786477091521142500,4856069154
1786477092526028000,4857079602
1786477093546414500,4858109512
1786477094552332500,4859119373
1786477095561412500,4860139003
1786477096606136000,4861169011
1786477097610754500,4862169155
1786477098641485500,4863199399
1786477099672198500,4864229296
1786477100711350000,4865269374
1786477101736260000,4866299599
1786477102736182000,4867299199
1786477103746044500,4868319121
1786477104741438000,4869299397
1786477105781662000,4870349139
1786477106771453000,4871328808
1786477107805980500,4872369555
1786477108811436000,4873380124
1786477109821412500,4874380259
1786477110821117000,4875389236
1786477111782634500,4876339006
1786477112781790000,4877352404
1786477113775785000,4878339110
1786477114801856500,4879360345
1786477115821367500,4880379647
1786477116846641000,4881409381
1786477117911482500,4882479306
1786477118931361000,4883489557
1786477119946705500,4884498958
1786477120976920500,4885539411
1786477122027605000,4886579667
1786477123046818500,4887619564
1786477124076336500,4888629558
1786477125141766000,4889699705
1786477126132479000,4890689245
1786477127151583000,4891709363
1786477128176360000,4892739616
1786477129171139000,4893729469
1786477130156080000,4894719312
1786477131166112000,4895719614
1786477132196473000,4896769193
1786477133216821000,4897779141
1786477134211072500,4898758722
1786477135226677000,4899789527
1786477136241364500,4900809735
1786477137251466000,4901799586
1786477138253434500,4902809351
1786477139285082500,4903838862
1786477140301710000,4904859569
1786477141321552000,4905879636
1786477142371772500,4906929247
1786477143406448500,4907969497
1786477144421157500,4908979399
1786477145421250000,4909978971
1786477146456362000,4911039231
1786477147491158000,4912049179
1786477148516646500,4913079223
1786477149551648500,4914109572
1786477150581606000,4915139589
1786477151586290000,4916149366
1786477152581284000,4917129311
1786477153661654500,4918228798
1786477154671474000,4919248952
1786477155676212500,4920239070
1786477156686085000,4921239072
1786477157721908000,4922278913
1786477158741249000,4923290534
1786477159751544500,4924309090
1786477160786157500,4925349075
1786477161766273500,4926319412
1786477162786883000,4927350906
1786477163792711000,4928349098
1786477164812228000,4929369511
1786477165816485500,4930379267
1786477166841237000,4931399277
1786477167885639000,4932439948
1786477168922299500,4933479756
1786477169956548500,4934509332
1786477170996502500,4935559607
1786477172031917000,4936589256
1786477173041230500,4937589116
1786477174056343500,4938619517
1786477175141717500,4939699274
1786477176167013500,4940729063
1786477177207713000,4941760258
1786477178241708000,4942799778
1786477179256250000,4943809080
1786477180246015000,4944799576
1786477181226494000,4945789506
1786477182301188500,4946868963
1786477183286734000,4947839062
1786477184306188000,4948858833
1786477185311348500,4949868978
1786477186326261500,4950889195
1786477187331641500,4951889439
1786477188347141000,4952898990
1786477189431442500,4953989023
1786477190441040000,4955008796
1786477191446408000,4956009412
1786477192461923000,4957019476
1786477193511494000,4958069174
1786477194531345500,4959068889
1786477195561253000,4960138720
1786477196611433000,4961178880
1786477197616059500,4962169217
1786477198636801500,4963199244
1786477199611162500,4964168317
1786477200627155000,4965179249
1786477201641183500,4966199151
1786477202636032000,4967199270
1786477203706336000,4968269124
1786477204701378000,4969258625
1786477205691015000,4970259286
1786477206701228000,4971249278
1786477207691324500,4972239001
1786477208696130000,4973269330
1786477209681061000,4974239093
1786477210701989500,4975269356
1786477211742657000,4976289311
1786477212786823000,4977339543
1786477213822005500,4978379455
1786477214861338500,4979409003
1786477215891774500,4980450368
1786477216932122000,4981489350
1786477218016481000,4982569359
1786477219031536000,4983589228
1786477220061589000,4984619897
1786477221091927500,4985648945
1786477222121739500,4986678870
1786477223141557500,4987699164
1786477224177194500,4988729667
1786477225271696000,4989830020
1786477226281553500,4990838940
1786477227302420000,4991859862
1786477228351367000,4992909356
1786477229381683500,4993939204
1786477230403344000,4994959070
1786477231438740000,4995990175
1786477232531392000,4997089075
1786477233572273000,4998129237
1786477234576487500,4999129096
1786477235576823500,5000139397
1786477236592866500,5001149411
1786477237631880500,5002189653
1786477238656950000,5003209264
1786477239702151500,5004249692
1786477240731324000,5005299432
1786477241762603500,5006320653
1786477242792978000,5007349062
1786477243822170000,5008379970
1786477244852106000,5009409846
1786477245882230500,5010439700
1786477246913342000,5011469265
1786477247936310500,5012490091
1786477248968006000,5013519063
1786477250012404500,5014569565
1786477251026605500,5015592119
1786477252072250500,5016629673
1786477253112243500,5017659206
1786477254152559000,5018708516
1786477255181466000,5019730370
1786477256192753000,5020769835
1786477257206490500,5021758998
1786477258196191000,5022762538
1786477259196765500,5023748684
1786477260212831000,5024759376
1786477261296668500,5025859082
1786477262311218000,5026878771
1786477263301229500,5027858681
1786477264301249500,5028859046
1786477265301499500,5029859334
1786477266321854500,5030879480
1786477267352045000,5031909783
1786477268371548000,5032929364
1786477269396675000,5033959034
1786477270418763000,5034979518
1786477271436139000,5035998485
1786477272426669000,5036998723
1786477273461589500,5038019662
1786477274496742500,5039048746
1786477275504793500,5040060265
1786477276522222500,5041078632
1786477277562404000,5042119682
1786477278596993500,5043158381
1786477279591600000,5044150802
1786477280645055500,5045198815
1786477281656450500,5046208853
1786477282675529500,5047238723
1786477283662281500,5048219110
1786477284687066000,5049248431
1786477285709734500,5050268504
1786477286716300000,5051278877
1786477287711378000,5052268613
1786477288721281500,5053280128
1786477289662064000,5054219175
1786477290666875500,5055219321
1786477291671835000,5056228546
1786477292671084500,5057238975
1786477293681605000,5058230425
1786477294721399000,5059279012
1786477295751977500,5060309024
1786477296826671000,5061379839
1786477297857152500,5062408468
1786477298881537500,5063448493
1786477299891309500,5064449608
1786477300921751000,5065479748
1786477301946872000,5066499345
1786477302986292000,5067539288
1786477304031865000,5068589969
1786477305062921000,5069619933
1786477306148885500,5070689592
1786477307200371000,5071749392
1786477308242404000,5072799139
1786477309261837500,5073818910
1786477310291719500,5074849114
1786477311326951500,5075889327
1786477312356540000,5076920959
1786477313382013500,5077939265
1786477314412466000,5078969115
1786477315437366500,5079990356
1786477316472134500,5081028774
1786477317539306500,5082068587
1786477318602233000,5083158530
1786477319656408500,5084209371
1786477320691861000,5085249434
1786477321721752000,5086268901
1786477322752016000,5087309868
1786477323766162500,5088328865
1786477324837044000,5089371868
1786477325896531500,5090458752
1786477326921755000,5091483174
1786477327966596500,5092528882
1786477328992153500,5093548604
1786477330021754500,5094578936
1786477331057045500,5095619412
1786477332137858500,5096668506
1786477333198216000,5097750382
1786477334232664000,5098789087
1786477335263491000,5099818878
1786477336287905000,5100838878
1786477337331704500,5101889441
1786477338371920500,5102928886
1786477339466262500,5104019750
1786477340496921500,5105048881
1786477341542105500,5106099028
1786477342582544000,5107139391
1786477343601489000,5108160961
1786477344636973500,5109198850
1786477345662234500,5110218731
1786477346716705000,5111278766
1786477347736454500,5112288568
1786477348764749500,5113319037
1786477349781920000,5114349910
1786477350781101500,5115348345
1786477351751248000,5116308800
1786477352746979000,5117309174
1786477353817130500,5118379125
1786477354811037000,5119378190
1786477355808924500,5120370280
1786477356829443500,5121378652
1786477357824083000,5122391418
1786477358831514500,5123408301
1786477359837988500,5124399409
1786477360851414500,5125419214
1786477361830648500,5126397957
1786477362821032500,5127388595
1786477363826573000,5128398009
1786477364821531500,5129388659
1786477365853257500,5130411281
1786477366883453500,5131439683
1786477375480072000,5147254474
1786477384718368500,5149158395
1786477386371944500,5150928556
1786477387405368500,5151958509
1786477388435304500,5152999624
1786477389512013000,5154078410
1786477390501673000,5155058865
1786477391520403500,5156078665
1786477392488671000,5157058688
1786477393483270500,5158032222
1786477394503508000,5159068407
1786477395497436000,5160068410
1786477396507606000,5161102643
1786477397517561500,5162078221
1786477398496470500,5163059029
1786477399487412500,5164058453
1786477400472286500,5165038318
1786477401485015000,5166019114
1786477403126755000,5167504010
1786477405286286500,5169678935
1786477407403971500,5171767440
1786477409388614000,5173801351
1786477411625723500,5176248665
1786477412700967000,5177258392
1786477413716372500,5178287870
1786477414681520000,5179258180
1786477415661739000,5180218658
1786477416650493000,5181207948
1786477417655925000,5182199056
1786477418686080000,5183248505
1786477419696813500,5184269064
1786477420710869000,5185278161
1786477421685525000,5186259241
