# host_unix_ns,fpga_counter_us
1786383129409448000,173720
1786383130423705000,1189418
1786383131458639500,2241546
1786383132523903000,3282219
1786383133558544500,4319734
1786383134593957500,5349745
1786383135623840500,6379506
1786383136658220500,7419634
1786383137668857500,8420606
1786383138698487500,9459815
1786383139719257000,10479476
1786383140733633500,11490163
1786383141768630500,12519093
1786383142793955500,13550539
1786383143813255000,14569367
1786383144823632500,15579439
1786383145915594500,16669635
1786383146933359000,17689342
1786383147948617500,18709473
1786383148983590500,19729582
1786383150003545500,20769541
1786383150988893500,21749467
1786383152013816000,22769145
1786383153100317500,23859230
1786383154118661500,24869650
1786383155148746000,25899780
1786383156183436500,26939653
1786383157209189000,27969105
1786383158218808000,28979368
1786383159249096000,30000400
1786383160323900500,31079682
1786383161349270000,32099687
1786383162383056000,33149335
1786383163403375000,34159466
1786383164394313000,35149337
1786383165398307000,36159210
1786383166403751000,37159426
1786383167484044500,38239364
1786383168508284500,39269231
1786383169533850000,40299455
1786383170569292500,41330311
1786383171588064000,42349502
1786383172589960000,43349300
1786383173593985500,44359363
1786383174618164000,45370247
1786383175624255500,46381093
1786383176648783000,47409602
1786383177663117500,48419691
1786383178673635000,49429517
1786383179687810000,50439625
1786383180708630000,51470074
1786383181773524000,52529524
1786383182793411500,53559000
1786383183814581000,54569524
1786383184833635000,55599957
1786383185838730500,56600086
1786383186848978500,57609450
1786383187848418000,58609404
1786383188915807000,59679566
1786383189913081000,60669299
1786383190918456500,61678869
1786383191938116500,62689504
1786383192948264500,63709441
1786383193970097000,64729275
1786383194984660000,65742117
1786383196053627000,66809101
1786383197073782500,67829928
1786383198103338000,68859261
1786383199117313500,69858913
1786383200113530000,70872547
1786383201133372000,71885687
1786383202152924500,72911858
1786383203223488000,73979779
1786383204283569500,75039162
1786383205313644500,76069399
1786383206333863000,77089415
1786383207393198000,78139917
1786383208440189500,79189169
1786383209458967000,80221114
1786383210548176500,81299076
1786383211588388500,82340328
1786383212633280000,83389432
1786383213653337000,84409380
1786383214683866500,85439094
1786383215728283500,86509218
1786383216762944500,87529068
1786383217773444000,88538960
1786383218793784500,89549944
1786383219818718500,90569410
1786383220837902000,91589139
1786383221853730500,92609133
1786383222843689500,93609326
1786383223848880500,94609854
1786383224823014500,95589459
1786383225848096500,96598997
1786383226868105500,97629257
1786383227880305000,98639116
1786383228898463500,99649831
1786383229933265500,100689036
1786383230964315500,101719421
1786383232013219000,102758790
1786383233034621000,103779294
1786383234023174000,104779304
1786383235022931000,105788948
1786383236048030000,106809484
1786383237072967000,107819484
1786383238113351500,108859309
1786383239182958500,109939263
1786383240199175500,110959184
1786383241233511000,111989190
1786383242237943000,112999192
1786383243252834000,114008822
1786383244252669500,115009531
1786383245268111500,116018527
1786383246339339000,117100857
1786383247352900000,118109062
1786383248362578500,119119302
1786383249352446500,120109017
1786383250362850500,121128906
1786383251377524000,122139158
1786383252387977500,123149534
1786383253439413000,124179201
1786383254453131000,125218912
1786383255463279500,126219055
1786383256477698500,127239136
1786383257467835500,128219252
1786383258517721000,129335924
1786383259567948500,130329175
1786383260648099500,131409494
1786383261709296500,132469438
1786383262729474000,133488853
1786383263754273500,134509189
1786383264783734000,135538960
1786383265823217500,136578946
1786383266863495500,137619089
1786383267903318000,138659297
1786383268962949500,139709115
1786383270008202000,140769045
1786383271033337000,141791320
1786383272063625000,142818972
1786383273083356000,143839216
1786383274141241500,144859241
1786383275178067000,145939146
1786383276173698000,146939301
1786383277177572000,147929321
1786383278177731000,148929119
1786383279199319500,149949403
1786383280228050000,150979084
1786383281232816000,151991053
1786383282252818000,153009160
1786383283262848000,154018865
1786383284262724000,155028830
1786383285237696500,156000261
1786383286272835000,157031444
1786383287278642000,158038990
1786383288277646000,159039230
1786383289273104500,160029117
1786383290297684000,161059942
1786383291313524000,162079037
1786383292328497500,163078807
1786383293338892500,164089151
1786383294358153000,165119546
1786383295388462500,166149232
1786383296412843000,167169202
1786383297437686000,168189322
1786383298457361000,169218931
1786383299457865000,170209107
1786383300472782000,171238939
1786383301497968000,172258615
1786383302513045000,173268965
1786383303532793000,174279248
1786383304547893000,175298981
1786383305562557500,176318621
1786383306582651000,177339441
1786383307602181500,178361094
1786383308597403000,179348898
1786383309578353500,180334876
1786383310819990500,181538940
1786383312811039000,183288556
1786383314298316500,185048890
1786383315303319500,186058567
1786383316312875500,187068835
1786383317373587500,188147026
1786383318383019000,189139080
1786383319392322500,190139157
1786383320379259000,191139246
1786383321393575500,192149265
1786383322407613500,193159213
1786383323387837000,194148674
1786383324392532500,195138127
1786383325402089000,196161653
1786383326342399000,197108651
1786383327312455500,198068960
1786383328322724500,199079446
1786383329307357000,200068876
1786383330309195000,201068662
1786383331323402000,202058892
1786383332309027000,203078807
1786383333302609000,204059910
1786383334327995500,205089228
1786383335352576000,206108952
1786383336347029000,207108782
1786383337347471500,208109338
1786383338362520000,209119149
1786383339393790500,210149911
1786383340432676000,211188918
1786383341452493500,212208868
1786383342468051500,213229969
1786383343488042000,214248852
1786383344507370000,215259228
1786383345532890000,216278996
1786383346607494000,217359015
1786383347655723000,218411275
1786383348687332000,219449585
1786383349698331000,220458802
1786383350707881000,221461522
1786383351742515500,222499238
1786383352801174000,223534813
1786383353842688500,224598553
1786383354857697500,225618958
1786383355867714000,226629162
1786383356897313000,227638755
1786383357967443000,228768073
1786383359108955500,229798912
1786383360272546500,231062296
1786383361322464500,232079004
1786383362348332500,233098761
1786383363372264500,234128786
1786383364392298500,235149173
1786383365412599500,236168871
1786383366437215000,237189439
1786383367462565500,238249475
1786383368512321000,239268950
1786383369527456500,240288888
1786383370542380500,241298809
1786383371547645000,242308743
1786383372605955000,243358960
1786383373622509500,244378840
1786383374723815500,245488781
1786383375721861000,246478940
1786383376727905500,247488887
1786383377745248000,248489126
1786383378762567000,249528867
1786383379773402500,250528294
1786383380797022500,251568592
1786383381858964500,252618815
1786383382844900000,253608833
1786383383882095000,254628721
1786383384892054000,255648733
1786383385907650000,256669109
1786383386907411500,257678928
1786383387928412500,258689073
1786383388967755500,259748751
1786383390023175500,260778661
1786383391052824500,261818600
1786383392083619000,262839610
1786383393093058500,263848722
1786383394093063000,264858599
1786383395072679000,265838565
1786383396082264000,266878459
1786383397117087000,267868507
1786383398101937000,268859001
1786383399124002500,269878855
1786383400147762000,270898920
1786383401192712500,271948733
1786383402199774500,272958265
1786383403251313000,274038987
1786383404309029500,275068721
1786383405333003000,276098515
1786383406317163000,277068986
1786383407322373000,278078902
1786383408341444000,279098624
1786383409367438500,280119797
1786383410402502500,281179215
1786383411451979000,282208709
1786383412472655500,283229036
1786383413484493000,284238703
1786383414487796000,285248589
1786383415502421500,286248553
1786383416512568500,287269830
1786383417562306500,288329049
1786383418602337500,289358666
1786383419622519000,290381082
1786383420612261500,291378770
1786383421631868000,292388933
1786383422637573500,293389109
1786383423698890500,294458235
1786383424711780500,295489640
1786383425726770500,296498704
1786383426716901000,297468532
1786383427737662000,298498512
1786383428769264500,299519361
1786383429793375500,300548655
1786383430807204500,301569104
1786383431867141000,302628752
1786383432876775500,303638367
1786383433870162000,304628212
1786383434866427000,305618455
1786383435831817500,306598620
1786383436852597500,307611871
1786383437866986000,308618550
1786383438891911500,309619021
1786383439936634000,310698740
1786383440931446000,311688406
1786383441912684000,312668615
1786383442890919000,313648490
1786383443902009500,314668729
1786383444892337000,315648629
1786383445917245000,316668684
1786383446941949500,317698624
1786383447977483000,318728852
1786383449002255500,319759702
1786383450036914000,320798605
1786383451062267000,321798655
1786383452097543500,322848865
1786383453146537000,323878439
1786383454181937500,324938517
1786383455259541000,326009191
1786383456292065500,327048742
1786383457307001000,328058658
1786383458341924500,329098813
1786383459370367500,330118555
1786383460427148500,331208957
1786383461467345500,332228652
1786383462491845500,333248708
1786383463507426500,334269044
1786383464557234000,335308811
1786383465597649500,336348998
1786383466607568000,337358667
1786383467704276000,338458920
1786383468717244500,339468741
1786383469727082000,340488535
1786383470731902000,341498499
1786383471728345500,342488471
1786383472762404500,343518758
1786383473757657000,344518182
1786383474830948500,345588954
1786383475862144500,346618304
1786383476902323500,347668471
1786383477912375000,348668906
1786383478931998500,349688472
1786383479931640500,350678752
1786383480951716000,351708951
1786383482011484500,352758543
1786383483026893000,353788507
1786383484042327000,354798316
1786383485077371000,355838415
1786383486066489000,356818285
1786383487061584000,357828599
1786383488036544000,358797821
1786383489037702000,359805375
1786383490066752500,360818421
1786383491081764500,361838562
1786383492106323500,362858592
1786383493091416500,363848719
1786383494081831500,364838472
1786383495072269500,365808566
1786383496116866000,366904306
1786383497162886500,367918710
1786383498166082000,368928540
1786383499167378500,369928311
1786383500228681000,370999068
1786383501286715000,372048199
1786383502281371500,373048540
1786383503286718500,374052478
1786383504306789500,375058095
1786383505336732000,376098572
1786383506336996500,377108501
1786383507376742000,378129375
1786383508407336500,379158474
1786383509452296000,380208901
1786383510502001500,381278448
1786383511551897000,382298843
1786383512578081000,383318160
1786383513547494000,384298402
1786383514561757500,385318322
1786383515596849500,386358501
1786383516616879000,387378382
1786383517656982000,388428470
1786383518696585000,389448317
1786383519706917000,390458784
1786383520701371000,391458487
1786383521726481000,392477909
1786383522731416500,393478492
1786383523731826000,394487911
1786383524844985500,395624337
1786383525886966500,396640261
1786383526891609500,397658349
1786383527876479000,398638708
1786383528881878000,399638423
1786383529898626500,400658732
1786383530906756500,401668963
1786383531942444000,402728526
1786383532986674500,403748302
1786383534021418000,404778671
1786383535026279000,405788068
1786383536031279500,406788367
1786383537042025000,407798134
1786383538056502000,408828295
1786383539086659500,409878310
1786383540161382500,410928683
1786383541166679500,411928326
1786383542161352500,412918321
1786383543192187000,413948537
1786383544211815500,414968475
1786383545231888000,415988382
1786383546251134000,417028106
1786383547286383500,418038295
1786383548306235500,419068365
1786383549321224000,420078104
1786383550341368000,421108366
1786383551326298500,422088272
1786383552326353000,423088578
1786383553336839500,424107374
1786383554362549000,425118407
1786383555390960500,426148370
1786383556412052500,427168671
1786383557426416500,428188341
1786383558431557000,429189198
1786383559436402000,430208468
1786383560729301000,431445794
1786383561861723500,432608663
1786383562861095000,433628073
1786383563871514500,434628616
1786383564891552000,435648321
1786383565886433000,436639986
1786383566926606000,437678490
1786383568032141000,438798527
1786383569051374000,439808787
1786383570061548500,440818304
1786383571081943500,441838465
1786383572082012000,442838434
1786383573086159500,443838528
1786383574091490000,444858218
1786383575116936500,445887573
1786383576111810500,446868481
1786383577125980000,447877452
1786383578141279000,448897966
1786383579156586000,449908140
1786383580156078000,450918043
1786383581166233000,451918288
1786383582181301000,452946185
1786383583191598000,453948491
1786383584212154000,454968421
1786383585236116000,455998274
1786383586231114500,456998125
1786383587220775500,457992545
1786383588226158500,458977992
1786383589261187500,460017969
1786383590256102000,461008190
1786383591266220500,462028203
1786383592311359000,463058375
1786383593356221500,464108278
1786383594406709000,465158311
1786383595431787500,466188228
1786383596501438000,467250475
1786383597511475500,468269235
1786383598500920500,469258333
1786383599510916000,470277957
1786383600521077000,471278331
1786383601531175000,472288726
1786383602556684500,473315845
1786383603626604000,474387889
1786383604656325500,475418281
1786383605701543000,476458425
1786383606716679500,477478219
1786383607726503500,478498937
1786383608725996000,479488047
1786383609715934500,480479066
1786383610776523500,481538216
1786383611766163500,482528532
1786383612780917500,483538214
1786383613791667000,484548512
1786383614821059500,485588000
1786383615832742000,486588853
1786383616851753500,487608353
1786383617941641000,488698176
1786383618971169000,489738138
1786383619986030500,490758053
1786383620986226000,491738128
1786383621991028000,492747943
1786383623026009500,493792201
1786383624041216500,494798023
1786383625126237000,495888293
1786383626120860000,496878052
1786383627120848000,497877091
1786383628121142000,498887143
1786383629141275500,499898069
1786383630146373500,500909057
1786383631171243500,501928244
1786383632231395500,502997932
1786383633231884000,503991675
1786383634241429500,504997841
1786383635272492000,506028188
1786383636256138500,507017672
1786383637241224000,507988005
1786383638251749500,509018741
1786383639318558500,510077867
1786383640345699000,511109076
1786383641380604500,512138470
1786383642387410000,513148212
1786383643511923000,514268022
1786383644506065000,515267945
1786383645501466000,516268288
1786383646545894500,517308232
1786383647538258500,518287773
1786383648551308500,519308122
1786383649571040000,520318521
1786383650567209500,521317520
1786383651560725500,522317952
1786383652551355500,523318070
1786383653612138000,524368005
1786383654630675000,525388322
1786383655631017000,526388272
1786383656636084000,527398117
1786383657646025000,528408106
1786383658645948500,529408367
1786383659656014500,530407533
1786383660734053000,531488077
1786383661765561000,532518052
1786383662785899500,533548191
1786383663805714500,534569441
1786383664820805500,535607121
1786383665816553500,536578345
1786383666836152000,537598981
1786383667911713500,538668182
1786383668941057000,539705122
1786383669956201500,540707933
1786383670986440500,541748301
1786383672000766000,542767921
1786383673002520000,543767769
1786383674010757500,544774582
1786383675061822500,545818185
1786383676076100500,546838122
1786383677086800500,547857747
1786383678075783000,548828203
1786383679091483000,549851562
1786383680117201000,550878476
1786383681131038000,551888097
1786383682216672000,552978496
1786383683220354000,553978005
1786383684245931500,555008198
1786383685250603000,556009294
1786383686275836500,557027971
1786383687290681500,558057950
1786383688306052500,559058029
1786383689361885500,560118834
1786383690380921500,561138204
1786383691430843000,562157816
1786383692477223500,563237957
1786383693501864500,564267800
1786383694528800000,565278068
1786383695570742000,566328010
1786383696641053000,567398050
1786383697662292000,568428065
1786383698665240500,569437909
1786383699674802500,570437878
1786383700702000500,571457744
1786383701676684500,572437416
1786383702650590000,573408071
1786383703711752000,574468023
1786383704734249500,575488113
1786383705730458500,576487944
1786383706720585500,577477622
1786383707745716500,578498141
1786383708765446000,579518397
1786383709776695000,580537931
1786383710808377500,581568528
1786383711780968500,582547139
1786383712791017500,583547483
1786383713805410000,584567673
1786383714811024000,585568515
1786383715841111000,586597633
1786383716850779500,587618010
1786383717866239500,588637892
1786383718880345000,589637898
1786383719880796500,590634705
1786383720875984000,591637809
1786383721885574000,592648595
1786383722868478000,593637666
1786383723871168000,594637705
1786383724910359500,595652487
1786383725940784500,596697949
1786383726945525000,597708017
1786383727970409000,598728534
1786383728995540500,599757783
1786383729975476000,600737470
1786383730975156000,601727905
1786383732001094000,602737212
1786383733041360500,603802489
1786383734072934000,604828047
1786383735100977500,605857693
1786383736130767000,606888107
1786383737155561500,607917922
1786383738230787500,608937811
1786383739321193500,610087926
1786383740335335500,611092896
1786383741340725000,612096884
1786383742360359000,613118186
1786383743401447000,614157767
1786383744410557000,615167811
1786383745534498500,616287570
1786383746610479000,617368488
1786383747631172500,618387574
1786383748640898500,619407793
1786383749645600500,620398127
1786383750631870000,621387767
1786383751640476500,622397597
1786383752629944500,623387748
1786383753690261000,624447925
1786383754685191000,625436973
1786383755660253000,626417949
1786383756646314000,627417644
1786383757655659000,628430229
1786383758676785500,629417968
1786383759740110500,630428729
1786383761074418000,631833599
1786383762135476000,632897956
1786383763125072000,633897951
1786383764140235500,634887208
1786383765181373000,635927819
1786383766225308000,636988853
1786383767245522500,638008593
1786383768305466000,639057859
1786383769332002500,640088783
1786383770355433000,641107580
1786383771381905500,642127969
1786383772395376000,643157807
1786383773386045000,644158409
1786383774365155500,645127740
1786383775390494000,646157573
1786383776400585000,647162078
1786383777426218500,648177953
1786383778450380000,649207753
1786383779440657000,650217718
1786383780440563000,651198070
1786383781480729500,652237212
1786383782540784000,653297623
1786383783555898000,654317745
1786383784570388000,655317582
1786383785581576500,656347703
1786383786615076000,657367796
1786383787620555500,658378334
1786383788645370000,659407322
1786383789695312500,660457744
1786383790715338000,661457828
1786383791750962000,662517724
1786383792764922500,663527755
1786383793760271000,664517798
1786383794780793500,665537619
1786383795810412000,666577760
1786383797355370000,668118235
1786383798365098500,669117913
1786383799350149000,670127809
1786383800337067500,671098120
1786383801361634500,672117742
1786383802372122000,673137700
1786383803370468500,674117595
1786383804381121000,675137079
1786383805381360000,676138170
1786383806410631000,677174090
1786383807441308500,678198847
1786383808471090000,679228054
1786383809506133500,680258169
1786383810561250000,681288361
1786383811611887500,682368801
1786383812650980000,683408726
1786383813681083000,684440880
1786383814720595500,685478719
1786383815752500000,686507508
1786383816764985500,687519884
1786383817789558000,688507735
1786383818824993000,689577770
1786383819805259500,690567483
1786383820795323500,691547585
1786383821819990000,692577559
1786383822860135000,693617657
1786383823869831000,694637457
1786383824880393500,695637666
1786383825905413500,696668727
1786383826914791500,697677651
1786383827915340500,698677355
1786383828930987500,699687610
1786383829960618500,700718014
1786383830995012000,701758138
1786383832030036000,702778439
1786383833055098500,703807988
1786383834075377000,704837581
1786383835074636500,705827676
1786383836091427500,706847374
1786383837129944000,707887446
1786383838155517000,708918066
1786383839210964500,709937886
1786383840275438500,711028193
1786383841269956500,712027150
1786383842245251500,712997643
1786383843260183500,714017264
1786383844285447500,715037740
1786383845320318000,716078533
1786383846345338500,717097495
1786383847380715500,718142452
1786383848420436500,719177859
1786383849450148000,720207492
1786383850470296000,721227953
1786383851500431000,722258111
1786383852525051000,723281220
1786383853566313500,724297406
1786383854605188500,725367561
1786383855594669000,726357865
1786383856609998000,727369314
1786383857634911000,728378103
1786383858680160500,729437725
1786383859670109000,730457941
1786383860695113500,731427139
1786383861709907500,732477438
1786383862736286500,733501259
1786383863770060000,734517090
1786383864789589000,735547254
1786383865789276500,736546954
1786383866799487500,737557541
1786383867796209000,738536504
1786383868830902000,739588103
1786383869855195500,740618044
1786383870875213000,741627399
1786383871900804000,742657783
1786383872941226500,743701445
1786383873964990500,744727997
1786383875009997000,745737548
1786383876064859000,746827488
1786383877095413000,747847568
1786383878119606000,748878992
1786383879164823500,749917982
1786383880240489000,750947458
1786383881324199000,752077620
1786383882412057500,753167710
1786383883439753000,754197531
1786383884424652500,755187175
1786383885439774000,756197265
1786383886464644500,757237023
1786383887459866000,758227479
1786383888470592000,759236707
1786383889469406000,760247918
1786383890509519000,761277189
1786383891494648000,762247302
1786383892509713500,763267710
1786383893544519500,764307534
1786383894570639500,765327940
1786383895600678500,766360331
1786383896614373500,767397422
1786383897649971000,768417645
1786383898667886500,769427426
1786383899680292000,770437498
1786383900704332500,771467338
1786383901714590500,772477269
1786383902724416000,773487385
1786383903770083000,774546915
1786383904839686000,775597217
1786383905859631000,776630177
1786383906889416500,777647507
1786383907909820500,778667701
1786383908920009000,779687341
1786383909944764500,780707536
1786383911022413500,781777785
1786383912019516000,782788383
1786383913024692500,783787409
1786383914039367500,784798482
1786383915050725000,785807792
1786383916139539500,786957748
1786383917378445500,788108543
1786383918627175500,789298233
1786383920092425500,790811664
1786383921515585500,792248679
1786383922808333000,793548592
1786383924135728000,794872106
1786383925502609000,796197354
1786383926757885000,797513462
1786383928113596500,798806033
1786383929375111500,800108366
1786383930647203000,801359266
1786383932036561000,802738877
1786383933450834000,804225078
1786383934742586000,805486622
1786383936091969500,806852058
1786383937478204000,808178393
1786383938718514500,809478340
1786383940088948500,810798653
1786383941444062500,812167405
1786383942741869500,813466990
1786383944066784500,814788733
1786383945438962000,816128620
1786383946688413000,817438344
1786383948044931500,818727134
1786383949255488500,820038239
1786383950477781500,821179556
1786383951651028500,822379073
1786383952701259000,823447334
1786383953744624500,824520637
1786383954810044000,825558366
1786383955835177500,826587423
1786383956870548500,827617146
1786383957906091500,828647327
1786383958941902000,829687285
1786383959966876000,830707376
1786383960991320000,831747376
1786383962001798000,832757242
1786383963016939500,833767089
1786383964087755000,834807324
1786383965275414500,835988504
1786383966964784000,837548569
1786383969739593500,840610638
1786383972048796500,842709147
1786383973833047000,844609170
1786383976147383000,846998452
1786383978041718500,848804839
1786383979435438500,850140954
1786383980586902500,851297514
1786383981691539000,852471987
1786383982814303000,853599924
1786383984014458500,854728459
1786383985223918000,855858275
1786383986678542500,857359217
1786383988080710500,858839685
1786383989549459500,860049376
1786383990902794000,861620620
1786383992031500500,862748436
1786383993162298000,863878866
1786383994282337000,865055351
1786383995511426500,866204629
1786383997202087500,867856759
1786383998713080500,869395949
1786383999925853000,870620676
1786384001090268000,871870905
1786384002190831500,872968681
1786384003435521500,874129027
1786384004617266500,875337580
1786384006000417000,876668081
1786384007364108500,878106961
1786384008394376000,879137291
1786384009394737000,880147483
1786384010418625000,881156755
1786384011429642500,882187227
1786384012454409500,883198236
1786384013489332500,884227018
1786384014524656000,885267095
1786384015564801500,886307153
1786384016595316000,887337974
1786384017609363000,888346905
1786384018629212500,889366904
1786384019659409500,890396966
1786384020714802000,891457225
1786384021747626000,892487087
1786384022774068000,893517095
1786384023789693500,894537148
1786384024829395500,895577241
1786384025920860500,896657555
1786384026914460500,897656941
1786384027924502500,898657375
1786384028946017500,899678310
1786384029949117000,900686749
1786384030959091500,901697340
1786384032044428000,902760420
1786384033094287000,903846785
1786384034064353000,904807435
1786384035079610000,905817099
1786384036124622000,906867512
1786384037153733000,907896787
1786384038149569500,908897356
1786384039169021000,909916928
1786384040199632500,910946458
1786384041210399000,911936945
1786384042214292500,912956877
1786384043234398000,913977058
1786384044249233500,914996921
1786384045279379000,916026780
1786384046283944000,917026616
1786384047359572500,918096940
1786384048375090000,919117020
1786384049405628000,920146811
1786384050440084500,921186594
1786384051474205500,922210146
1786384052489150000,923227376
1786384053535247000,924246816
1786384054574572000,925317895
1786384055599383000,926337308
1786384056619422000,927369372
1786384057615922500,928377158
1786384058625569500,929366710
1786384059644332000,930386872
1786384060664380500,931387649
1786384061719631000,932465434
1786384062724381000,933467361
1786384063764445000,934507090
1786384064829492500,935567141
1786384065874638500,936617038
1786384066911098000,937657001
1786384067999563000,938737217
1786384069045054000,939787537
1786384070104798500,940847545
1786384071149493000,941886995
1786384072169740500,942906972
1786384073179491500,943917249
1786384074209481500,944947171
1786384075274041500,945988212
1786384076324984500,947066803
1786384077359728000,948107018
1786384078385318000,949137421
1786384079500234000,950186875
1786384080738276000,951476249
1786384081771018500,952517574
1786384082866328000,953607263
1786384083889791500,954637141
1786384084894601000,955637073
1786384085923914000,956666923
1786384086934981000,957676177
1786384087941722500,958676889
1786384089039435000,959786823
1786384090030671000,960776495
1786384091039271000,961776852
1786384092051886500,962797154
1786384093069782500,963806793
1786384094114588500,964857161
1786384095139672000,965886372
1786384096149736000,966887050
1786384097239660000,967976942
1786384098279578000,969017692
1786384099335584000,970077088
1786384100374375500,971116616
1786384101394216500,972136862
1786384102424353000,973166674
1786384103439544500,974176694
1786384104454372000,975197223
1786384105475022500,976218159
1786384106489540000,977236631
1786384107494282500,978226839
1786384108529400500,979276960
1786384109560207000,980306772
1786384110564367000,981307525
1786384111554469000,982306976
1786384112570008000,983318411
1786384113589089500,984326643
1786384114599470000,985336362
1786384115614062500,986356600
1786384116629692000,987386664
1786384117634429500,988377005
1786384118664386500,989406819
1786384119684561500,990428103
1786384120709235000,991456880
1786384121734636500,992476850
1786384122764978000,993496804
1786384123826178500,994556700
1786384124854825500,995596852
1786384125884372500,996626727
1786384126894626500,997646432
1786384127914844500,998646816
1786384128954378000,999696594
1786384129966048000,1000706893
1786384130995157500,1001737107
1786384131994510000,1002736253
1786384133029300500,1003766781
1786384134054700500,1004796506
1786384135085463000,1005826794
1786384136094615500,1006836769
1786384137114589500,1007856580
1786384138149359500,1008889786
1786384139186206000,1009927180
1786384140205836500,1010950010
1786384141249501000,1011986385
1786384142274690500,1013016742
1786384143289516000,1014026895
1786384144304414000,1015056815
1786384145300095500,1016046854
1786384146299430000,1017037509
1786384147310643500,1018056471
1786384148329499000,1019077318
1786384149339557000,1020087004
1786384150359149000,1021106626
1786384151359017500,1022106786
1786384152344422000,1023088180
1786384153339485000,1024086361
1786384154369463000,1025116544
1786384155361408500,1026116639
1786384156379674500,1027116394
1786384157395516000,1028136437
1786384158430017000,1029176985
1786384159444554000,1030186786
1786384160465217500,1031206781
1786384161519120500,1032266650
1786384162544351000,1033296704
1786384163540912500,1034276966
1786384164534164000,1035276965
1786384165554560000,1036297043
1786384166589330500,1037327988
1786384167664729000,1038398186
1786384168734761000,1039477678
1786384169759429000,1040507257
1786384170764146500,1041508312
1786384171774701500,1042516928
1786384172804692000,1043547065
1786384173844533000,1044588085
1786384174869868000,1045616772
1786384175910023000,1046646905
1786384176970005500,1047706869
1786384178014444500,1048756558
1786384179039736000,1049788536
1786384180054972000,1050807409
1786384181080186500,1051832418
1786384182189410000,1052910131
1786384183284855500,1054027091
1786384184299705500,1055036357
1786384185336343500,1056076622
1786384186349433000,1057086960
1786384187529624500,1058246582
1786384188656122500,1059381232
1786384189871512000,1060556793
1786384191289765000,1061986288
1786384192592578000,1063319020
1786384193861530500,1064557877
1786384195214064000,1065928298
1786384196486816000,1067226945
1786384197834539000,1068548762
1786384199112040000,1069848561
1786384200459877000,1071177832
1786384201751392000,1072427836
1786384203079937500,1073797655
1786384204470607000,1075137546
1786384205796500500,1076543155
1786384207152853500,1077915976
1786384208532696500,1079238173
1786384209895011000,1080617925
1786384211206308500,1081927682
1786384212514860000,1083228578
1786384213787684000,1084527660
1786384215147098000,1085867817
1786384216531811000,1087196221
1786384217879888500,1088600146
1786384219205523000,1089974623
1786384220564963500,1091278274
1786384221975404000,1092687621
1786384223405322000,1094163833
1786384224806461500,1095498138
1786384226156330000,1096867823
1786384227418172500,1098116812
1786384228770548500,1099489580
1786384230038242500,1100737878
1786384231416195000,1102117720
1786384232952477000,1103657789
1786384234320091500,1104987424
1786384235589585000,1106308105
1786384236896569500,1107607709
1786384238151129000,1108928110
1786384239342030500,1110056859
1786384240452015000,1111196450
1786384241489236500,1112226582
1786384242515431000,1113256315
1786384243544634500,1114296051
1786384244574567500,1115316518
1786384245619844500,1116367449
1786384246685026000,1117399273
1786384247754736000,1118496374
1786384248795005500,1119536359
1786384249829858500,1120566481
1786384250879895500,1121616695
1786384251904348000,1122646575
1786384252934645000,1123676726
1786384253989715000,1124706545
1786384255034523500,1125776691
1786384256064767000,1126806852
1786384257074598000,1127816243
1786384258089515500,1128826817
1786384259104575500,1129846384
1786384260119791000,1130866140
1786384261154261500,1131876791
1786384262194086000,1132936452
1786384263219530000,1133956387
1786384264224820000,1134966375
1786384265254910000,1135996587
1786384266316523000,1137056502
1786384267324911000,1138076226
1786384268343916000,1139066448
1786384269389817000,1140127084
1786384270445182000,1141196463
1786384271485118000,1142226396
1786384272506370500,1143246681
1786384273531608000,1144266481
1786384274545729500,1145276768
1786384275614891500,1146376108
1786384276670656000,1147416495
1786384277699645500,1148435888
1786384278730096500,1149466364
1786384279774541500,1150516406
1786384280796007500,1151545875
1786384281810124500,1152556389
1786384282861476500,1153606329
1786384283884620500,1154626505
1786384284909890500,1155656850
1786384285928826500,1156666295
1786384286959386500,1157696440
1786384287969968000,1158716263
1786384288984660000,1159726776
1786384290049461000,1160795925
1786384291060251500,1161796731
1786384292115954000,1162857569
1786384293144982500,1163886183
1786384294184649000,1164926652
1786384295209568000,1165956125
1786384296249408000,1166989000
1786384297314646500,1168066971
1786384298334742500,1169076195
1786384299349561000,1170096566
1786384300425039000,1171156528
1786384301464967500,1172206523
1786384302495154500,1173236508
1786384303520099000,1174269469
1786384304614871500,1175356029
1786384305644886500,1176388027
1786384306676118500,1177418407
1786384307705332000,1178447871
1786384308744963000,1179486420
1786384309790292000,1180536259
1786384310819809000,1181565956
1786384311830038500,1182576454
1786384312839513000,1183576363
1786384313854579500,1184596313
1786384314849912500,1185596386
1786384315889874000,1186626148
1786384316914439500,1187656195
1786384317924729500,1188666380
1786384318924912000,1189675735
1786384319924778500,1190666287
1786384320929435500,1191676230
1786384321949595500,1192688487
1786384322999306500,1193735676
1786384324029632000,1194775650
1786384325167085000,1195794570
1786384326354756000,1197096268
1786384327379668000,1198115865
1786384328405749000,1199156267
1786384329424781000,1200166383
1786384330439389000,1201186504
1786384331464750500,1202206358
1786384332524970000,1203236245
1786384333609746000,1204346154
1786384334644929500,1205386139
1786384335674931000,1206419010
1786384336689956500,1207436367
1786384337725026000,1208466298
1786384338739914500,1209486675
1786384339776393000,1210496275
1786384340794750000,1211545939
1786384341814858000,1212555696
1786384342850007000,1213595992
1786384343854897500,1214606087
1786384344859274000,1215606119
1786384345874508500,1216616716
1786384346920203000,1217626312
1786384347974203000,1218706504
1786384348994532000,1219736210
1786384350024853500,1220765990
1786384351057504000,1221795902
1786384352074948000,1222816387
1786384353106253500,1223846190
1786384354115824500,1224846159
1786384355156050000,1225886827
1786384356189796000,1226928150
1786384357199757000,1227948099
1786384358220007500,1228968692
1786384359254648500,1229996086
1786384360296675000,1231036007
1786384361331271000,1232102405
1786384362371839000,1233107961
1786384363395653500,1234136754
1786384364434614500,1235166237
1786384365494910000,1236206022
1786384366534823000,1237276644
1786384367564712000,1238305878
1786384368633619500,1239375939
1786384369644670500,1240386524
1786384370659670000,1241396210
1786384371684706000,1242426292
1786384372704703500,1243436509
1786384373739922500,1244476410
1786384374779619000,1245526337
1786384375879734500,1246616237
1786384376909575500,1247655965
1786384377919930000,1248666893
1786384378950271000,1249686547
1786384379964658500,1250705741
1786384380981257000,1251725635
1786384381985469500,1252725929
1786384383049982000,1253786408
1786384384074909500,1254806217
1786384385119883500,1255865973
1786384386124811500,1256856312
1786384387144773500,1257886206
1786384388159598500,1258896189
1786384389174658500,1259916086
1786384390254677000,1260996285
1786384391284452500,1262026577
1786384392289829500,1263026414
1786384393305278500,1264046414
1786384394334813000,1265076419
1786384395380204500,1266117490
1786384396404844000,1267146366
1786384397515165500,1268246238
1786384398543533500,1269286248
1786384399580233500,1270326015
1786384400604682000,1271346159
1786384401609740000,1272366008
1786384402624865000,1273365863
1786384403655711000,1274396095
1786384404709869500,1275455939
1786384405724877000,1276466221
1786384406754737500,1277496619
1786384407774581000,1278516015
1786384408787930000,1279526341
1786384409794890500,1280536231
1786384410799785500,1281545646
1786384411870154500,1282615604
1786384412879435000,1283616676
1786384413890774500,1284626030
1786384414904848500,1285646554
1786384415929485000,1286675943
1786384416959968500,1287706134
1786384417969471500,1288715822
1786384418963690500,1289706018
1786384419974700000,1290716012
1786384420990063000,1291736214
1786384421994987500,1292735868
1786384423014525500,1293756093
1786384424039692500,1294785722
1786384425084696500,1295816085
1786384426150675500,1296885619
1786384427175273500,1297919514
1786384428190012500,1298925852
1786384429216302000,1299958124
1786384430230129000,1300975577
1786384431254912500,1301996170
1786384432275239500,1303016084
1786384433370082500,1304106107
1786384434410788500,1305149770
1786384435450332500,1306186922
1786384436479411500,1307226026
1786384437510092500,1308256211
1786384438535121000,1309276065
1786384439555199000,1310297013
1786384440650603500,1311377156
1786384441664833000,1312406243
1786384442691281500,1313425792
1786384443744756000,1314486252
1786384444784816500,1315525825
1786384445824819000,1316565791
1786384446869037500,1317585833
1786384447914612000,1318656441
1786384448934632500,1319675842
1786384449959602500,1320705830
1786384450995067500,1321737771
1786384452019953500,1322765705
1786384453039581500,1323775988
1786384454140485000,1324865833
1786384455175686500,1325916202
1786384456229613500,1326975726
1786384457250831000,1327995830
1786384458264988000,1329005946
1786384459297252000,1330036113
1786384460320573000,1331055853
1786384461364726500,1332106529
1786384462379519500,1333116018
1786384463424860000,1334156176
1786384464460628000,1335197222
1786384465484752500,1336225551
1786384466504284000,1337246749
1786384467539978500,1338275995
1786384468592592000,1339356874
1786384469635481000,1340376086
1786384470682274500,1341415774
1786384471684877500,1342425771
1786384472714625000,1343456153
1786384473735099500,1344475970
1786384474760570500,1345505895
1786384475809759500,1346575945
1786384476834713000,1347585685
1786384477854933500,1348595376
1786384478869886500,1349605839
1786384479909760000,1350635838
1786384480929748000,1351675602
1786384481934778000,1352677205
1786384482969539500,1353735741
1786384483999444000,1354735977
1786384485020141000,1355765766
1786384486035194500,1356775393
1786384487065690000,1357805786
1786384488099339000,1358835727
1786384489159801000,1359895850
1786384490235285500,1360967563
1786384491240494000,1361985492
1786384492245051500,1362995939
1786384493269983000,1364005872
1786384494299683000,1365045571
1786384495319571500,1366069845
1786384496299366500,1367045304
1786384497340034000,1368105874
1786384498390250500,1369141990
1786384499404759000,1370148100
1786384500404679000,1371140214
1786384501409936000,1372146058
1786384502439892000,1373176028
1786384503464831000,1374205753
1786384504525782500,1375265999
1786384505544834000,1376285986
1786384506574315000,1377315666
1786384507594711500,1378336640
1786384508614726500,1379355958
1786384509619384000,1380356055
1786384510644761500,1381390947
1786384511725734000,1382465766
1786384512775037000,1383515477
1786384513819805000,1384566540
1786384514879749000,1385616114
1786384515891313500,1386635805
1786384516899809000,1387645547
1786384517914893500,1388655625
1786384518986746000,1389725779
1786384520005102000,1390745437
1786384521044742000,1391775710
1786384522089828500,1392825698
1786384523116976000,1393855808
1786384524120411000,1394855492
1786384525150731500,1395875618
1786384526215675500,1396955806
1786384527239408500,1397975721
1786384528254662500,1398995537
1786384529239155000,1399976221
1786384530223877000,1400965424
1786384531247173000,1401985764
1786384532269132500,1403005484
1786384533269460500,1404015455
1786384534274717500,1405016071
1786384535294640000,1406035682
1786384536333543000,1407065474
1786384537365701000,1408105680
1786384538396957500,1409135930
1786384539419809500,1410155738
1786384540514734000,1411255404
1786384541559730000,1412305927
1786384542585157500,1413325737
1786384543601994500,1414335851
1786384544614994000,1415365698
1786384545644679500,1416374740
1786384546719599500,1417455755
1786384547729888000,1418475804
1786384548745026000,1419485430
1786384549759802500,1420495950
1786384550770853500,1421515957
1786384551805176500,1422545685
1786384552834605500,1423575635
1786384553859932000,1424595417
1786384554874774500,1425616440
1786384555900117500,1426645425
1786384556925173000,1427665854
1786384557954569000,1428695852
1786384558985179500,1429730128
1786384560004621500,1430745734
1786384561015826500,1431755500
1786384562035129500,1432774826
1786384563084632000,1433775340
1786384564139758000,1434885727
1786384565169918500,1435905645
1786384566200372500,1436935696
1786384567220355000,1437965903
1786384568249906000,1438995665
1786384569254796500,1439995123
1786384570279441000,1441015531
1786384571314929000,1442055351
1786384572339611500,1443085412
1786384573339777000,1444075926
1786384574349773000,1445095723
1786384575364454500,1446105869
1786384576364945500,1447105252
1786384577359322000,1448095371
1786384578354206000,1449105534
1786384579337689000,1450085709
1786384580324430000,1451065762
1786384581329760500,1452075513
1786384582345070000,1453086133
1786384583415127500,1454165442
1786384584435141000,1455185764
1786384585444720000,1456185743
1786384586434780500,1457185642
1786384587444500500,1458185702
1786384588439583000,1459185702
1786384589444587000,1460185513
1786384590490836500,1461236361
1786384591520489000,1462255364
1786384592549707000,1463285631
1786384593575328500,1464326178
1786384594584692500,1465325060
1786384595575936000,1466305452
1786384596600126500,1467345420
1786384597699639500,1468445805
1786384598734875000,1469481243
1786384599744941500,1470485332
1786384600755299000,1471515549
1786384601754386500,1472494810
1786384602749886000,1473495498
1786384603749358500,1474494983
1786384604819584500,1475575567
1786384605800231000,1476554101
1786384606765720500,1477515360
1786384607771666500,1478516139
1786384608809411000,1479545293
1786384609834926000,1480575669
1786384610849597000,1481584646
1786384611899954500,1482655576
1786384612925206500,1483665467
1786384613964902500,1484715258
1786384614990012000,1485735753
1786384616004930000,1486745519
1786384617039623000,1487775996
1786384618049916000,1488795096
1786384619124715500,1489855362
1786384620134967500,1490875613
1786384621144714000,1491875309
1786384622157506500,1492896430
1786384623190422000,1493935759
1786384624240198000,1494985508
1786384625299627500,1495993167
1786384626374835500,1497115257
1786384627400174000,1498145356
1786384628404463500,1499145372
1786384629419743500,1500155438
1786384630440089500,1501167615
1786384631479569500,1502225476
1786384632519232000,1503255493
1786384633549081500,1504276444
1786384634575143500,1505325367
1786384635590015500,1506325483
1786384636610056000,1507355511
1786384637604590500,1508345722
1786384638599831500,1509345059
1786384639609626500,1510345399
1786384640670057500,1511415380
1786384641694878500,1512446539
1786384642709826000,1513455349
1786384643744796000,1514485618
1786384644786050000,1515535716
1786384645807887000,1516545639
1786384646825693500,1517565807
1786384647860509500,1518585382
1786384648890011500,1519635599
1786384649904843500,1520645154
1786384650909608500,1521654999
1786384651904564500,1522635426
1786384652916231500,1523655389
1786384653930427000,1524666339
1786384654964482000,1525704918
1786384655969569500,1526715210
1786384657259608000,1528022175
1786384659241167500,1529877483
1786384660735069000,1531475796
1786384661822886000,1532575370
1786384662844858000,1533585452
1786384663870630500,1534615109
1786384664860689500,1535595126
1786384665861306000,1536605454
1786384666870346000,1537605664
1786384667890566500,1538635218
1786384668955508000,1539695425
1786384669989780500,1540735630
1786384671030323500,1541775398
1786384672055266500,1542795214
1786384673075175000,1543815148
1786384674095192500,1544835802
1786384675135062000,1545866144
1786384676210267000,1546945425
1786384677224869000,1547965173
1786384678278412500,1549014772
1786384679290247500,1550044783
1786384680300727500,1551045367
1786384681305804500,1552055272
1786384682315273000,1553054859
1786384683358418000,1554095472
1786384684395806000,1555135741
1786384685429635500,1556165642
1786384686459835500,1557195527
1786384687489939500,1558235818
1786384688534701000,1559275582
1786384689564981000,1560305407
1786384690639969500,1561375125
1786384691669811000,1562405129
1786384692699803000,1563435653
1786384693719776500,1564465928
1786384694729835000,1565465169
1786384695760193000,1566495316
1786384696785048500,1567525206
1786384697869796500,1568615104
1786384698901084500,1569634999
1786384699929430000,1570665211
1786384700944785000,1571695802
1786384701976158000,1572704677
1786384703004938000,1573744779
1786384704049405500,1574775834
1786384705079509000,1575815198
1786384706095231500,1576835695
1786384707109803500,1577853783
1786384708114558500,1578845128
1786384709120154500,1579855165
1786384710164979500,1580931782
1786384711204913500,1581945299
1786384712199691500,1582935534
1786384713210076500,1583945385
1786384714219597500,1584955384
1786384715214984500,1585954876
1786384716260353500,1587005306
1786384717299637000,1588035131
1786384718344996500,1589085245
1786384719383010500,1590124943
1786384720415157000,1591155369
1786384721444888500,1592185547
1786384722469787000,1593205375
1786384723484775000,1594235102
1786384724499762500,1595245138
1786384725515428500,1596254945
1786384726519543000,1597255142
1786384727524984000,1598264617
1786384728525353500,1599265109
1786384729534591000,1600274955
1786384730549967500,1601295447
1786384731549765500,1602295098
1786384732579996500,1603325174
1786384733619902500,1604365070
1786384734614598500,1605354823
1786384735610165000,1606355210
1786384736636145500,1607375555
1786384737639308000,1608375224
1786384738627561500,1609374911
1786384739625175000,1610364594
1786384740724758000,1611466998
1786384741749715500,1612495595
1786384742754733000,1613505162
1786384743754346000,1614505118
1786384744734963500,1615485066
1786384745744791000,1616495143
1786384746765154000,1617495549
1786384747814808500,1618555304
1786384748829349000,1619565158
1786384749850626500,1620594624
1786384750885806500,1621633326
1786384751906311000,1622645319
1786384752934898000,1623674505
1786384753969900500,1624705034
1786384755055505500,1625795418
1786384756095420500,1626834886
1786384757121111000,1627865148
1786384758156603500,1628895318
1786384759182283000,1629926183
1786384760214891000,1630945231
1786384761238039000,1631975854
1786384762260343500,1632995297
1786384763289639500,1634026853
1786384764289552000,1635025331
1786384765313114500,1636045834
1786384766360459000,1637097701
1786384767379872500,1638125326
1786384768389770000,1639134348
1786384769380213500,1640134773
1786384770424594000,1641165185
1786384771466542000,1642205161
1786384772534943000,1643265067
1786384773569480500,1644314824
1786384774554600000,1645295589
1786384775540865000,1646274954
1786384776574943500,1647315202
1786384777594916000,1648335170
1786384778615241000,1649355062
1786384779625171000,1650374796
1786384780625298500,1651365041
1786384781651843000,1652394696
1786384782665008500,1653405407
1786384783684945000,1654434879
1786384784705255500,1655444328
1786384785724640000,1656464906
1786384786730156000,1657465284
1786384787729818000,1658475317
1786384788749976500,1659485013
1786384789759657000,1660504788
1786384790839761500,1661584873
1786384791854369000,1662594890
1786384792885529000,1663614959
1786384793894564000,1664635337
1786384794889836000,1665639990
1786384795926058000,1666666507
1786384796914893000,1667654797
1786384797985469000,1668724714
1786384798999752500,1669745149
1786384799999629500,1670735128
1786384801004565500,1671745035
1786384802014860500,1672764633
1786384803034978500,1673785017
1786384804039961000,1674785683
1786384805100432500,1675845225
1786384806104846500,1676844908
1786384807109373000,1677854766
1786384808099812000,1678845345
1786384809100335500,1679845008
1786384810124779500,1680874916
1786384811109533500,1681854691
1786384812164953000,1682905171
1786384813194597500,1683934505
1786384814205049000,1684945006
1786384815226168000,1685965279
1786384816224605500,1686975365
1786384817194936000,1687944689
1786384818204571500,1688944748
1786384819270118500,1689974592
1786384820315812000,1691064757
1786384821304889000,1692044467
1786384822314790000,1693055045
1786384823309667000,1694046367
1786384824334769500,1695075247
1786384825385375500,1696124792
1786384826464958000,1697207490
1786384827474919500,1698215425
1786384828494861000,1699244980
1786384829489947500,1700237252
1786384830514940000,1701256982
1786384831535431500,1702277467
1786384832559960000,1703304395
1786384833595059500,1704344625
1786384834611001000,1705354965
1786384835660158500,1706355037
1786384836990664500,1707657746
1786384838391301500,1709087923
1786384839840040500,1710535963
1786384841188071000,1711883349
1786384842565444500,1713275453
1786384844019290500,1714717606
1786384845402033500,1716101636
1786384846719228500,1717407912
1786384848252063500,1718955905
1786384849643197500,1720350842
1786384850995228500,1721691097
1786384852120010500,1722854313
1786384853159998500,1723894764
1786384854192185500,1724934836
1786384855202847000,1725947731
1786384856244784000,1726989660
1786384857219315500,1727974512
1786384858198733500,1728934364
1786384859232122500,1729984881
1786384860249866000,1731004338
1786384861289634500,1732017960
1786384862339473000,1733085286
1786384863356171500,1734095098
1786384864390259000,1735124347
1786384865414588000,1736154639
1786384866430619500,1737174834
1786384867456465000,1738196103
1786384868500210000,1739234654
1786384869955313000,1740705527
1786384870974584000,1741724799
1786384871974910000,1742714793
1786384872995007000,1743737486
1786384874010283500,1744745058
1786384875035002500,1745774904
1786384876115432500,1746802718
1786384877179105000,1747924812
1786384878191014000,1748934904
1786384879209989000,1749954839
1786384880220175000,1750954988
1786384881235137500,1751975071
1786384882265350500,1753004713
1786384883297696000,1754029488
1786384884336164500,1755074454
1786384885355517500,1756104657
1786384886359915000,1757104523
1786384887365160000,1758114752
1786384888385337000,1759134704
1786384889420160000,1760154712
1786384890449833500,1761240697
1786384891531323000,1762264469
1786384892571521500,1763314720
1786384893610335500,1764344945
1786384894684927500,1765424729
1786384895715104000,1766454859
1786384896730278000,1767474678
1786384897797222500,1768534484
1786384898820072500,1769564723
1786384899864697000,1770614509
1786384900864937500,1771614462
1786384901880152500,1772614755
1786384902904584500,1773635089
1786384903905694500,1774644440
1786384904959252500,1775695508
1786384905985468000,1776725330
1786384907010712500,1777754626
1786384908025452500,1778765360
1786384909054897000,1779794679
1786384910059883000,1780804746
1786384911055659000,1781794045
1786384912107919500,1782854812
1786384913129948500,1783864438
1786384914185196000,1784914578
1786384915219867500,1785954660
1786384916240425000,1786984530
1786384917265225000,1788004352
1786384918285619500,1789024703
1786384919334841000,1790064495
1786384920385098500,1791124686
1786384921415105500,1792154829
1786384922424966500,1793164715
1786384923465068500,1794204764
1786384924485828500,1795224430
1786384925515711000,1796255175
1786384926555980500,1797295467
1786384927574986500,1798322752
1786384928590698000,1799334480
1786384929620113500,1800354644
1786384930654983500,1801394345
1786384931655207000,1802394586
1786384932665114000,1803404815
1786384933710032500,1804444511
1786384934725005500,1805464407
1786384935765852000,1806504441
1786384936785256000,1807524786
1786384937816026500,1808554784
1786384938844681500,1809584695
1786384939854659000,1810584363
1786384940915125000,1811654328
1786384941930288000,1812676499
1786384942955524000,1813694593
1786384944012044000,1814754396
1786384945080905500,1815814778
1786384946119961500,1816854600
1786384947140382000,1817884570
1786384948185080000,1818927464
1786384949197649500,1819934639
1786384950225508500,1820964718
1786384951256097000,1821995613
1786384952280487500,1823026339
1786384953295376000,1824034804
1786384954325429500,1825065681
1786384955355108000,1826097407
1786384956395152000,1827126119
1786384957424896500,1828164610
1786384958440094000,1829184483
1786384959460773000,1830197298
1786384960485514500,1831234381
1786384961494633500,1832234431
1786384962494462000,1833224714
1786384963510133000,1834244592
1786384964545592000,1835275462
1786384965585904000,1836324908
1786384966615733500,1837359475
1786384967646809000,1838388307
1786384968670618500,1839407762
1786384969685395500,1840424813
1786384970713862500,1841445611
1786384971745550000,1842486919
1786384972775408500,1843515739
1786384973805237000,1844544681
1786384974835257500,1845574389
1786384975860373000,1846604750
1786384976939761000,1847684427
1786384977945257500,1848684515
1786384978974661000,1849714206
1786384979969919500,1850704447
1786384980985393500,1851724771
1786384982005169000,1852744501
1786384983034772500,1853784261
1786384984080117000,1854815051
1786384985118816000,1855855180
1786384986130708500,1856884346
1786384987125490500,1857874584
1786384988139872500,1858894269
1786384989155488500,1859894991
1786384990160128500,1860894085
1786384991234445500,1861954534
1786384992269710500,1862994405
1786384993295598000,1864044219
1786384994294746500,1865034788
1786384995304921500,1866036898
1786384996304790500,1867044240
1786384997300234500,1868043880
1786384998375144000,1869114270
1786384999399693500,1870134917
1786385000389825000,1871124197
1786385001390253000,1872144038
1786385002374950000,1873114268
1786385003370177000,1874114588
1786385004385201500,1875124479
1786385005427976000,1876166990
1786385006445814500,1877194303
1786385007430475000,1878154382
1786385008456376000,1879204227
1786385009455090500,1880194391
1786385010490717000,1881234113
1786385011510364000,1882254484
1786385012530355000,1883264788
1786385013569949500,1884314234
1786385014579600000,1885314299
1786385015561523000,1886304245
1786385016559882000,1887304012
1786385017539652500,1888284188
1786385018515670500,1889264520
1786385019590236000,1890334181
1786385020645274500,1891384547
1786385021675489000,1892414874
1786385022681840000,1893424203
1786385023680337500,1894424510
1786385024685509000,1895433609
1786385025691313500,1896434667
1786385026750845000,1897493899
1786385027775403500,1898514623
1786385028805095500,1899544438
1786385029824644500,1900585096
1786385030809201500,1901554422
1786385031811008500,1902543970
1786385032809737500,1903554465
1786385033887933500,1904614055
1786385034915404500,1905664156
1786385035918763500,1906654292
1786385036902090500,1907643954
1786385037911425500,1908654579
1786385038905354500,1909654363
1786385039920169000,1910664792
1786385040966842500,1911704081
1786385041987251500,1912725388
1786385043025431000,1913774333
1786385044054776000,1914794298
1786385045104969500,1915853846
1786385046145579000,1916874047
1786385047160107000,1917903933
1786385048204807500,1918944260
1786385049225118500,1919964178
1786385050245985000,1920984311
1786385051259597500,1922004360
1786385052275148000,1923024169
1786385053274874000,1924014369
1786385054295518500,1925044192
1786385055349926000,1926084680
1786385056365453000,1927105212
1786385057375729000,1928123950
1786385058380002500,1929113930
1786385059390824000,1930134266
1786385060410971000,1931144652
1786385061436239000,1932174344
1786385062490028500,1933234261
1786385063480742500,1934224331
1786385064514961000,1935264017
1786385065535220500,1936284084
1786385066535320000,1937263947
1786385067541029500,1938283953
1786385068555490500,1939304465
1786385069570104500,1940305049
1786385070574711500,1941324240
1786385071580235000,1942324943
1786385072594914500,1943334453
1786385073604665000,1944354363
1786385074569679000,1945312949
1786385075555048500,1946304235
1786385076604778500,1947344103
1786385077614875500,1948343971
1786385078615457000,1949354522
1786385079625841000,1950363835
1786385080635123000,1951383900
1786385081649818500,1952384331
1786385082650204000,1953394193
1786385083711450000,1954454212
1786385084744566000,1955474595
1786385085765273500,1956504453
1786385086795283500,1957534229
1786385087825017500,1958563943
1786385088880049000,1959624385
1786385089900196500,1960633591
1786385090938525000,1961674353
1786385091960754000,1962703955
1786385092985370000,1963725180
1786385094019954000,1964763985
1786385095034918000,1965783831
1786385096039697000,1966774464
1786385097045385500,1967774336
1786385098094964500,1968835914
1786385099109531500,1969844172
1786385100120512500,1970854095
1786385101155295500,1971894519
1786385102170322500,1972914229
1786385103195015000,1973934073
1786385104210301500,1974944410
1786385105300363500,1976034294
1786385106310094000,1977054248
1786385107331373500,1978064191
1786385108364988000,1979113911
1786385109390685500,1980134224
1786385110430511000,1981164605
1786385111455380000,1982194031
1786385112540046500,1983284151
1786385113563965500,1984304163
1786385114585112000,1985324518
1786385115605852000,1986353795
1786385116600370500,1987353959
1786385117624991000,1988364226
1786385118655308000,1989404129
1786385119689926500,1990434010
1786385120695300500,1991434281
1786385121725287000,1992474284
1786385122745725500,1993484101
1786385123765776000,1994504365
1786385124780827000,1995514321
1786385125795697500,1996534317
1786385126860306000,1997594250
1786385127875824500,1998613908
1786385128890554000,1999634319
1786385129905248000,2000645250
1786385130935554500,2001674249
1786385131960672000,2002694403
1786385132990106500,2003724358
1786385134065157500,2004804176
1786385135120390000,2005854181
1786385136155006000,2006898151
1786385137185129500,2007914365
1786385138214980000,2008944137
1786385139230365000,2009964039
1786385140255395000,2010994176
1786385141284930000,2012027856
1786385142300620500,2013044077
1786385143315964000,2014057924
1786385144345746500,2015089834
1786385145365713000,2016105137
1786385146391227500,2017124159
1786385147410231500,2018154518
1786385148445775000,2019178590
1786385149470756500,2020215627
1786385150490086500,2021238237
1786385151515415500,2022254893
1786385152539946000,2023284614
1786385153545207500,2024290252
1786385154565401000,2025306369
1786385155595222000,2026334222
1786385156635508500,2027374188
1786385157670626500,2028404055
1786385158726304500,2029464834
1786385159750006500,2030494032
1786385160764867000,2031514221
1786385161775618000,2032514524
1786385162835430500,2033573965
1786385163861547000,2034603806
1786385164882360500,2035614980
1786385165935348500,2036673686
1786385166975430000,2037713833
1786385168001652500,2038743867
1786385169074957000,2039783992
1786385170120559500,2040866425
1786385171126973500,2041873849
1786385172136896000,2042873937
1786385173151426500,2043893956
1786385174180652500,2044914074
1786385175202204000,2045933934
1786385176250248500,2046983878
1786385177275105500,2048014063
1786385178297361000,2049033850
1786385179306838000,2050053973
1786385180310307500,2051053722
1786385181319895500,2052064346
1786385182325335000,2053064048
1786385183370587500,2054084386
1786385184430911000,2055164561
1786385185480314500,2056214634
1786385186530722000,2057274716
1786385187555217500,2058293993
1786385188575758000,2059314146
1786385189625951000,2060364229
1786385190695644000,2061404339
1786385191750064500,2062494128
1786385192775808000,2063514127
1786385193826382000,2064553879
1786385194956586000,2065654093
1786385196432567500,2066854301
1786385198565350000,2069255197
1786385199770599500,2070514942
1786385200796559500,2071534002
1786385201810551500,2072553242
1786385202826082000,2073564160
1786385203855827000,2074593484
1786385204917345000,2075623922
1786385205982991500,2076724404
1786385207015597000,2077753746
1786385208045866500,2078783996
1786385209075552000,2079813578
1786385210106827000,2080843902
1786385211121519500,2081864454
1786385212155479500,2082884147
1786385213200418500,2083943864
1786385214230318500,2084964084
1786385215250314000,2085983980
1786385216277288000,2087014209
1786385217295154000,2088037352
1786385218326961500,2089066084
1786385219387906000,2090156779
1786385220435415000,2091174264
1786385221470977000,2092203848
1786385222495626500,2093233746
1786385223505453000,2094243835
1786385224535391500,2095274427
1786385225565247000,2096303804
1786385226625458000,2097393949
1786385227675161000,2098413973
1786385228705090500,2099446591
1786385229726167500,2100464707
1786385230755660000,2101493973
1786385231790534000,2102523772
1786385232815548000,2103553797
1786385233873973000,2104603726
1786385234895007500,2105623839
1786385235917142000,2106653364
1786385236939974500,2107673582
1786385237940453000,2108684407
1786385238970198500,2109703242
1786385239995760500,2110723395
1786385241070274000,2111814577
1786385242085559500,2112833963
1786385243089422500,2113835747
1786385244109769500,2114843818
1786385245140174000,2115873422
1786385246144866500,2116883496
1786385247160732500,2117903623
1786385248225315000,2118964342
1786385249240452500,2119973989
1786385250280393000,2121014351
1786385251314944000,2122053498
1786385252355193500,2123094216
1786385253400261500,2124144492
1786385254435806000,2125174433
1786385255505982500,2126244277
1786385256560029000,2127293801
1786385257586449500,2128323507
1786385258570068500,2129304048
1786385259567834500,2130313740
1786385260585447500,2131323779
1786385261600677500,2132343697
1786385262610466500,2133353376
1786385263610091000,2134352946
1786385264620241000,2135363800
1786385265650210500,2136393571
1786385266660372500,2137403194
1786385267685670500,2138423810
1786385268699936000,2139434368
1786385269771354500,2140503512
1786385270785320000,2141523842
1786385271820673500,2142553752
1786385272855549500,2143593842
1786385273880003000,2144614597
1786385274900654500,2145643872
1786385275940256500,2146673682
1786385277000428500,2147743394
1786385278035584500,2148773701
1786385279070373500,2149813907
1786385280120706000,2150863795
1786385281165477000,2151903863
1786385282190738500,2152934089
1786385283215856000,2153953940
1786385284250142000,2154983880
1786385285286738500,2156023594
1786385286341318500,2157094707
1786385287375667500,2158113708
1786385288395423000,2159134282
1786385289430438000,2160163866
1786385290457538000,2161195000
1786385291730027500,2162441830
1786385292805535000,2163553419
1786385293820351500,2164553510
1786385294844040000,2165583580
1786385295865867500,2166603874
1786385296905636500,2167633737
1786385297971710500,2168694037
1786385299025254500,2169773406
1786385300025809500,2170763939
1786385301069705500,2171803867
1786385302105375500,2172843673
1786385303126371000,2173864814
1786385304185538500,2174903701
1786385305270853500,2176064226
1786385306940621500,2177504640
1786385308839408000,2179501462
1786385309965258000,2180703399
1786385310990334000,2181726542
1786385312070375500,2182820488
1786385313145456500,2183884435
1786385314171540500,2184913490
1786385315195292000,2185933637
1786385316220262500,2186953802
1786385317226619500,2187973030
1786385318267363500,2189004362
1786385319325920500,2190033605
1786385320391073000,2191133671
1786385321421067500,2192163529
1786385322440328500,2193183562
1786385323475471000,2194213949
1786385324495515000,2195244658
1786385325500537500,2196243758
1786385326555263000,2197273543
1786385327605206500,2198343870
1786385328625309000,2199363644
1786385329625000000,2200363636
1786385330635381500,2201373749
1786385331650780500,2202393495
1786385332639801000,2203383212
1786385333645321500,2204373673
1786385334685024000,2205413779
1786385335704976000,2206423295
1786385336729949500,2207473523
1786385337766917000,2208503680
1786385338790189000,2209533637
1786385339826123500,2210573426
1786385340870445500,2211583460
1786385341925973500,2212663762
1786385342946137000,2213693244
1786385343965468500,2214703912
1786385345010598500,2215753723
1786385346065910500,2216803490
1786385347086397500,2217823506
1786385348125074500,2218853487
1786385349170733000,2219903491
1786385350195494500,2220943155
1786385351225554500,2221964078
1786385352278949500,2223013642
1786385353321155500,2224053742
1786385354375577000,2225113571
1786385355431513000,2226163175
1786385356455760500,2227193442
1786385357490317000,2228233749
1786385358525615000,2229253593
1786385359555499500,2230293567
1786385360580175500,2231313753
1786385361590132500,2232323334
1786385362665445500,2233413325
1786385363685752000,2234423509
1786385364720585000,2235453339
1786385365779994000,2236503490
1786385366808843500,2237543163
1786385367845677000,2238587347
1786385368900474000,2239643986
1786385369955257500,2240693323
1786385370965174500,2241693536
1786385371980367500,2242723266
1786385372999952000,2243745602
1786385373997079000,2244734723
1786385375010210500,2245763488
1786385376035321500,2246774319
1786385377120821000,2247863613
1786385378150994500,2248893550
1786385379160041000,2249903506
1786385380170000000,2250913188
1786385381180131000,2251933551
1786385382190076000,2252923473
1786385383185180500,2253916204
1786385384250239000,2254984103
1786385385260273000,2255993470
1786385386311922000,2257053449
1786385387366354000,2258103629
1786385388380545000,2259123372
1786385389380396000,2260123303
1786385390390445000,2261123173
1786385391485152000,2262223125
1786385392500840000,2263242693
1786385393531805500,2264263515
1786385394565533000,2265313007
1786385395575462000,2266314108
1786385396600211500,2267343305
1786385397620361500,2268353860
1786385398632465000,2269363118
1786385399644721000,2270384109
1786385400670419500,2271403560
1786385401690084000,2272433342
1786385402725173000,2273453110
1786385403753562500,2274493569
1786385404770534500,2275513344
1786385405809564000,2276543047
1786385406845674500,2277583355
1786385407890159000,2278633071
1786385408890879500,2279623575
1786385409980539500,2280693669
1786385411038740000,2281783168
1786385412035413000,2282773221
1786385413105270000,2283843952
1786385414125199000,2284863339
1786385415160513000,2285903284
1786385416170100000,2286903404
1786385417184972500,2287923764
1786385418175374000,2288912617
1786385419199982000,2289934466
1786385420220544500,2290963445
1786385421245484000,2291983375
1786385422260455500,2293003383
1786385423270204000,2294023272
1786385424285737000,2295032925
1786385425315326500,2296053951
1786385426320293500,2297053481
1786385427380718000,2298113344
1786385428432608000,2299133048
1786385429530323500,2300263448
1786385430557867000,2301293176
1786385431582688000,2302313418
1786385432580345500,2303313503
1786385433615191500,2304343292
1786385434665295000,2305403999
1786385435695658000,2306433319
1786385436725533500,2307463439
1786385437757038000,2308493349
1786385438780579500,2309523634
1786385439775062500,2310513378
1786385440810701000,2311523408
1786385441910002500,2312653422
1786385442945889500,2313683000
1786385443985089000,2314713201
1786385445034935000,2315773679
1786385446030124500,2316773071
1786385447026500000,2317773311
1786385448050622500,2318753201
1786385449086826500,2319823376
1786385450110861500,2320842876
1786385451085444500,2321793113
1786385452079902500,2322834382
1786385453086301000,2323823230
1786385454080793500,2324823000
1786385455132506000,2325843282
1786385456177060500,2326913252
1786385457190386000,2327932843
1786385458205468000,2328932709
1786385459230773500,2329964102
1786385460250369500,2330993033
1786385461270690500,2332013627
1786385462330663500,2333044060
1786385463399403500,2334133693
1786385464438330500,2335174218
1786385465481040000,2336223179
1786385466525854000,2337273158
1786385467545530500,2338283343
1786385468565687000,2339314072
1786385469591908500,2340313060
1786385470625936500,2341363139
1786385471652164500,2342382965
1786385472676184000,2343413423
1786385473677134500,2344413039
1786385474700224500,2345443172
1786385475690519000,2346433430
1786385476735969500,2347443058
1786385477780512000,2348523442
1786385478800156000,2349533245
1786385479818539500,2350553914
1786385480968182500,2351653410
1786385483430968000,2354036593
1786385484640636000,2355372894
1786385485680673000,2356413337
1786385486697669500,2357433428
1786385487726008500,2358463396
1786385488750726500,2359483230
1786385489785802000,2360528192
1786385490845476500,2361555030
1786385491895504000,2362633306
1786385492925602000,2363663489
1786385493945347000,2364683359
1786385494955645000,2365693127
1786385495985492000,2366723107
1786385497015397500,2367753342
1786385498061024000,2368783253
1786385499105443500,2369843959
1786385500125327000,2370863218
1786385501150629500,2371893785
1786385502165288500,2372903380
1786385503186073500,2373923073
1786385504216030000,2374954211
1786385505262147000,2375983318
1786385506320288500,2377053362
1786385507355839500,2378093397
1786385508371115500,2379113526
1786385509395679000,2380133142
1786385510416656500,2381153703
1786385511455895000,2382194379
1786385512490762000,2383203617
1786385513515034500,2384253073
1786385514490561500,2385233577
1786385515533572000,2386262948
1786385516555620500,2387292991
1786385517595851500,2388333963
1786385518610435500,2389362854
1786385519635277500,2390336845
1786385520670351000,2391403878
1786385521690520000,2392433478
1786385522733299500,2393472978
1786385523813237500,2394513902
1786385524895752500,2395633299
1786385525915476000,2396652877
1786385526960229000,2397713210
1786385528005811500,2398733397
1786385529035655000,2399773994
1786385530060591500,2400803401
1786385531094168500,2401833366
1786385532120667000,2402843206
1786385533146916500,2403886491
1786385534199681000,2404943222
1786385535227670000,2405963530
1786385536261614500,2406998157
1786385537296437500,2408012538
1786385538325755500,2409063108
1786385539360603500,2410103460
1786385540380859500,2411112939
1786385541441506000,2412183344
1786385542490712500,2413233246
1786385543540231000,2414273772
1786385544550642000,2415293266
1786385545580458000,2416313388
1786385546602042000,2417333496
1786385547631065000,2418373162
1786385548720620500,2419452750
1786385549750873500,2420494174
1786385550780966000,2421522605
1786385551835488500,2422573212
1786385552845557000,2423594310
1786385553865802000,2424602851
1786385554885769000,2425622669
1786385555960875000,2426692918
1786385556995545500,2427733179
1786385558025356000,2428763148
1786385559045550000,2429784030
1786385560065547000,2430803107
1786385561085684500,2431822850
1786385562110541000,2432853150
1786385563155455500,2433892914
1786385564185592000,2434923224
1786385565220279500,2435952877
1786385566245829500,2436983502
1786385567281146000,2438022461
1786385568280033000,2439014082
1786385569276037500,2440022510
1786385570295562500,2441033519
1786385571330931000,2442062751
1786385572385357500,2443122816
1786385573415177500,2444153164
1786385574470278000,2445173187
1786385575520505000,2446262526
1786385576569049000,2447273221
1786385577605624500,2448342902
1786385578626008500,2449363384
1786385579655243000,2450393352
1786385580675728000,2451403082
1786385581715605500,2452453172
1786385582735537500,2453472920
1786385583761878500,2454482736
1786385584805729000,2455543117
1786385585850265500,2456592740
1786385586898315500,2457623038
1786385587911407000,2458652846
1786385588910285000,2459664928
1786385589895657000,2460632865
1786385590914021500,2461623252
1786385591940065000,2462682754
1786385592955427000,2463693028
1786385593960226500,2464713079
1786385594965077000,2465713031
1786385595981014500,2466713785
1786385597010770000,2467744094
1786385598057477500,2468782546
1786385599110319500,2469852512
1786385600130412000,2470862450
1786385601155732500,2471902511
1786385602180365500,2472913102
1786385603194729000,2473932900
1786385604190253000,2474932619
1786385605250655500,2475962766
1786385606325496500,2477062660
1786385607360610000,2478092639
1786385608350382500,2479092788
1786385609365529000,2480112858
1786385610370363000,2481112820
1786385611361813000,2482103189
1786385612381216500,2483112780
1786385613450599500,2484192648
1786385614465682500,2485202541
1786385615500438500,2486222881
1786385616541015000,2487282573
1786385617559843000,2488294402
1786385618596492500,2489332629
1786385619631478500,2490342645
1786385620676011500,2491403000
1786385621690789000,2492432388
1786385622695255500,2493434047
1786385623716193500,2494452815
1786385624685637500,2495423112
1786385625686688000,2496433516
1786385626735277000,2497435657
1786385627788337000,2498522220
1786385628806284500,2499542709
1786385629825969000,2500563083
1786385630867491000,2501603715
1786385631902745500,2502642826
1786385632936077500,2503673781
1786385633981252000,2504704348
1786385635026623500,2505762900
1786385636058490500,2506794298
1786385637085628000,2507825142
1786385638105000500,2508832932
1786385639126895000,2509864823
1786385640155383500,2510893451
1786385641196037000,2511913450
1786385642240868500,2512973059
1786385643280886000,2514012829
1786385644305781500,2515042621
1786385645320785000,2516063151
1786385646345587500,2517083092
1786385647365892000,2518102774
1786385648421552500,2519191330
1786385649460942000,2520192966
1786385650486053000,2521222477
1786385651515568500,2522252669
1786385652515921500,2523253024
1786385653545273500,2524284385
1786385654561648500,2525293268
1786385655596337000,2526339756
1786385656610913000,2527353108
1786385657620895000,2528362703
1786385658647375000,2529385352
1786385659691424000,2530422903
1786385660721364500,2531453236
1786385661745442500,2532483785
1786385662806065500,2533562793
1786385663855673500,2534593243
1786385664880838500,2535622521
1786385665905824500,2536642691
1786385666920601000,2537652713
1786385667946467000,2538682766
1786385668990837500,2539732943
1786385670059337000,2540793640
1786385671091041500,2541833063
1786385672136421000,2542863716
1786385673180775500,2543923499
1786385674241251000,2544983822
1786385675256428000,2545993709
1786385676286234000,2547021942
1786385677375870000,2548102642
1786385678412020000,2549142918
1786385679460846000,2550192657
1786385680459854000,2551202598
1786385681467325500,2552203453
1786385682496047000,2553233487
1786385683526763500,2554263596
1786385684596622500,2555333241
1786385685632042500,2556365654
1786385686660417500,2557403857
1786385687670395000,2558412488
1786385688695910500,2559433061
1786385689745224500,2560472406
1786385690780362500,2561523208
1786385691785182500,2562523013
1786385692790294000,2563532303
1786385693800465500,2564542533
1786385694815666500,2565562367
1786385695840825500,2566572562
1786385696875712500,2567613901
1786385697896525000,2568633253
1786385698976909500,2569713134
1786385699996345500,2570733493
1786385701026116500,2571763302
1786385702070859000,2572802565
1786385703070409000,2573812226
1786385704068685000,2574802513
1786385705075688500,2575813789
1786385706111015500,2576842558
1786385707130837000,2577872382
1786385708166490500,2578906881
1786385709220815000,2579953362
1786385710257198500,2580992535
1786385711295594500,2582032842
1786385712326367000,2583062836
1786385713361548500,2584093069
1786385714402770000,2585143686
1786385715448062500,2586182958
1786385716482376500,2587222914
1786385717516616500,2588252774
1786385718550681000,2589282901
1786385719606843000,2590312051
1786385720645721000,2591392361
1786385721683641500,2592412734
1786385722747577000,2593486238
1786385723790242000,2594532374
1786385724800223500,2595532750
1786385725805499500,2596532709
1786385726846030500,2597563116
1786385727886713000,2598622663
1786385728926524000,2599663706
1786385729955408500,2600692089
1786385730992575000,2601732754
1786385732025480000,2602752163
1786385733050393500,2603782636
1786385734120729500,2604832596
1786385735180692500,2605929808
1786385736340858000,2607082615
1786385737365757000,2608102371
1786385738370740500,2609102571
1786385739407949000,2610142954
1786385740429632000,2611162876
1786385741470815000,2612223225
1786385742510326500,2613242787
1786385743525573000,2614271812
1786385744535726500,2615262640
1786385745564717500,2616292067
1786385746570763500,2617312658
1786385747611176000,2618342604
1786385748615443500,2619362692
1786385749641154000,2620372575
1786385750671623000,2621412307
1786385751680632500,2622413305
1786385752710561500,2623452059
1786385753735330000,2624472370
1786385754740702500,2625482073
1786385755766729500,2626521754
1786385756800834000,2627532343
1786385757810607000,2628552176
1786385758815575000,2629552565
1786385759820640500,2630562521
1786385760849290500,2631592199
1786385761845243500,2632582200
1786385762870531000,2633642900
1786385763900786500,2634646085
1786385764910501000,2635652393
1786385765917040500,2636662179
1786385766937380000,2637672383
1786385767975928000,2638713028
1786385769005643000,2639742276
1786385770060590500,2640822582
1786385771090923000,2641832261
1786385772260310000,2642968007
1786385773375813500,2644112659
1786385774380471000,2645122337
1786385775415577500,2646152587
1786385776466032500,2647212604
1786385777560730000,2648302386
1786385778586329000,2649326328
1786385779616155000,2650352688
1786385780640953500,2651382284
1786385781655451000,2652392301
1786385782665559000,2653403339
1786385783680534000,2654412516
1786385784745701500,2655482281
1786385785765951500,2656502259
1786385786796381000,2657532754
1786385787818283000,2658552723
1786385788835236000,2659572943
1786385789850613000,2660592637
1786385790875921000,2661612521
1786385791906224500,2662641941
1786385792906335500,2663672259
1786385793895964000,2664632197
1786385794931113500,2665662466
1786385795955632000,2666701474
1786385796950439500,2667682515
1786385797970726000,2668701836
1786385799030652500,2669763122
1786385800060446000,2670792245
1786385801095804000,2671822404
1786385802136120500,2672872946
1786385803166002000,2673901892
1786385804196472000,2674932012
1786385805245868500,2675982314
1786385806277665000,2677012512
1786385807310610000,2678042013
1786385808341111500,2679062450
1786385809376212000,2680122298
1786385810410843500,2681152558
1786385811430085000,2682162430
1786385812466816000,2683202116
1786385813535692000,2684272346
1786385814570991500,2685302549
1786385815605564500,2686342401
1786385816635891500,2687372072
1786385817665711000,2688402461
1786385818705934500,2689443080
1786385819725937500,2690462437
1786385820770642000,2691512662
1786385821786476500,2692522523
1786385822821119000,2693562728
1786385823845997500,2694582099
1786385824905403000,2695632410
1786385825936045000,2696672934
1786385826990565500,2697703471
1786385828065825000,2698802578
1786385829065545000,2699805714
1786385830090785000,2700824696
1786385831099970500,2701835305
1786385832127065500,2702856805
1786385833150951500,2703901693
1786385834175388500,2704892356
1786385835225494000,2705952001
1786385836250724000,2706992391
1786385837290114500,2708005208
1786385838315576500,2709052803
1786385839326328000,2710062335
1786385840361450000,2711092665
1786385841419908500,2712142216
1786385842445985500,2713192566
1786385843455303000,2714191862
1786385844471297000,2715201918
1786385845496300500,2716232166
1786385846506857500,2717244762
1786385847541192500,2718276639
1786385848601216000,2719337299
1786385849641160000,2720382463
1786385850680859000,2721412355
1786385851715721500,2722452349
1786385852730146500,2723462410
1786385853767413000,2724502082
1786385854821197000,2725551482
1786385855865397500,2726622246
1786385856890712500,2727632134
1786385857915912000,2728652594
1786385858936044500,2729672204
1786385859975791000,2730711737
1786385861001222500,2731732302
1786385862040853000,2732772057
1786385863106023500,2733871889
1786385864140197000,2734881910
1786385865155874500,2735892758
1786385866185972000,2736922059
1786385867215580000,2737942307
1786385868225452000,2738962698
1786385869235663500,2739972017
1786385870315737500,2741041406
1786385871350772500,2742082675
1786385872375699000,2743112516
1786385873395971000,2744131996
1786385874427071500,2745161766
1786385875430496000,2746162698
1786385876450628000,2747191998
1786385877530434500,2748272115
1786385878550681000,2749292070
1786385879587313500,2750302688
1786385880628080500,2751362028
1786385881648227000,2752381830
1786385882665706000,2753402085
1786385883687193500,2754422302
1786385884750390000,2755481844
1786385885760708000,2756505129
1786385886776453000,2757512297
1786385887790847000,2758531858
1786385888815539500,2759542184
1786385889851009500,2760595045
1786385890871093000,2761611835
1786385891930394500,2762645353
1786385892988177000,2763722419
1786385894026381500,2764762164
1786385895046161000,2765782145
1786385896075865500,2766812541
1786385897096394500,2767832328
1786385898137962000,2768872110
1786385899181200000,2769922076
1786385900226431500,2770953439
1786385901261980500,2772002226
1786385902297760500,2773032083
1786385903336887500,2774071987
1786385904351024500,2775082149
1786385905380875000,2776111903
1786385906395524500,2777132508
1786385907417658000,2778162148
1786385908400427500,2779141986
1786385909415612500,2780153093
1786385910439507500,2781181808
1786385911445293000,2782181767
1786385912428341500,2783162095
1786385913467124000,2784211422
1786385914475348500,2785221682
1786385915495415000,2786232042
1786385916514814500,2787233295
1786385917515918000,2788252027
1786385918507690500,2789242422
1786385919530890500,2790272006
1786385920580258500,2791315273
1786385921605696000,2792345048
1786385922646034500,2793382023
1786385923679968500,2794411524
1786385924677098000,2795415647
1786385925701187000,2796452455
1786385926718049500,2797465459
1786385927797254500,2798512064
1786385928836568000,2799572428
1786385929865708000,2800601937
1786385930885846000,2801621925
1786385931916256500,2802652163
1786385932950836500,2803681543
1786385933976546500,2804712057
1786385934995675500,2805732046
1786385936015557500,2806752249
1786385937040366000,2807781954
1786385938080772500,2808811655
1786385939110785500,2809842102
1786385940145431000,2810873389
1786385941185845500,2811931978
1786385942785598500,2813532222
1786385943830667500,2814571826
1786385944855527500,2815592080
1786385946070588000,2816785084
1786385947704623000,2818164633
1786385950324993500,2821181632
1786385952015106000,2822713173
1786385953367445000,2824129983
1786385954778154500,2825453520
1786385956182265000,2826949519
1786385957631652500,2828320888
1786385958953116000,2829658176
1786385960335686500,2831023344
1786385961869314500,2832613269
1786385963684411000,2834324938
1786385965159024500,2835822830
1786385966772524500,2837414275
1786385968433101000,2839056177
1786385970015971500,2840689746
1786385971451143000,2842133916
1786385972823312000,2843523316
1786385973926803000,2844679834
1786385975012740000,2845789517
1786385976260350000,2846932908
1786385977878047500,2848513425
1786385979468278000,2850116121
1786385980933187500,2851646877
1786385982005825500,2852731992
1786385983015704000,2853750786
1786385984026126000,2854761980
1786385985055968500,2855791605
1786385986182360000,2856911975
1786385987221070500,2857961939
1786385988256245500,2858992603
1786385989275721000,2860011884
1786385990292086500,2861034552
1786385991351797500,2862071618
1786385992375597000,2863111572
1786385993380732000,2864121487
1786385994380426000,2865121794
1786385995385821500,2866130176
1786385996400815000,2867131711
1786385997385342500,2868121546
1786385998382129000,2869121606
1786385999395870000,2870131903
1786386000395960500,2871132118
1786386001415910500,2872161650
1786386002455790000,2873181764
1786386003496056000,2874232043
1786386004500552000,2875241592
1786386005485866000,2876221832
1786386006471645000,2877202190
1786386007486362500,2878221586
1786386008495467500,2879231216
1786386009506354500,2880241621
1786386010535133500,2881272934
1786386011535918500,2882281320
1786386012515396000,2883261583
1786386013565662500,2884311523
1786386014561180500,2885291694
1786386015560757000,2886291475
1786386016606177000,2887341850
1786386017626878000,2888361909
1786386018635622500,2889381164
1786386019645501500,2890381848
1786386020670711500,2891411622
1786386021672950000,2892421653
1786386022679935000,2893413609
1786386023670630000,2894411644
1786386024655196500,2895391513
1786386025680351000,2896421640
1786386026710933000,2897451373
1786386027746434500,2898481933
1786386028770792000,2899501727
1786386029775660000,2900521125
1786386030750499000,2901501605
1786386031778697500,2902511660
1786386032785221000,2903521280
1786386033775535000,2904512069
1786386034810266000,2905551616
1786386035780534000,2906511758
1786386036755385500,2907501637
1786386037751461500,2908491566
1786386038765324500,2909501839
1786386039790614000,2910521759
1786386040820669000,2911551628
1786386041900293000,2912641231
1786386042926043000,2913662056
1786386043965685500,2914701636
1786386044995636000,2915731404
1786386046021201500,2916761404
1786386047040273000,2917761956
1786386048085962500,2918821906
1786386049125864000,2919861443
1786386050135534500,2920871212
1786386051135286500,2921861527
1786386052140651000,2922881276
1786386053135697000,2923881592
1786386054145727500,2924881764
1786386055165495000,2925901349
1786386056195198000,2926921886
1786386057200804500,2927931750
1786386058190055000,2928931467
1786386059181154000,2929911540
1786386060195493000,2930931906
1786386061205248000,2931941884
1786386062220350500,2932961524
1786386063250291000,2934001906
1786386064280617000,2935011497
1786386065295774500,2936041120
1786386066305048000,2937041485
1786386067315292500,2938051178
1786386068330875000,2939061584
1786386069335489000,2940081633
1786386070355991500,2941132052
1786386071390783000,2942131562
1786386072430796500,2943171553
1786386073476148000,2944211591
1786386074500995500,2945241521
1786386075536037500,2946271582
1786386076550562500,2947291757
1786386077627436500,2948361977
1786386078755823500,2949491573
1786386079751682500,2950491383
1786386080760933500,2951501448
1786386081809052500,2952542043
1786386082825653500,2953561562
1786386083840796500,2954581525
1786386084865384500,2955611117
1786386085880989500,2956621514
1786386086908071000,2957641807
1786386087920789000,2958661309
1786386088921291500,2959651819
1786386089931550500,2960661317
1786386090947094000,2961681362
1786386092046137500,2962785144
1786386093055960500,2963791569
1786386094081861500,2964821235
1786386095090717500,2965831414
1786386096130830500,2966861503
1786386097149016500,2967882904
1786386098175986000,2968911727
1786386099276541500,2970011684
1786386100321139500,2971061399
1786386101336719000,2972071693
1786386102345926500,2973081382
1786386103355643000,2974091307
1786386104360840500,2975101638
1786386105361747500,2976101797
1786386106416235500,2977151767
1786386107436006000,2978171618
1786386108505758500,2979201625
1786386109555758500,2980291867
1786386110586333000,2981321689
1786386111615620000,2982351395
1786386112625952000,2983351851
1786386113695903500,2984431382
1786386114720991500,2985461562
1786386115737488000,2986471637
1786386116895768500,2987501530
1786386118601956500,2989213352
1786386120445720500,2991281493
1786386121581419000,2992311859
1786386122630464500,2993362021
1786386123651119000,2994391446
1786386124671766000,2995412221
1786386125660243500,2996411259
1786386126655517500,2997391327
1786386127704135000,2998441667
1786386128715822000,2999461495
1786386129715508000,3000461031
1786386130695381500,3001431588
1786386131670169000,3002411429
1786386132656523000,3003402228
1786386133660886000,3004401115
1786386134680677000,3005434502
1786386135716453500,3006451751
1786386136725355000,3007451540
1786386137725683500,3008471159
1786386138735944000,3009472316
1786386139735882500,3010481188
1786386140715339000,3011461842
1786386141685161000,3012411439
1786386142690247000,3013420858
1786386143706407500,3014440896
1786386144695369500,3015421183
1786386145695790500,3016431353
1786386146711322500,3017441610
1786386147736272000,3018471784
1786386148806502500,3019501644
1786386149871186500,3020611741
1786386150895683000,3021630909
1786386151926523000,3022661595
1786386152945800500,3023681082
1786386153975409000,3024711243
1786386154991017500,3025720919
1786386156040297500,3026741775
1786386157085618500,3027801102
1786386158100558000,3028841128
1786386159126271000,3029861473
1786386160145708500,3030883989
1786386161180857500,3031912627
1786386162200875000,3032941571
1786386163205306500,3033911153
1786386164215650000,3034961102
1786386165215747000,3035951368
1786386166200457000,3036941616
1786386167175433500,3037911137
1786386168185187500,3038901111
1786386169195470000,3039921295
1786386170200217000,3040910956
1786386171220139000,3041942539
1786386172210846000,3042951256
1786386173220302500,3043961210
1786386174220344500,3044951201
1786386175210696000,3045941688
1786386176250697500,3046981547
1786386177277350000,3047991282
1786386178265353000,3049011242
1786386179240563000,3049981015
1786386180260883000,3051002208
1786386181286810500,3052021040
1786386182335558000,3053071925
1786386183335272000,3054070871
1786386184310655000,3055050870
1786386185340248500,3056070971
1786386186320758500,3057050860
1786386187310056000,3058041568
1786386188320618000,3059051092
1786386189335765500,3060081066
1786386190325609500,3061071028
1786386191310122000,3062051275
1786386192345709500,3063084199
1786386193355707500,3064091256
1786386194361775000,3065102505
1786386195390995000,3066121047
1786386196375306000,3067111085
1786386197330730500,3068071655
1786386198315478500,3069051519
1786386199355676000,3070111099
1786386200350814000,3071090973
1786386201351574500,3072091331
1786386202335676000,3073071227
1786386203351405000,3074081410
1786386204341384000,3075071458
1786386205346148500,3076091767
1786386206426231000,3077171497
1786386207431117500,3078162430
1786386208456268000,3079200943
1786386209491086000,3080232896
1786386210511011500,3081230954
1786386211521398000,3082260942
1786386212536346500,3083281075
1786386213576231000,3084311499
1786386214586452000,3085330936
1786386215571138500,3086300821
1786386216561292500,3087301454
1786386217556150000,3088290928
1786386218551465500,3089301190
1786386219556021000,3090291031
1786386220609962500,3091351098
1786386221621342000,3092371086
1786386222585705000,3093330912
1786386223556375000,3094301214
1786386224551436000,3095290953
1786386225556496500,3096301898
1786386226555771000,3097300582
1786386227546149500,3098260945
1786386228561425000,3099301430
1786386229556690500,3100290814
1786386230571258500,3101311301
1786386231571458000,3102310765
1786386232575996000,3103311129
1786386233576318500,3104320924
1786386234611424000,3105321210
1786386235636299500,3106371127
1786386236646808500,3107390651
1786386237672488000,3108411407
1786386238671261500,3109410965
1786386239661565000,3110401377
1786386240671531500,3111411385
1786386241671525500,3112381580
1786386242677556500,3113421259
1786386243641276000,3114380888
1786386244605947000,3115341066
1786386245606214500,3116340874
1786386246571229500,3117311254
1786386247576437000,3118310784
1786386248566247000,3119300740
1786386249566151000,3120310636
1786386250587505500,3121331787
1786386251581382500,3122310804
1786386252561597000,3123301022
1786386253550946500,3124290804
1786386254531106000,3125270754
1786386255517644500,3126253141
1786386256546899500,3127291829
1786386257546275000,3128281069
1786386258531234000,3129260854
1786386259511122000,3130250926
1786386260527159000,3131260809
1786386261551129500,3132280583
1786386262547043000,3133290615
1786386263544151500,3134280829
1786386264526474500,3135251055
1786386265521203000,3136260712
1786386266502885000,3137240832
1786386267496725500,3138240790
1786386268486560000,3139230731
1786386269466344000,3140201100
1786386270494648500,3141205382
1786386271516911000,3142270824
1786386272511672000,3143250701
1786386273511368000,3144250848
1786386274506430500,3145240381
1786386275521590000,3146241468
1786386276516431500,3147251018
1786386277511437500,3148220803
1786386278496432500,3149240938
1786386279482360500,3150230479
1786386280466242000,3151200645
1786386281466241500,3152210567
1786386282466569500,3153201593
1786386283466822000,3154200969
1786386284510493000,3155220588
1786386285531464500,3156260534
1786386286526165500,3157270664
1786386287506176500,3158250687
1786386288496191000,3159231256
1786386289496071000,3160240963
1786386290506325500,3161230921
1786386291491233000,3162240809
1786386292451654000,3163190642
1786386293491512000,3164232293
1786386294496377500,3165240789
1786386295476631000,3166220554
1786386296476871500,3167221302
1786386297482284000,3168220731
1786386298502022000,3169240654
1786386299551738500,3170280736
1786386300586920000,3171330979
1786386301587789500,3172330672
1786386302597066000,3173330661
1786386303617033000,3174351119
1786386304662973000,3175390973
1786386305693290500,3176430878
1786386306739809500,3177480685
1786386307716388000,3178450893
1786386308681032000,3179430938
1786386309651931500,3180390674
1786386310656806500,3181390746
1786386311656175000,3182371370
1786386312637355500,3183380812
1786386313671566500,3184411124
1786386314656897500,3185400629
1786386315671455000,3186401184
1786386316656125500,3187391201
1786386317656371500,3188380876
1786386318671321000,3189401117
1786386319676574000,3190421262
1786386320734066500,3191472216
1786386321732216000,3192470879
1786386322726235500,3193461734
1786386323726520000,3194451007
1786386324742120000,3195470679
1786386326331831500,3196868833
1786386328600664000,3199291492
1786386329756837500,3200492577
1786386330751511500,3201490716
1786386331739037000,3202480552
1786386332771366500,3203513787
1786386333803422500,3204530800
1786386334851467000,3205564738
1786386335877049000,3206610648
1786386336882949000,3207620568
1786386337882072500,3208623626
1786386338896519500,3209633053
1786386339901806500,3210640942
1786386340906849000,3211660976
1786386341973405500,3212686119
1786386343031899500,3213760828
1786386344046649000,3214780707
1786386345066715000,3215802060
1786386346061339500,3216829513
1786386347081128500,3217810364
1786386348081359000,3218820765
1786386349108656500,3219820402
1786386350151279000,3220890922
1786386351146252000,3221890415
1786386352190869500,3222921177
1786386353181701000,3223920468
1786386354176807500,3224911540
1786386355181348500,3225920071
1786386356177144500,3226902834
1786386357196167000,3227930342
1786386358196504500,3228941410
1786386359166610000,3229890312
1786386360156902500,3230890800
1786386361166795000,3231910679
1786386362171886000,3232911060
1786386363211341000,3233920970
1786386364226218000,3234951027
1786386365196503500,3235929961
1786386366171622000,3236910839
1786386367152885000,3237881888
1786386368136321000,3238880719
1786386369133930500,3239863066
1786386370171578000,3240910715
1786386371161489000,3241900376
1786386372161286000,3242890465
1786386373181144500,3243932960
1786386374206823500,3244940337
1786386375211535500,3245950417
1786386376216338500,3246940310
1786386377221398500,3247970130
1786386378252180500,3248980530
1786386379266780500,3250010629
1786386380246129000,3250980887
1786386381251658000,3252003580
1786386382246797000,3252970750
1786386383287324500,3254029395
1786386384306389000,3255050624
1786386385337056500,3256080715
1786386386306721000,3257040436
1786386387286833000,3258031081
1786386388271666000,3259011091
1786386389306645000,3260054381
1786386390322201500,3261060640
1786386391316596000,3262060703
1786386392347429500,3263080880
1786386393377037000,3264100482
1786386394391790000,3265140673
1786386395406300000,3266120667
1786386396422257000,3267160724
1786386397406700000,3268141128
1786386398401637000,3269146346
1786386399461503500,3270200449
1786386400461493000,3271191191
1786386401451779000,3272191453
1786386402447049000,3273190496
1786386403458281000,3274190186
1786386404488174000,3275220856
1786386405516499000,3276240500
1786386406562067500,3277300753
1786386407551702500,3278300720
1786386408601968000,3279340404
1786386409601941000,3280340167
1786386410601501000,3281340198
1786386411596631500,3282340451
1786386412571826000,3283310148
1786386413576378500,3284340263
1786386414616779000,3285350707
1786386415611535000,3286349846
1786386416571689500,3287310587
1786386417556969500,3288280672
1786386418576763000,3289310493
1786386419586672500,3290310950
1786386420617120000,3291340479
1786386421661791000,3292400085
1786386422656920500,3293390627
1786386423637409500,3294360865
1786386424675699000,3295420213
1786386425716579000,3296460299
1786386426696502500,3297450272
1786386427681759500,3298390402
1786386428700859500,3299430312
1786386429706710500,3300440640
1786386430717061000,3301450647
1786386431712383500,3302450100
1786386432701534500,3303440569
1786386433671828500,3304400324
1786386434688322000,3305430348
1786386435712708000,3306440440
1786386436691991500,3307440442
1786386437681630500,3308419901
1786386438651418000,3309400355
1786386439621662000,3310360168
1786386440613059500,3311350507
1786386441611908500,3312350594
1786386442606830000,3313339948
1786386443586590500,3314340345
1786386444601961000,3315350564
1786386445622051000,3316359764
1786386446883577500,3317380966
1786386448755135000,3319378009
1786386450369527000,3321100449
1786386451392274000,3322130423
1786386452447261000,3323183747
1786386453446882500,3324180433
1786386454446908500,3325180260
1786386455447115000,3326190410
1786386456467650500,3327240445
1786386457492184500,3328220304
1786386458481972500,3329230308
1786386459476796000,3330210515
1786386460481915500,3331220343
1786386461491753000,3332220002
1786386462451745000,3333190287
1786386463482475500,3334190252
1786386464509143500,3335240285
1786386465502168000,3336230153
1786386466501978000,3337243605
1786386467516924500,3338229621
1786386468492208000,3339229706
1786386469483725500,3340220504
1786386470512138500,3341240419
1786386471526859000,3342270519
1786386472533861000,3343260916
1786386473551915500,3344290211
1786386474556603500,3345290090
1786386475567020000,3346290213
1786386476582006500,3347320718
1786386477591077500,3348320275
1786386478606725000,3349335302
1786386479602179500,3350329991
1786386480612544000,3351340650
1786386481670417000,3352410532
1786386482692348500,3353420361
1786386483704012000,3354420460
1786386484729838000,3355440298
1786386485762031000,3356510456
1786386486751763000,3357490640
1786386487746682500,3358480413
1786386488706712000,3359440063
1786386489661501000,3360400783
1786386490651884500,3361390353
1786386491657498000,3362390068
1786386492651996500,3363380293
1786386493651669500,3364380269
1786386494641999000,3365370408
1786386495642717500,3366371094
1786386496694379500,3367421605
1786386497706753500,3368450191
1786386498691885000,3369440042
1786386499742644000,3370471547
1786386500728258500,3371470635
1786386501711591500,3372440574
1786386502686705500,3373420003
1786386503672030000,3374410063
1786386504641809500,3375380180
1786386505617000500,3376370199
1786386506661503500,3377400114
1786386507687477500,3378420171
1786386508693221500,3379420457
1786386509671825000,3380410455
1786386510651934500,3381385909
1786386511641932000,3382380230
1786386512652156500,3383391087
1786386513681594000,3384440210
1786386514681861000,3385409889
1786386515676739500,3386410267
1786386516653412500,3387401341
1786386517626921500,3388369810
1786386518602282500,3389330124
1786386519592070000,3390322013
1786386520612016000,3391311143
1786386521636951500,3392370081
1786386522641646500,3393380574
1786386523626848500,3394360044
1786386524646912000,3395370092
1786386525657660500,3396380347
1786386526682138000,3397421229
1786386527707123000,3398430054
1786386528716954000,3399460372
1786386529717060500,3400440208
1786386530703597000,3401440223
1786386531716988000,3402450213
1786386532717057000,3403450555
1786386533711916500,3404449998
1786386534686679000,3405430427
1786386535711738000,3406450291
1786386536686919000,3407409955
1786386537678322000,3408421608
1786386538661668500,3409410200
1786386539647191000,3410390249
1786386540643065500,3411380325
1786386541657008000,3412390253
1786386542726998500,3413480106
1786386543721581500,3414460445
1786386544701818000,3415440181
1786386545681734500,3416430279
1786386546657258000,3417405832
1786386547627038000,3418360065
1786386548607028000,3419340545
1786386549641696500,3420379492
1786386550631947000,3421380063
1786386551610590000,3422350170
1786386552586793500,3423330368
1786386553552007000,3424289786
1786386554539221000,3425270542
1786386555572307000,3426293727
1786386556632597000,3427381979
1786386557681531000,3428422640
1786386558704066500,3429440585
1786386559727668000,3430470073
1786386560716772000,3431450735
1786386561708151000,3432450223
1786386562731230000,3433440662
1786386563861553500,3434599506
1786386564857298500,3435599971
1786386565846551500,3436589786
1786386566807400000,3437540288
1786386567828018500,3438562290
1786386569488080500,3440164232
1786386571504407500,3442206770
1786386572657186500,3443399736
1786386573657292500,3444390106
1786386574661993500,3445400092
1786386575662427500,3446400422
1786386576682507000,3447430127
1786386577693394000,3448419866
1786386578708298000,3449460236
1786386579707570000,3450449934
1786386580702453500,3451439887
1786386581698178500,3452430090
1786386582666806000,3453399676
1786386583668521000,3454410383
1786386584652605500,3455390063
1786386585651897000,3456389712
1786386586622178000,3457370165
1786386587606931500,3458339868
1786386588612089500,3459340049
1786386589592221000,3460319768
1786386590586965000,3461320520
1786386591571929000,3462310199
1786386592616981500,3463349876
1786386593627331000,3464369720
1786386594612464000,3465350253
1786386595596996500,3466330276
1786386596582168000,3467320060
1786386597593611000,3468320066
1786386598602370000,3469350295
1786386599622829500,3470369809
1786386600627289500,3471369831
1786386601627120500,3472359945
1786386602624601000,3473359735
1786386603607241000,3474349974
1786386604577501000,3475309981
1786386605562525000,3476299773
1786386606577416500,3477348034
1786386607591913000,3478334793
1786386608591989500,3479320085
1786386609572301500,3480319597
1786386610567763000,3481310036
1786386611556860500,3482290835
1786386612546697000,3483279979
1786386613557505000,3484269825
1786386614567109000,3485299786
1786386615567775500,3486309970
1786386616561980000,3487299864
1786386617557091000,3488308233
1786386618572443500,3489309972
1786386619557263000,3490289759
1786386620567249000,3491271181
1786386621571949000,3492315294
1786386622558172500,3493289776
1786386623562605000,3494300289
1786386624587373000,3495330220
1786386625561965000,3496309493
1786386626522203000,3497262623
1786386627498284500,3498239758
1786386628487536500,3499229836
1786386629477294000,3500209951
1786386630436860000,3501170382
1786386631421942500,3502141126
1786386632439473000,3503171932
1786386633418316500,3504150174
1786386634437118000,3505169927
1786386635521798000,3506255333
1786386636526910000,3507259777
1786386637493434500,3508229807
1786386638472022000,3509199775
1786386639452239500,3510179666
1786386640447157000,3511179961
1786386641422273000,3512150085
1786386642428258000,3513181330
1786386643459252500,3514199904
1786386644427207000,3515159823
1786386645407163500,3516150086
1786386646418994500,3517149978
1786386647412280000,3518159570
1786386648392906500,3519135729
1786386649362633000,3520090217
1786386650376833000,3521109646
1786386651367101500,3522119823
1786386652352509500,3523099525
1786386653352840000,3524089825
1786386654352437000,3525099718
1786386655327256500,3526069322
1786386656333482500,3527040253
1786386657362673500,3528109994
1786386658357185500,3529090045
1786386659352299500,3530089708
1786386660347663000,3531080372
1786386661409525500,3532149315
1786386662433597500,3533160148
1786386663454403000,3534159651
1786386664417338000,3535159605
1786386665372294000,3536109796
1786386666352406500,3537080334
1786386667366985000,3538099535
1786386668362451000,3539099606
1786386669357758000,3540089848
1786386670317421500,3541059834
1786386671347237500,3542099789
1786386672357645000,3543089511
1786386673352774500,3544080485
1786386674357330500,3545090119
1786386675357425500,3546089777
1786386676327520000,3547069822
1786386677321845500,3548050401
1786386678349704000,3549089697
1786386679337830000,3550069939
1786386680332557500,3551069762
1786386681353518000,3552079872
1786386682347544500,3553089939
1786386683333031500,3554059873
1786386684334444000,3555070130
1786386685327227000,3556079703
1786386686312150500,3557049803
1786386687277227000,3558020957
1786386688247361500,3558990055
1786386689316978500,3560035000
1786386691024620000,3561677846
1786386692848899000,3563573970
1786386693949361000,3564689590
1786386694942379500,3565678099
1786386695927189000,3566659516
1786386696917300000,3567649751
1786386697897493000,3568629601
1786386698892462000,3569629592
1786386699927421000,3570659942
1786386700912602000,3571639637
1786386701902452500,3572629948
1786386702897424000,3573629616
1786386703907493500,3574640236
1786386704882379000,3575629266
1786386705869026500,3576609617
1786386706953034500,3577689539
1786386707966935500,3578699886
1786386708973133500,3579699680
1786386710002314500,3580729612
1786386710992160500,3581741259
1786386711997504500,3582729486
1786386712982390500,3583709927
1786386714024278500,3584759764
1786386715007438000,3585755995
1786386716008344000,3586739384
1786386717012542500,3587749472
1786386718002539500,3588740268
1786386718967881000,3589699779
1786386720116718500,3590809499
1786386721439999000,3592070443
1786386722778330500,3593531724
1786386724174155000,3594861079
1786386725541034000,3596229558
1786386726851226000,3597561164
1786386728159262000,3598904513
1786386729453098000,3600180858
