# host_unix_ns,fpga_counter_us
1786401513894979000,160285
1786401514924510500,1190116
1786401515946873000,2210190
1786401516954392500,3220287
1786401517964358500,4239970
1786401518969656000,5249833
1786401520000113500,6270941
1786401521072293500,7339506
1786401522121749500,8390684
1786401523155234500,9420182
1786401524174735000,10450266
1786401525200443500,11470030
1786401526229883500,12489703
1786401527244612500,13519603
1786401528234499500,14500009
1786401529239751500,15510879
1786401530274511000,16549856
1786401531295236000,17560140
1786401532309131000,18580097
1786401533299291500,19559570
1786401534309939500,20580026
1786401535340005000,21609925
1786401536349863000,22619853
1786401537374738000,23649717
1786401538389765000,24670184
1786401539405046500,25680099
1786401540434659000,26700269
1786401541419869000,27690549
1786401542430232000,28699877
1786401543444720000,29710124
1786401544532576000,30800468
1786401545559976500,31829507
1786401546565478000,32839789
1786401547569399000,33839758
1786401548570036500,34848884
1786401549569930000,35839920
1786401550585303000,36850127
1786401551685762000,37959716
1786401552704496500,38979494
1786401553699552500,39969541
1786401554704462000,40974079
1786401555704415500,41969784
1786401556746436000,43019513
1786401557804549000,44081017
1786401558869689000,45139571
1786401559899257000,46176513
1786401560895538000,47170489
1786401561916233500,48189645
1786401562925360000,49190005
1786401563959670000,50233963
1786401564981143500,51250899
1786401566004499000,52280321
1786401567030441500,53299585
1786401568055341000,54329903
1786401569100745500,55370323
1786401570134638500,56420261
1786401571156263000,57419862
1786401572164592000,58430100
1786401573179767500,59449916
1786401574184772500,60459510
1786401575189743000,61460433
1786401576204406000,62469794
1786401577214349000,63489917
1786401578199627000,64460584
1786401579194547500,65471635
1786401580225029000,66491048
1786401581256383500,67530136
1786401582274352500,68549172
1786401583285227500,69551987
1786401584305172000,70579556
1786401585324630000,71599806
1786401586350071000,72622383
1786401587430075500,73700307
1786401588450006500,74720689
1786401589470196500,75740224
1786401590489519000,76769717
1786401591494462000,77760811
1786401592499709000,78771369
1786401593529930500,79799869
1786401594559596500,80830119
1786401595544586500,81819959
1786401596550207000,82820151
1786401597530768000,83799723
1786401598545011000,84809832
1786401599529735000,85799589
1786401600534551000,86805412
1786401601594713500,87860589
1786401602584392000,88859670
1786401603594914000,89870670
1786401604599561000,90869581
1786401605589364500,91859676
1786401606614657500,92879910
1786401607620134500,93901433
1786401608654665500,94929716
1786401609679989500,95949827
1786401610709274500,96969796
1786401611699846500,97979889
1786401612700350000,98959479
1786401613709783000,99989581
1786401614739691500,100999858
1786401615794349500,102069487
1786401616794269500,103060436
1786401617799250000,104079422
1786401618800230500,105072179
1786401619806223500,106079322
1786401620826370500,107090287
1786401621844661500,108119699
1786401622884201500,109161676
1786401623905123500,110179867
1786401624899760000,111159532
1786401625909536500,112189599
1786401626894986000,113179602
1786401627919936500,114184532
1786401628933658000,115200312
1786401630006569000,116269569
1786401631004862500,117271950
1786401631994577500,118259998
1786401632999893500,119289581
1786401634006520500,120280478
1786401635014805500,121289642
1786401636000261000,122279268
1786401637039810000,123349724
1786401638054674000,124319522
1786401639024594000,125309468
1786401640029972500,126299530
1786401641070529500,127340195
1786401642130431500,128399805
1786401643169698000,129439508
1786401644200807500,130501492
1786401645280484500,131549839
1786401646294907500,132569727
1786401647295476000,133579296
1786401648310558000,134579789
1786401649351999500,135620068
1786401650380310500,136649764
1786401651472852500,137740865
1786401652500074000,138775362
1786401653544983500,139819717
1786401654559684500,140839658
1786401655559599000,141829582
1786401656590040000,142869590
1786401657610407000,143879567
1786401658674729500,144939350
1786401659659849000,145939779
1786401660669838000,146949589
1786401661674764000,147939255
1786401662689664000,148959207
1786401663704821000,149970293
1786401664744673500,151009456
1786401665784825000,152049358
1786401666779445500,153059397
1786401667789931000,154049963
1786401668804693500,155069612
1786401669795079500,156059463
1786401670820167000,157099640
1786401671835178000,158109590
1786401672907571000,159179700
1786401673919729500,160189349
1786401674924770000,161209434
1786401675930079000,162199615
1786401676949854500,163229573
1786401677914751500,164188965
1786401678930009500,165199530
1786401679984566500,166279413
1786401681049965000,167319607
1786401682045016000,168329126
1786401683045114000,169319246
1786401684075024500,170339338
1786401685090075000,171359593
1786401686114891500,172379589
1786401687150253000,173456490
1786401688205472000,174469504
1786401689224938000,175499301
1786401690225233000,176499529
1786401691240409500,177509573
1786401692255555500,178531308
1786401693274785500,179549560
1786401694325709000,180629575
1786401695369747000,181650132
1786401696381283000,182659436
1786401697374950500,183638849
1786401698395125000,184658915
1786401699414852000,185680180
1786401700430245500,186699677
1786401701507054500,187779602
1786401702509858500,188779312
1786401703519900500,189789720
1786401704555192500,190819692
1786401705600628500,191859997
1786401706634951500,192909598
1786401707655342500,193920452
1786401708692142000,194959367
1786401709715285500,196000588
1786401710720097500,196980028
1786401711730431500,198000506
1786401712752261500,199019327
1786401713780087500,200050003
1786401714795705500,201069368
1786401715845210500,202114600
1786401716845193000,203119729
1786401717844492000,204109360
1786401718835069000,205109432
1786401719850375000,206120020
1786401720880434500,207149576
1786401721885555500,208159743
1786401722930356500,209229438
1786401723960505000,210238767
1786401724985199000,211249596
1786401725980596000,212279435
1786401726980462500,213238779
1786401727991010000,214259536
1786401729000471500,215279350
1786401730035122000,216329228
1786401731075224000,217349015
1786401732100355500,218369578
1786401733110670000,219379086
1786401734124993500,220389418
1786401735140456000,221409525
1786401736160566000,222429592
1786401737225400500,223504659
1786401738275166500,224539354
1786401739300196000,225569578
1786401740330433500,226599895
1786401741360648500,227629814
1786401742380482000,228649995
1786401743395063000,229659538
1786401744470435000,230739325
1786401745495517500,231769082
1786401746516967000,232779362
1786401747560338500,233829605
1786401748590440000,234859746
1786401749630571500,235899740
1786401750649848500,236929834
1786401751728018500,237999543
1786401752745389500,239019575
1786401753775518500,240039244
1786401754800801000,241070327
1786401755825676500,242100128
1786401756866885000,243119590
1786401757930626500,244199280
1786401759025406500,245289660
1786401760035452000,246299132
1786401761065450000,247329199
1786401762080423000,248349137
1786401763095581500,249359046
1786401764114924500,250380449
1786401765135575000,251410593
1786401766170065000,252449314
1786401767190210500,253468784
1786401768205284000,254479209
1786401769190816500,255459523
1786401770200314000,256459748
1786401771190444000,257459395
1786401772200347000,258469393
1786401773270279500,259559140
1786401774260675000,260489345
1786401775245513000,261519351
1786401776259857000,262519226
1786401777270585500,263539266
1786401778300874500,264568846
1786401779335200500,265609646
1786401780395537500,266669899
1786401781401032500,267670297
1786401782430446500,268699740
1786401783450362000,269720029
1786401784465538000,270739158
1786401785480511000,271749271
1786401786495288000,272759183
1786401787545173000,273830441
1786401788555213000,274829485
1786401789590843000,275869213
1786401790590326500,276869246
1786401791610743500,277879557
1786401792645627000,278919156
1786401793669201000,279929377
1786401794736116000,281009398
1786401795766100000,282039311
1786401796765689500,283041813
1786401797720641500,283989393
1786401798725205500,284999460
1786401799755418500,286029124
1786401800766104500,287039752
1786401801840229500,288109218
1786401802835359500,289099394
1786401803840681000,290109264
1786401804860465500,291139081
1786401805845411500,292109636
1786401806850335500,293109291
1786401807870714000,294139345
1786401808950159500,295218871
1786401809981365000,296249235
1786401811002841000,297271499
1786401812035709000,298299081
1786401813075425500,299338803
1786401814086005000,300359780
1786401815086391500,301349172
1786401816166030500,302429178
1786401817181016500,303449385
1786401818181227000,304459754
1786401819190694000,305459544
1786401820230964000,306500521
1786401821276271000,307539300
1786401822332383500,308589138
1786401823435963000,309679505
1786401824495674000,310769315
1786401825525987500,311799165
1786401826560925500,312829076
1786401827590605500,313859354
1786401828625462500,314899039
1786401829645540500,315929162
1786401830610819500,316888882
1786401831640465500,317918965
1786401832665217000,318928985
1786401833675492500,319949288
1786401834685859000,320948374
1786401835725842000,321998616
1786401836745461000,323009249
1786401837786305000,324059323
1786401838810626000,325079563
1786401839835884000,326099162
1786401840845532000,327118884
1786401841880635000,328148935
1786401842915722500,329188575
1786401844062477500,330299157
1786401845115808500,331388940
1786401846115810000,332389311
1786401847146014000,333419172
1786401848171983000,334441796
1786401849190941500,335459426
1786401850211190500,336479373
1786401851242724500,337510149
1786401852275486000,338529198
1786401853291523500,339560838
1786401854321773000,340589939
1786401855330901500,341599099
1786401856361849000,342629481
1786401857380895500,343648778
1786401858446010500,344704952
1786401859502181000,345768876
1786401860531002000,346808992
1786401861666863000,347929771
1786401862676253000,348939155
1786401863716609500,349998870
1786401864740535000,351009031
1786401865765944000,352029000
1786401866797844000,353059573
1786401867805969500,354068950
1786401868820394500,355088765
1786401869831044500,356099189
1786401870841445500,357109621
1786401871850433000,358098633
1786401872879068500,359128776
1786401873904306000,360178686
1786401874885892000,361158186
1786401875896344500,362168971
1786401876915962000,363189066
1786401877936683500,364209127
1786401878952909500,365219147
1786401879955744000,366208629
1786401880995631500,367268992
1786401881995597000,368278740
1786401883010819000,369279007
1786401884033187000,370298692
1786401885040314000,371319260
1786401886050999000,372319025
1786401887081174500,373329154
1786401888100714500,374378886
1786401889117044500,375389258
1786401890131360500,376399142
1786401891130785000,377399104
1786401892161162000,378428951
1786401893210664500,379478885
1786401894272277500,380512230
1786401895347272000,381609101
1786401896375645000,382639047
1786401897396958500,383658848
1786401898410953500,384679109
1786401899441605500,385701546
1786401900481018500,386758775
1786401901556152000,387788899
1786401902622130000,388888940
1786401903646733000,389918910
1786401904676336500,390949030
1786401905680868000,391948508
1786401906711025500,392979108
1786401907746295500,394018778
1786401908790785000,395079395
1786401909856173500,396119065
1786401910906000000,397178640
1786401911945731000,398218609
1786401912966109000,399229007
1786401913981408500,400248958
1786401914996149500,401268891
1786401916083056500,402339292
1786401917110931500,403378755
1786401918140859000,404410182
1786401919171063000,405439049
1786401920175859000,406441641
1786401921196481000,407470796
1786401922215962000,408479307
1786401923223834000,409497672
1786401924236158500,410510032
1786401925261041000,411528448
1786401926266218500,412538601
1786401927282855500,413558826
1786401928300683000,414569062
1786401929326120000,415588703
1786401930380356000,416638611
1786401931400748000,417668729
1786401932402041000,418678246
1786401933411655000,419678543
1786401934436400000,420708874
1786401935435914500,421698653
1786401936440996500,422698679
1786401937523069000,423788965
1786401938541018000,424808530
1786401939533252500,425809097
1786401940530596000,426808910
1786401941561126000,427839506
1786401942601554000,428869363
1786401943611344500,429879077
1786401944673763500,430939653
1786401945696199500,431968462
1786401946748128500,433018745
1786401947767101500,434028700
1786401948780964500,435048905
1786401949781251500,436058366
1786401950785759500,437058552
1786401951824954000,438088840
1786401952816302500,439088745
1786401953831297500,440098599
1786401954840868000,441098764
1786401955845881000,442118460
1786401956841251500,443109034
1786401957856571000,444129127
1786401958886257500,445158980
1786401959926343500,446199272
1786401960966156500,447228888
1786401962001194000,448278985
1786401963031348500,449298880
1786401964076440500,450348750
1786401965111001500,451388708
1786401966196064500,452458764
1786401967226192000,453488942
1786401968250951000,454518823
1786401969267101500,455528830
1786401970331183500,456598410
1786401971356224500,457629137
1786401972365859500,458638542
1786401973401273000,459678579
1786401974421265500,460688408
1786401975451602000,461718887
1786401976476199500,462748814
1786401977491288500,463768884
1786401978511277000,464778870
1786401979531448500,465798854
1786401980581366000,466848482
1786401981587433500,467859178
1786401982585921500,468858179
1786401983586624000,469858719
1786401984586651000,470848072
1786401985623736000,471868669
1786401986656216000,472919745
1786401987712352500,473968627
1786401988732394500,474998657
1786401989757853500,476018353
1786401990786157500,477048703
1786401991851555000,478108607
1786401992901616500,479168714
1786401993932241000,480199550
1786401995006458500,481278968
1786401996016583000,482280408
1786401997033954000,483301378
1786401998061379000,484328981
1786401999071134000,485338839
1786402000076584000,486348467
1786402001093245500,487369054
1786402002181331500,488448452
1786402003211471000,489478792
1786402004256332000,490531420
1786402005282294000,491549124
1786402006287571000,492548764
1786402007316486500,493588682
1786402008341277000,494608753
1786402009356045500,495618800
1786402010371838000,496648613
1786402011401651500,497669095
1786402012403588000,498668527
1786402013436200500,499709143
1786402014461189000,500738406
1786402015456353500,501738194
1786402016461638500,502728753
1786402017481227000,503748688
1786402018492567500,504779211
1786402019521586500,505788490
1786402020542031500,506808775
1786402021551374500,507821714
1786402022579661000,508848624
1786402023636457000,509908286
1786402024646104500,510928739
1786402025627090000,511888146
1786402026651876500,512918717
1786402027681344000,513948582
1786402028701722500,514958571
1786402029731749000,515998513
1786402030776893000,517038923
1786402031826482500,518088640
1786402032854640000,519108716
1786402033931530000,520209920
1786402034951577500,521223464
1786402035976449000,522240320
1786402037015209500,523279496
1786402038086366000,524348580
1786402039128479000,525388739
1786402040176291500,526448297
1786402041191918500,527459158
1786402042222172500,528491881
1786402043261681500,529528475
1786402044302763000,530568225
1786402045336343500,531608484
1786402046356501500,532628117
1786402047363277500,533628687
1786402048411477000,534658484
1786402049446773000,535718158
1786402050478143500,536748431
1786402051574435500,537852063
1786402052622686500,538898302
1786402053648917000,539909039
1786402054662076500,540938203
1786402055666350500,541938345
1786402056689506500,542947950
1786402057701826000,543978418
1786402058736379500,544978567
1786402059776572500,546028603
1786402060797086000,547068529
1786402061866751500,548162060
1786402063038348000,549332985
1786402064066595500,550318872
1786402065091522000,551358561
1786402066132372000,552409319
1786402067138245000,553408361
1786402068156422500,554418276
1786402069192186000,555458403
1786402070196638000,556468688
1786402071203463500,557478520
1786402072211608000,558477884
1786402073261983000,559497973
1786402074306514000,560568250
1786402075321879000,561588841
1786402076352076000,562618784
1786402077371775000,563638510
1786402078401608500,564657949
1786402079426948500,565678818
1786402080515858000,566788107
1786402081521925000,567799397
1786402082566523500,568839231
1786402083622004000,569888533
1786402084646685500,570898715
1786402085676650500,571948821
1786402086701978000,572968443
1786402087752694000,574028026
1786402088781969500,575058765
1786402089808763000,576078673
1786402090826654000,577088378
1786402091851469000,578108741
1786402092888021000,579128380
1786402094209959000,580443258
1786402095899022000,582073637
1786402097339274500,583570781
1786402098701643000,584949623
1786402099998540000,586200210
1786402101453329000,587569678
1786402103558305000,589681800
1786402104671871000,590938316
1786402105687013000,591958105
1786402106712225000,592979184
1786402107717003000,593988484
1786402108787024500,595028187
1786402109837397500,596098858
1786402110881774000,597158152
1786402111901754500,598168018
1786402112921527000,599188170
1786402113942011500,600218125
1786402114962303000,601228601
1786402116021994500,602258589
1786402117068022500,603338266
1786402118092232000,604368624
1786402119123358000,605388539
1786402120167312000,606428904
1786402121211781000,607478402
1786402122217309000,608488039
1786402123252406000,609540276
1786402124302156000,610570754
1786402125332212500,611598608
1786402126361950000,612628575
1786402127371782500,613648570
1786402128387245000,614649413
1786402129406771500,615659460
1786402130417000500,616678115
1786402131427211000,617688279
1786402132442369500,618707757
1786402133451929000,619728242
1786402134471770500,620738467
1786402135467062500,621738557
1786402136481876500,622758623
1786402137516337500,623758022
1786402138561904500,624838337
1786402139573292000,625828551
1786402140607353000,626878073
1786402141661956500,627928194
1786402142687380500,628958679
1786402143722058000,629998297
1786402144756966500,630998378
1786402145802424500,632068660
1786402146848110000,633118328
1786402147842641000,634118541
1786402148857169000,635128477
1786402149866577500,636128580
1786402150873976000,637128226
1786402151922271500,638218340
1786402152966851500,639228353
1786402153977037500,640238210
1786402154973263000,641238300
1786402155977039000,642248261
1786402156998702500,643268343
1786402158012529000,644278526
1786402159052107500,645338335
1786402160102252000,646378093
1786402161112598000,647368188
1786402162112872000,648387726
1786402163107210500,649377449
1786402164101992000,650368149
1786402165143181500,651378631
1786402166232197000,652468320
1786402167283093000,653548487
1786402168313035500,654578169
1786402169342469500,655608289
1786402170382453500,656648218
1786402171392337000,657658172
1786402172413160000,658678427
1786402173483942500,659748008
1786402174508472000,660768319
1786402175512526500,661778273
1786402176511830500,662777760
1786402177537325500,663798123
1786402178557101000,664818369
1786402179573531500,665848162
1786402180620691500,666889239
1786402181622528500,667900509
1786402182637186500,668897870
1786402183652708000,669918516
1786402184652566000,670909165
1786402185668153500,671938165
1786402186702506000,672968101
1786402187780799000,674047697
1786402188782611000,675047784
1786402189787084000,676068709
1786402190787168000,677057690
1786402191802072500,678061391
1786402192811895000,679080361
1786402193832805500,680100223
1786402194913234000,681167954
1786402195932578000,682197582
1786402196958184500,683218202
1786402197977576000,684237749
1786402199007459000,685278663
1786402200003593000,686277406
1786402201023216000,687298205
1786402202112058500,688377612
1786402203187656500,689408837
1786402204262190500,690518413
1786402205291927500,691558099
1786402206322829000,692588088
1786402207357524000,693618304
1786402208392455500,694658188
1786402209982559500,696248508
1786402211032880500,697298049
1786402212048596500,698318060
1786402213087570500,699348763
1786402214132654500,700399169
1786402215152792000,701418533
1786402216183993500,702440457
1786402217223276500,703488513
1786402218242460000,704508285
1786402219279659500,705538697
1786402220312630500,706579093
1786402221342916500,707608555
1786402223009367000,708944990
1786402225576546500,711961268
1786402227317570000,713409457
1786402229680017000,715973875
1786402232522443500,718839434
1786402234318396000,720667718
1786402235498974000,721799682
1786402236749476500,722989673
1786402237955608500,724179458
1786402239088639000,725388199
1786402240209922500,726519309
1786402241448855500,727649779
1786402242907138000,729160698
1786402244466583500,730677769
1786402245834956000,732079854
1786402246954400500,733254195
1786402248048170500,734349351
1786402249268344500,735509690
1786402250400513000,736639758
1786402251525484000,737768750
1786402252651332000,738899257
1786402254025832000,740229255
1786402255628842000,741779539
1786402256965196000,743269675
1786402258181799500,744419443
1786402259378443000,745599409
1786402260521865500,746758642
1786402261780614000,748009507
1786402263267177000,749528132
1786402264312653500,750578225
1786402265327616500,751587845
1786402266418874500,752678079
1786402267427989500,753697876
1786402268432172000,754699164
1786402269457849000,755718475
1786402270477285000,756747748
1786402271471462000,757727637
1786402272458064500,758728117
1786402273492537500,759768200
1786402274528093000,760787891
1786402275558089000,761827692
1786402276583501000,762858196
1786402277587568000,763858478
1786402278592255000,764857910
1786402279623139500,765877975
1786402280712982500,766978034
1786402281722118000,767977605
1786402282727732500,769007986
1786402283732912000,769998508
1786402284768165000,771028182
1786402285808158000,772067615
1786402286822466000,773077799
1786402287852751000,774138302
1786402288882979500,775148899
1786402289913183500,776177909
1786402290943034500,777207794
1786402291967731000,778238001
1786402292972457500,779247719
1786402293987510500,780247343
1786402295064697500,781328647
1786402296092870500,782358281
1786402297132608000,783387821
1786402298152501000,784417648
1786402299182841500,785447585
1786402300207522000,786477554
1786402301217638000,787478524
1786402302303300000,788547827
1786402303347554000,789617873
1786402304343449500,790607877
1786402305357151000,791627703
1786402306352299500,792627528
1786402307388210000,793647722
1786402308417782500,794677634
1786402309498513500,795767264
1786402310532979000,796797647
1786402311542399500,797807818
1786402312574068000,798838224
1786402313607761500,799879582
1786402314627816000,800888171
1786402315703860500,801968059
1786402316798312000,803057348
1786402317834280000,804097730
1786402318848273000,805118043
1786402319874562500,806137910
1786402320892821000,807167351
1786402321893891000,808167736
1786402322910504500,809167808
1786402323922206500,810187560
1786402324907990000,811177633
1786402325933241500,812197848
1786402326962918000,813227544
1786402327984775000,814257629
1786402328998868000,815267901
1786402330003003500,816267755
1786402331097977500,817368524
1786402332138353500,818398076
1786402333188582500,819448791
1786402334223361000,820487518
1786402335237984000,821508432
1786402336253309000,822517951
1786402337283181500,823547884
1786402338317995000,824577843
1786402339383022500,825647780
1786402340423420500,826688860
1786402341428183500,827697673
1786402342437882000,828707749
1786402343462890000,829727726
1786402344472813500,830737576
1786402345553311000,831817873
1786402346584346500,832847894
1786402347613397000,833877606
1786402348628046500,834897429
1786402349643238000,835907926
1786402350673423500,836938089
1786402351728876500,837947988
1786402352827982000,839057753
1786402353903316000,840167193
1786402354938317500,841197810
1786402355973592500,842237893
1786402357003818500,843267438
1786402358033511500,844298920
1786402359063143000,845317819
1786402360101182000,846367389
1786402361130395500,847397489
1786402362144133500,848418192
1786402363178429500,849447940
1786402364198587000,850467888
1786402365227595500,851498355
1786402366282473500,852537902
1786402367316155000,853587865
1786402368347472500,854618529
1786402369374564000,855637717
1786402370399304500,856677485
1786402371408923000,857687268
1786402372448782500,858717938
1786402373514477000,859800521
1786402374578266500,860837795
1786402375637649500,861920134
1786402376711013000,862947801
1786402378174875000,864449848
1786402379196675000,865477855
1786402380288409500,866539629
1786402381336234500,867617987
1786402382375844000,868637522
1786402383421479500,869697631
1786402384465659000,870747595
1786402385510771000,871787435
1786402386530976000,872807741
1786402387575287500,873817626
1786402388630986000,874914125
1786402389679700500,875957540
1786402390699715500,876977715
1786402391714763000,877997848
1786402392729401000,879007445
1786402393738860500,880017985
1786402394769535500,881037565
1786402395788826000,882077388
1786402396833971500,883118248
1786402397838989000,884117370
1786402398853594000,885128359
1786402399878561500,886157793
1786402400903316000,887187799
1786402401933482000,888188226
1786402402969492000,889247480
1786402403983476000,890267184
1786402404998584000,891277220
1786402406013574000,892287677
1786402407028361500,893307617
1786402408035718000,894307495
1786402409079409000,895327705
1786402410139175500,896418064
1786402411238664000,897517529
1786402412253677000,898527424
1786402413263449000,899546479
1786402414263834000,900557355
1786402415262725500,901538113
1786402416308786000,902558600
1786402417353326000,903627758
1786402418417530500,904687231
1786402419438113500,905718228
1786402420453296000,906737306
1786402421463609000,907747295
1786402422488156000,908767711
1786402423539103500,909849727
1786402424577608000,910858532
1786402425607439500,911877555
1786402426612513500,912897105
1786402427618112000,913897578
1786402428627986000,914907249
1786402429638807500,915917551
1786402430687648000,917002682
1786402431738738000,918017017
1786402432767886000,919057376
1786402433777784000,920067179
1786402434797454500,921077611
1786402435837418500,922117643
1786402436877248000,923161897
1786402437917596500,924227715
1786402438957312000,925247151
1786402439977602500,926257505
1786402441017600500,927297738
1786402442042586000,928327429
1786402443053147500,929338978
1786402444062597500,930347315
1786402445092614000,931377434
1786402446127932000,932408954
1786402447137367000,933417798
1786402448157570000,934437788
1786402449162407000,935437218
1786402450172460000,936447892
1786402451187589000,937467800
1786402452237331500,938527178
1786402453262177500,939547465
1786402454267116000,940557552
1786402455252179500,941527243
1786402456262611500,942547803
1786402457292551500,943567126
1786402458328429000,944608201
1786402459372185500,945677659
1786402460417242500,946690072
1786402461442703500,947727738
1786402462462440000,948737211
1786402463487359000,949756945
1786402464517227500,950794314
1786402465537211500,951817518
1786402466587880000,952896867
1786402467639046500,953906745
1786402468657663000,954937401
1786402469682437500,955967161
1786402470712368500,956998861
1786402471712317000,957997347
1786402472742517500,959027270
1786402473774982000,960056709
1786402474787796000,961067559
1786402475807492500,962082980
1786402476817184500,963097204
1786402477837163500,964117875
1786402478873008500,965147302
1786402479932793500,966207566
1786402480997423000,967290966
1786402482007904000,968288058
1786402483012379500,969296983
1786402484027580500,970297381
1786402485037385500,971317153
1786402486057235500,972337389
1786402487083960500,973368201
1786402488148885000,974408507
1786402489188249000,975467743
1786402490227221500,976507471
1786402491248954000,977529899
1786402492272616000,978556849
1786402493287365000,979567632
1786402494313936000,980598528
1786402495376178500,981646974
1786402496404667500,982687184
1786402497427508000,983707375
1786402498442940000,984727148
1786402499458218000,985737541
1786402500503357000,986790963
1786402501547924500,987827464
1786402502627828500,988897195
1786402503679473500,989956548
1786402504714873000,990997283
1786402505723509000,991996932
1786402506762730500,993037357
1786402507807424500,994086488
1786402508822364000,995117079
1786402509827581500,996096547
1786402510863765500,997137384
1786402511887543000,998166813
1786402512872356500,999157547
1786402513887134500,1000167363
1786402514912878500,1001197256
1786402515937022500,1002207101
1786402516972454000,1003256799
1786402517998455000,1004277086
1786402519018557000,1005297435
1786402520038571000,1006317143
1786402521022136500,1007307039
1786402522022235500,1008297222
1786402523082713000,1009367546
1786402524133600500,1010407465
1786402525168270000,1011447211
1786402526196912000,1012477179
1786402527196978500,1013477321
1786402528207283500,1014487352
1786402529241963500,1015517112
1786402530262169500,1016547110
1786402531277690500,1017557209
1786402532322517000,1018607633
1786402533347091500,1019627371
1786402534358474000,1020646822
1786402535352163500,1021627210
1786402536347035000,1022627564
1786402537367197000,1023647205
1786402538416935500,1024697248
1786402539417484500,1025697304
1786402540471918500,1026747097
1786402541476881500,1027756899
1786402542497462000,1028777259
1786402543526925000,1029806441
1786402544531886500,1030806910
1786402545578129500,1031856789
1786402546566995000,1032856749
1786402547562341500,1033850495
1786402548588715000,1034876879
1786402549593620500,1035877462
1786402550597122500,1036886980
1786402551597642500,1037887020
1786402552677186500,1038957150
1786402553712259500,1039997062
1786402554722523000,1041008064
1786402555742807500,1042027492
1786402556756919500,1043037065
1786402557761857000,1044037645
1786402558792203000,1045067446
1786402559872656500,1046157252
1786402560907434500,1047187438
1786402561927035000,1048216850
1786402562962120000,1049236497
1786402563977690000,1050257186
1786402564992000500,1051267382
1786402566001902500,1052280510
1786402567032126000,1053306973
1786402568036635500,1054317671
1786402569051769500,1055317174
1786402570087905500,1056366973
1786402571108525500,1057387508
1786402572132579500,1058420170
1786402573169231000,1059437058
1786402574247341000,1060527506
1786402575262490500,1061537249
1786402576307213000,1062586970
1786402577327255500,1063607495
1786402578331949000,1064617313
1786402579372421500,1065657060
1786402580392448500,1066676907
1786402581417230500,1067697032
1786402582431848500,1068716868
1786402583426926500,1069706994
1786402584462206000,1070747340
1786402585482165500,1071767357
1786402586502018500,1072786660
1786402587526961000,1073807034
1786402588541789500,1074817260
1786402589536843000,1075816872
1786402590547221000,1076837191
1786402591572668000,1077846872
1786402592638531500,1078921066
1786402593698243000,1079976913
1786402594752338500,1081027371
1786402595831897500,1082117145
1786402596861349500,1083136731
1786402597857454500,1084146724
1786402598856656000,1085147217
1786402599852061000,1086146532
1786402600877009500,1087166964
1786402601945631000,1088186978
1786402603042210500,1089349175
1786402604097814500,1090377367
1786402605127273000,1091407207
1786402606142318500,1092416784
1786402607163552500,1093447470
1786402608182371500,1094466504
1786402609249148500,1095507162
1786402610266886000,1096546930
1786402611282063500,1097557551
1786402612311662000,1098599302
1786402613327042500,1099609122
1786402614321939500,1100596973
1786402615316532000,1101606584
1786402616307987000,1102576842
1786402617331905500,1103607343
1786402618392345000,1104667244
1786402619432426000,1105707109
1786402620442421500,1106728775
1786402621431645000,1107706359
1786402622421541500,1108708083
1786402623451884000,1109717258
1786402624478837000,1110747237
1786402625497326000,1111776950
1786402626520590000,1112797166
1786402627542028000,1113817809
1786402628578461000,1114856859
1786402629602182500,1115886663
1786402630641856000,1116896900
1786402631686630500,1117966973
1786402632707230000,1118997052
1786402633744194500,1120017076
1786402634772109000,1121056610
1786402635801795500,1122087087
1786402636823438000,1123096879
1786402637870959500,1124116532
1786402638946999000,1125216694
1786402639962629500,1126252525
1786402640982141500,1127266733
1786402642002039500,1128286784
1786402643037241000,1129316134
1786402644072047500,1130347701
1786402645127316000,1131376466
1786402646171933000,1132456827
1786402647187384000,1133467158
1786402648206830500,1134476902
1786402649241940500,1135526815
1786402650287151500,1136567227
1786402651317009500,1137596944
1786402652341924500,1138606926
1786402653391745000,1139666671
1786402654421801500,1140706878
1786402655441634000,1141718097
1786402656462231000,1142746706
1786402657481721000,1143766481
1786402658489437500,1144777023
1786402659506862500,1145814512
1786402660546996500,1146826581
1786402661562078500,1147847049
1786402662576533500,1148856713
1786402663576737500,1149857001
1786402664571565000,1150851499
1786402665566703000,1151846717
1786402666616660500,1152866882
1786402667657284000,1153946418
1786402668656688500,1154936833
1786402669686509500,1155958986
1786402670726970500,1156987344
1786402671764901500,1158046796
1786402672791999500,1159085674
1786402673812365000,1160114615
1786402674826572500,1161119454
1786402675846891500,1162126558
1786402676944907000,1163206703
1786402678034263500,1164316586
1786402679059873000,1165336763
1786402680106945500,1166396437
1786402681148612000,1167433524
1786402682193892500,1168466908
1786402683217229500,1169506479
1786402684226856000,1170506761
1786402685236423500,1171526960
1786402686235521500,1172497422
1786402687282962500,1173556621
1786402688380039500,1174656809
1786402689432532500,1175710231
1786402690471814000,1176756478
1786402691487148000,1177766169
1786402692501414000,1178776541
1786402693507961000,1179786710
1786402694521691500,1180796787
1786402695591782500,1181880999
1786402696601210000,1182876350
1786402697616430000,1183896566
1786402698686303000,1184956666
1786402699726901000,1186006639
1786402700746830500,1187026471
1786402701746848500,1188026781
1786402702781885000,1189076360
1786402703772359500,1190056897
1786402704786871000,1191066660
1786402705804421500,1192077020
1786402706817150500,1193097003
1786402707832071500,1194116272
1786402708816960000,1195106756
1786402709866643500,1196149503
1786402710894790500,1197186623
1786402711912861000,1198189238
1786402712960951500,1199236942
1786402713986806000,1200276753
1786402715026643000,1201312631
1786402716064309500,1202346384
1786402717126456500,1203406467
1786402718151200500,1204426756
1786402719136396000,1205426077
1786402720175515000,1206460066
1786402721191687500,1207477749
1786402722190985500,1208466617
1786402723191790500,1209467133
1786402724241399500,1210516915
1786402725276953000,1211556456
1786402726307102500,1212586753
1786402727332665500,1213606718
1786402728367345500,1214646497
1786402729397169500,1215676691
1786402730417209500,1216696464
1786402731497041000,1217776927
1786402732537797000,1218816753
1786402733546342000,1219826419
1786402734576508000,1220856703
1786402735581357000,1221866604
1786402736601145000,1222876629
1786402737606738000,1223886734
1786402738642095500,1224916724
1786402739697244500,1225976689
1786402740726371500,1227006300
1786402741727058000,1228006542
1786402742757077000,1229036610
1786402743982422000,1230267349
1786402745041633500,1231296815
1786402746096772000,1232376944
1786402747106894500,1233385989
1786402748112300500,1234396292
1786402749131671000,1235416603
1786402750146910500,1236426669
1786402751166837000,1237447107
1786402752212011500,1238466833
1786402753251331000,1239536450
1786402754281222500,1240556289
1786402755296936500,1241576697
1786402756317181500,1242586181
1786402757351759000,1243636158
1786402758376872500,1244656707
1786402759446968500,1245706551
1786402760501503500,1246787305
1786402761506681500,1247786744
1786402762535249000,1248816294
1786402763541272000,1249827598
1786402764551715000,1250836568
1786402765561573500,1251846510
1786402766601678500,1252866303
1786402767646283500,1253926583
1786402768666573000,1254956522
1786402769681640500,1255956790
1786402770711624500,1256986284
1786402771731461500,1258019968
1786402772746396500,1259026624
1786402773827308500,1260079094
1786402774886575000,1261156180
1786402775916396000,1262199675
1786402776926142000,1263206277
1786402777926671500,1264216117
1786402778951352000,1265226728
1786402779976756000,1266256554
1786402781027034000,1267276501
1786402782081448000,1268366326
1786402783101952500,1269386325
1786402784257572500,1270536204
1786402785286684000,1271556522
1786402786302546000,1272586529
1786402787331747000,1273607493
1786402788399991000,1274687041
1786402789421281000,1275706518
1786402790447606000,1276736292
1786402791476866000,1277756858
1786402792496736000,1278766561
1786402793526953000,1279806972
1786402794551281000,1280836687
1786402795627662500,1281936514
1786402796655971000,1282936501
1786402797666215000,1283956039
1786402798716289000,1284997185
1786402799731493000,1286016676
1786402800757014500,1287036609
1786402801781568500,1288058683
1786402802853729000,1289136539
1786402803870945000,1290146375
1786402804896459000,1291166470
1786402805953042000,1292187517
1786402807012841000,1293296189
1786402808022466000,1294306682
1786402809062436500,1295337653
1786402810136153000,1296406227
1786402811181793500,1297466369
1786402812227609000,1298505438
1786402813256749500,1299536624
1786402814353264500,1300643564
1786402815447510500,1301726434
1786402816496002000,1302747087
1786402817547209500,1303826568
1786402818566556500,1304846169
1786402819591443500,1305866356
1786402820626466500,1306906221
1786402821661316000,1307935965
1786402822676559500,1308956071
1786402823696756500,1309955609
1786402824753418500,1311026820
1786402825794780500,1312068121
1786402827468296000,1313588530
1786402829632055000,1315736038
1786402830852809000,1317116157
1786402831906601500,1318186064
1786402832941682000,1319217220
1786402833986184500,1320266546
1786402835002150000,1321286278
1786402836011542500,1322296382
1786402837026800500,1323305985
1786402838098943500,1324340420
1786402839166599500,1325446369
1786402840191630000,1326476694
1786402841197042500,1327476507
1786402842211270500,1328486463
1786402843221552500,1329505278
1786402844256379000,1330536265
1786402845301733000,1331558567
1786402846340936500,1332615753
1786402847361729500,1333642271
1786402848391237500,1334666249
1786402849431177500,1335715766
1786402850476450000,1336756438
1786402851507271000,1337786159
1786402852558666500,1338871066
1786402853621432000,1339906070
1786402854646416500,1340926168
1786402855671966500,1341946286
1786402856696198500,1342986230
1786402857726365500,1344006003
1786402858766961500,1345046339
1786402859806659000,1346096730
1786402860858014000,1347136887
1786402861896649000,1348176268
1786402862926461000,1349206863
1786402863966651500,1350246334
1786402864991916500,1351276004
1786402866001213500,1352296063
1786402867056135500,1353336068
1786402868116026000,1354406256
1786402869156102000,1355426535
1786402870453155500,1356686148
1786402871916556500,1358162696
1786402873316563500,1359570867
1786402874743753500,1360965550
1786402876126726500,1362354280
1786402877553252000,1363746469
1786402879076051000,1365300649
1786402880541400000,1366794194
1786402881967935000,1368193937
1786402883411045500,1369657962
1786402884810994000,1371057716
1786402886016390500,1372296034
1786402887015595000,1373296305
1786402888011406500,1374266028
1786402889036286000,1375315979
1786402890060468500,1376346223
1786402891045714000,1377325506
1786402892041021000,1378325784
1786402893060925000,1379346196
1786402894096266000,1380367254
1786402895140647500,1381386350
1786402896181026500,1382466247
1786402897195932000,1383476390
1786402898224168000,1384496294
1786402899292015000,1385566254
1786402900326464500,1386596149
1786402901362882000,1387645973
1786402902386307000,1388646645
1786402903415960000,1389686143
1786402904396413000,1390676202
1786402905421255000,1391705927
1786402906441026500,1392726445
1786402907451449500,1393736369
1786402908471109000,1394756606
1786402909526514000,1395776433
1786402910580756500,1396865498
1786402911600985000,1397895858
1786402912601101000,1398875829
1786402913640877000,1399915958
1786402914665920000,1400946376
1786402915691507500,1401966678
1786402916723757500,1402976208
1786402917765861000,1404046346
1786402918786154500,1405066387
1786402919801246500,1406077921
1786402920836147000,1407126141
1786402921815498500,1408096009
1786402922805659500,1409085416
1786402924085804500,1410086274
1786402925375877500,1411656336
1786402926382418500,1412656072
1786402927421457000,1413705817
1786402928437138000,1414725729
1786402929481538000,1415756493
1786402930511082000,1416795790
1786402931551264000,1417836102
1786402932570725500,1418856195
1786402933591012500,1419866140
1786402934621101500,1420906540
1786402935641598500,1421926560
1786402936661138500,1422935870
1786402937671609000,1423955894
1786402938705842000,1424986126
1786402939736386500,1426017425
1786402940755837000,1427036026
1786402941756028000,1428045658
1786402942755904500,1429045982
1786402943790848500,1430076283
1786402944810950000,1431095741
1786402945856010500,1432136315
1786402946865553000,1433146251
1786402947880797000,1434166154
1786402948886247000,1435166117
1786402949911311500,1436186001
1786402950946301000,1437225809
1786402952004091500,1438275958
1786402953075757000,1439356091
1786402954121963000,1440411507
1786402955167783500,1441446052
1786402956186131500,1442476281
1786402957185220000,1443456296
1786402958216144500,1444495902
1786402959236893000,1445515639
1786402960288688000,1446575423
1786402961315487500,1447595782
1786402962332022500,1448615920
1786402963345928000,1449626081
1786402964345753500,1450625983
1786402965356525000,1451636632
1786402966380714000,1452665754
1786402967450934000,1453735759
1786402968481784500,1454756061
1786402969516342000,1455795962
1786402970548841500,1456824823
1786402971561350500,1457845300
1786402972596305000,1458875830
1786402973626416000,1459905596
1786402974657633000,1460935929
1786402975674548500,1461956059
1786402976716271500,1463005798
1786402977721348000,1463995931
1786402978731199500,1465016287
1786402979752838500,1466035508
1786402980786402000,1467066091
1786402981826064000,1468106786
1786402982845727000,1469125787
1786402983860798500,1470135971
1786402984882655000,1471165640
1786402985896438000,1472176367
1786402986915966000,1473196522
1786402987936717000,1474216067
1786402988975892000,1475255933
1786402990020141500,1476295513
1786402991040431500,1477315637
1786402992041008500,1478325829
1786402993056479000,1479335286
1786402994081325500,1480355436
1786402995101320500,1481376446
1786402996120772500,1482406117
1786402997146776000,1483425721
1786402998166437500,1484446101
1786402999196381500,1485475813
1786403000226014000,1486516069
1786403001250754000,1487516520
1786403002256023000,1488535309
1786403003260869000,1489536053
1786403004285817500,1490565983
1786403005320689000,1491596257
1786403006345538000,1492615393
1786403007351217000,1493625695
1786403008405987500,1494685718
1786403009430848500,1495715429
1786403010435957500,1496725588
1786403011441097000,1497725650
1786403012456097500,1498735921
1786403013496258000,1499765929
1786403014535422000,1500815867
1786403015535486000,1501815755
1786403016540696000,1502825243
1786403017540567000,1503815296
1786403018550818500,1504825880
1786403019571318500,1505855744
1786403020585886000,1506866026
1786403021607149000,1507885836
1786403022635904500,1508925322
1786403023665965500,1509947739
1786403024685867500,1510975520
1786403025680472500,1511955704
1786403026699776000,1512976281
1786403027738076500,1514015752
1786403028786222000,1515065721
1786403029841549500,1516107366
1786403030880808000,1517165335
1786403031956238500,1518236021
1786403032976628000,1519255558
1786403034005928000,1520285890
1786403035030375500,1521315747
1786403036050887000,1522335828
1786403037071059500,1523345790
1786403038121096000,1524375615
1786403039176098000,1525455227
1786403040200604000,1526475774
1786403041225668000,1527495076
1786403042257139000,1528537177
1786403043311392500,1529595765
1786403044346358500,1530625796
1786403045391510000,1531656317
1786403046411996000,1532695382
1786403047431028500,1533715828
1786403048435773000,1534716138
1786403049460893500,1535745981
1786403050495734500,1536775856
1786403051530938000,1537805817
1786403052601063500,1538859043
1786403053666188500,1539955763
1786403054698553000,1540975104
1786403055700618500,1541975299
1786403056740643000,1543025314
1786403057763406000,1544035314
1786403058795531000,1545075701
1786403059835812000,1546085833
1786403060905667000,1547185980
1786403061935603500,1548215971
1786403062955414500,1549235663
1786403063950524500,1550226248
1786403064955450500,1551225990
1786403065965832500,1552245549
1786403067035550000,1553285489
1786403068100662000,1554385378
1786403069125735500,1555405763
1786403070146110500,1556435693
1786403071176466500,1557456289
1786403072205564500,1558485595
1786403073225839500,1559515346
1786403074240655500,1560530724
1786403075275717000,1561555725
1786403076291007000,1562575156
1786403077321377000,1563595760
1786403078355759000,1564635325
1786403079360713000,1565645593
1786403080380529500,1566665389
1786403081437350500,1567745370
1786403082485448500,1568775360
1786403083505632000,1569784986
1786403084525758500,1570805378
1786403085537189500,1571816046
1786403086560397500,1572845371
1786403087595255000,1573885455
1786403088621859500,1574896119
1786403089665692000,1575945510
1786403090674999500,1576966488
1786403091670412000,1577955947
1786403092670185500,1578955264
1786403093660363000,1579935720
1786403094675314000,1580955288
1786403095695826500,1581977863
1786403096730210000,1583005781
1786403097756403500,1584045226
1786403098800705500,1585085588
1786403099822553000,1586106189
1786403100825640000,1587105684
1786403101840865500,1588115736
1786403103150182500,1589695375
1786403104460721000,1590745179
1786403105474881000,1591765609
1786403106485989500,1592765676
1786403107510210000,1593794922
1786403108535635000,1594816110
1786403109550436000,1595826110
1786403110630492000,1596906185
1786403111656179500,1597937155
1786403112770246000,1599055517
1786403113779967500,1600055467
1786403114795423500,1601075829
1786403115769978000,1602046063
1786403116790764500,1603035624
1786403117850494000,1604126058
1786403118876073000,1605155405
1786403119896368500,1606175456
1786403120917292000,1607195357
1786403121946308000,1608226013
1786403122967952500,1609245963
1786403124005432000,1610255817
1786403125035572500,1611315422
1786403126025400500,1612305443
1786403127040978500,1613325814
1786403128057636500,1614335341
1786403129087906000,1615365699
1786403130105549500,1616395459
1786403131180518500,1617445182
1786403132250286000,1618525567
1786403133285834000,1619555445
1786403134325728000,1620606265
1786403135365312500,1621650745
1786403136385770000,1622666008
1786403137405776000,1623685307
1786403138430064500,1624695901
1786403139455423000,1625735796
1786403140470710000,1626755168
1786403141485722500,1627765447
1786403142506731500,1628786570
1786403143550396500,1629835447
1786403144605576500,1630885178
1786403145675909000,1631935749
1786403146740259500,1633015876
1786403147760725500,1634035361
1786403148775686500,1635055402
1786403149805319500,1636095566
1786403150845217500,1637125506
1786403151886057500,1638165492
1786403152945543000,1639255274
1786403154015520500,1640295139
1786403155035478500,1641315083
1786403156060647000,1642345742
1786403157085490000,1643365555
1786403158105165000,1644385692
1786403159125762000,1645405413
1786403160216353500,1646486680
1786403161245516500,1647525849
1786403162260641000,1648535317
1786403163280426000,1649555530
1786403164306588500,1650587607
1786403165345826500,1651626045
1786403166361413000,1652634878
1786403167435264000,1653715290
1786403168471303000,1654755236
1786403169491710000,1655775512
1786403170505440500,1656785575
1786403171515847000,1657795603
1786403172545355500,1658825342
1786403173565275500,1659845257
1786403174624485500,1660895662
1786403175650887000,1661935482
1786403176655520000,1662935354
1786403177701747000,1663965512
1786403178715493500,1664995436
1786403179736398500,1666015181
1786403180755140000,1667034759
1786403181816920000,1668105615
1786403182839926000,1669115200
1786403183835394000,1670115198
1786403184865757000,1671145714
1786403185885496000,1672165397
1786403186920554500,1673197624
1786403187949959000,1674235252
1786403189015677500,1675294609
1786403190040208500,1676315420
1786403191065658000,1677345396
1786403192105692000,1678385431
1786403193115314000,1679394796
1786403194135060500,1680415523
1786403195150030500,1681435532
1786403196195843000,1682475020
1786403197220293000,1683495170
1786403198235262000,1684515612
1786403199255360500,1685535315
1786403200275415000,1686555803
1786403201300339000,1687585083
1786403202335255000,1688615521
1786403203435379000,1689715180
1786403204505171500,1690745564
1786403205560058000,1691837227
1786403206585283500,1692865527
1786403207615637000,1693894728
1786403208639593500,1694905340
1786403209675840000,1695955511
1786403210725472000,1697005398
1786403211745049000,1698025316
1786403212791263500,1699065267
1786403213856286000,1700135142
1786403214890105000,1701165143
1786403215906926500,1702185249
1786403216960534000,1703214758
1786403218006214000,1704284976
1786403219183001500,1705305647
1786403220792982000,1706726829
1786403223014284500,1709386384
1786403224828272000,1711213553
1786403226327711500,1712536571
1786403227676157000,1713916367
1786403229096592500,1715408182
1786403230482593500,1716726118
1786403231869989000,1718106224
1786403233231806000,1719601649
1786403234943067500,1721173347
1786403236709100500,1722876711
1786403238319302500,1724448852
1786403239937282500,1726137050
1786403241706620500,1727991657
1786403243358055500,1729560562
1786403245047495500,1731215683
1786403246492656500,1732796735
1786403247724050000,1733966790
1786403249103989000,1735386332
1786403250724165000,1736957710
1786403252277553000,1738556471
1786403253975173000,1740231597
1786403255054627000,1741325145
1786403256114804500,1742395063
1786403257130353500,1743414907
1786403258150436000,1744424901
1786403259170362500,1745455274
1786403260214789000,1746511602
1786403261250394500,1747514835
1786403262295384500,1748574633
1786403263325339500,1749605419
1786403264365222000,1750648096
1786403265390327500,1751668134
1786403266406487000,1752685263
1786403267479096000,1753755321
1786403268480247500,1754764680
1786403269510012000,1755785230
1786403270509733500,1756795112
1786403271548010000,1757825114
1786403272575185500,1758855262
1786403273619416500,1759895439
1786403274685574000,1760965004
1786403275704927000,1761984137
1786403276735814500,1763015912
1786403277755233500,1764035214
1786403278760003000,1765045114
1786403279769745500,1766054688
1786403280774986500,1767065087
1786403282340747500,1768626040
1786403283350781500,1769635368
1786403284364965500,1770645193
1786403285406607500,1771685128
1786403286450617000,1772724750
1786403287489916000,1773773715
1786403288535509000,1774795182
1786403289586032500,1775865217
1786403290615473000,1776895227
1786403291660298000,1777934608
1786403292726779000,1779018596
1786403293769539000,1780057083
1786403294800103500,1781089685
1786403295855287000,1782104782
1786403296920256500,1783195895
1786403297954886500,1784235484
1786403298989753000,1785264936
1786403300024978500,1786305324
1786403301044375500,1787324989
1786403302064854500,1788344890
1786403303109747000,1789414910
1786403304239671500,1790515130
1786403305270324500,1791544750
1786403306285324000,1792564938
1786403307311176500,1793595023
1786403308325677000,1794604785
1786403309355732500,1795635103
1786403310354435000,1796634884
1786403311365389000,1797654874
1786403312370766000,1798654881
1786403313401330500,1799686757
1786403314419920500,1800694604
1786403315455508000,1801735145
1786403316476887000,1802754813
1786403317509408500,1803785111
1786403318549848500,1804824796
1786403319574848500,1805854641
1786403320604587500,1806894809
1786403321634793000,1807916122
1786403322650120500,1808934883
1786403323664922500,1809944970
1786403324744755500,1811015089
1786403325774887000,1812054626
1786403326794740000,1813074997
1786403327825572500,1814104813
1786403328840243000,1815125332
1786403329849624000,1816134735
1786403330854391500,1817134857
1786403331874390000,1818154687
1786403332875194500,1819164754
1786403333889914500,1820164891
1786403334915260000,1821195893
1786403335924830000,1822215043
1786403336929839500,1823204465
1786403337940322000,1824214394
1786403339014936000,1825294666
1786403340039829500,1826315343
1786403341100811000,1827354929
1786403342154893000,1828435410
1786403343189504000,1829464855
1786403344215334000,1830494850
1786403345225624500,1831505037
1786403346274931000,1832554503
1786403347289677000,1833575435
1786403348299884000,1834574628
1786403349332920500,1835605354
1786403350339681000,1836624818
1786403351334359000,1837604738
1786403352334147000,1838624724
1786403353389851500,1839664757
1786403354415322000,1840695204
1786403355444588000,1841724769
1786403356460307500,1842744880
1786403357459986000,1843754763
1786403358459635000,1844734344
1786403359480312000,1845764544
1786403360550130500,1846824981
1786403361569502500,1847845193
1786403362600132500,1848874675
1786403363634629000,1849905048
1786403364690938000,1850964671
1786403365714444500,1851995122
1786403366764983000,1853034962
1786403367854752500,1854134907
1786403368875649500,1855174467
1786403369884342500,1856174778
1786403370911296500,1857203517
1786403371915093000,1858194940
1786403372919802500,1859204904
1786403373996125500,1860274686
1786403375009509000,1861274815
1786403376029797000,1862304538
1786403377055346500,1863335293
1786403378175023500,1864454604
1786403379200290500,1865485774
1786403380236261500,1866514677
1786403381244580500,1867524983
1786403382329643500,1868604759
1786403383329869500,1869605652
1786403384339878500,1870624761
1786403385364528000,1871644698
1786403386384763000,1872664683
1786403387425296500,1873707075
1786403388482985500,1874735277
1786403389544690500,1875824794
1786403390565245000,1876854348
1786403391594460000,1877874478
1786403392624919000,1878904851
1786403393655549000,1879935309
1786403394694607000,1880994841
1786403395745894000,1882004641
1786403396799546000,1883084728
1786403397824425500,1884117665
1786403398814576000,1885104902
1786403399829987500,1886114258
1786403400849812000,1887125229
1786403401869619000,1888154570
1786403402899636500,1889164683
1786403403939263500,1890214904
1786403404954405000,1891234512
1786403405984608500,1892264285
1786403406989376500,1893274617
1786403407989262500,1894264592
1786403409019878500,1895294843
1786403410070116500,1896324953
1786403411104406000,1897384818
1786403412124702000,1898415017
1786403413165190500,1899434768
1786403414214706000,1900494870
1786403415255562000,1901534835
1786403416274900000,1902564534
1786403417324392000,1903574569
1786403418389901500,1904674812
1786403419421607000,1905704830
1786403420444841000,1906724579
1786403421464867500,1907744291
1786403422474290000,1908745122
1786403423499962500,1909784281
1786403424576395500,1910886155
1786403425639843500,1911924978
1786403426684651500,1912965234
1786403427716485500,1913994520
1786403428744518000,1915024667
1786403429764875000,1916044442
1786403430844188000,1917124938
1786403431915406000,1918194513
1786403432944655500,1919224569
1786403433974456500,1920244617
1786403435004739000,1921284747
1786403436054627500,1922342511
1786403437096270000,1923375098
1786403438114573500,1924394797
1786403439189289000,1925464796
1786403440214228500,1926511745
1786403441234285000,1927494653
1786403442284395000,1928574374
1786403443349643000,1929614401
1786403444394612000,1930675057
1786403445423210500,1931704243
1786403446494779000,1932774396
1786403447520417000,1933804681
1786403448544438000,1934824430
1786403449579740000,1935854877
1786403450616833500,1936894627
1786403451634047500,1937924429
1786403452654591000,1938934754
1786403453684437500,1939964807
1786403454714873500,1940994528
1786403455754285000,1942035121
1786403456799227500,1943074309
1786403457814699000,1944094214
1786403458860110500,1945135066
1786403459894692500,1946174966
1786403460984436500,1947265021
1786403462009536000,1948284602
1786403463044502500,1949334911
1786403464074730500,1950355227
1786403465114670000,1951395190
1786403466118678000,1952394333
1786403467151778500,1953397980
1786403468214493500,1954494576
1786403469245019000,1955524777
1786403470265050000,1956544635
1786403471289937000,1957564870
1786403472324417500,1958604577
1786403473354828000,1959635186
1786403474404521000,1960654443
1786403475456154500,1961734699
1786403476489638000,1962774711
1786403477523656000,1963804506
1786403478549186000,1964834586
1786403479589486000,1965874717
1786403480625316500,1966905500
1786403481639210000,1967914343
1786403482674455500,1968954772
1786403483704397500,1969985059
1786403484724352000,1971005969
1786403485744307500,1972024529
1786403486760203000,1973044215
1786403487774759500,1974054315
1786403488825961500,1975084541
1786403489884435500,1976164426
1786403490921989000,1977195153
1786403491944315500,1978224212
1786403492959347000,1979244119
1786403493964490000,1980244690
1786403494984560000,1981268592
1786403496043722000,1982294327
1786403497078900000,1983354169
1786403498095124000,1984374597
1786403499104259000,1985384630
1786403500159457500,1986394536
1786403501229452500,1987504521
1786403502259032500,1988544659
1786403503309280500,1989614919
1786403504339625000,1990634326
1786403505319577500,1991604466
1786403506354560500,1992634675
1786403507379409000,1993664418
1786403508396140000,1994674355
1786403509404616500,1995684806
1786403510464377500,1996764425
1786403511499485500,1997784078
1786403512514403000,1998794278
1786403513534201500,1999814338
1786403514554344000,2000834417
1786403515579981500,2001864723
1786403516624478500,2002894265
1786403517717207500,2003994732
1786403518749666000,2005024078
1786403519773986000,2006054213
1786403520791270500,2007064057
1786403521804069000,2008086510
1786403522814205000,2009094675
1786403523844084500,2010124405
1786403524924165000,2011205199
1786403525939575500,2012224576
1786403526964105000,2013250167
1786403527994440500,2014276492
1786403529024428500,2015304563
1786403530059690000,2016334383
1786403531083499500,2017364092
1786403532108176500,2018394120
1786403533108705500,2019384297
1786403534129192000,2020404460
1786403535143949000,2021433837
1786403536159699000,2022444673
1786403537174700000,2023455496
1786403538224065500,2024494241
1786403539329104000,2025605271
1786403540364227500,2026644335
1786403541394069000,2027681430
1786403542444097000,2028724540
1786403543464210000,2029744170
1786403544490031500,2030763784
1786403545509172500,2031774522
1786403546554856500,2032834328
1786403547579022500,2033854263
1786403548624672500,2034914538
1786403549648839500,2035934113
1786403550654256500,2036933826
1786403551684064500,2037974257
1786403552724343000,2039004892
1786403553704254500,2039984703
1786403554728497000,2041009602
1786403555723830000,2042014074
1786403556744192500,2043024283
1786403557735270000,2044014290
1786403558736437000,2045014497
1786403559739017000,2046024018
1786403560779029500,2047064353
1786403561794191000,2048074577
1786403562818312500,2049104429
1786403563810684500,2050094560
1786403564826391500,2051104503
1786403565838366000,2052124161
1786403566829351500,2053114143
1786403567927667000,2054204118
1786403568929331500,2055214208
1786403569949183000,2056234259
1786403570968840000,2057244007
1786403571988754000,2058274297
1786403573006155500,2059284319
1786403574004383000,2060294398
1786403575083551500,2061364355
1786403576114055500,2062394175
1786403577134084500,2063414485
1786403578154142500,2064434627
1786403579194015000,2065474596
1786403580209104000,2066494460
1786403581213859500,2067494966
1786403582273544500,2068565515
1786403583278536500,2069574379
1786403584294518500,2070574585
1786403585298765500,2071574024
1786403586313394000,2072594108
1786403587313435500,2073594165
1786403588359159500,2074643438
1786403589433536000,2075713777
1786403590438820000,2076724317
1786403591453508500,2077733771
1786403592463913000,2078743917
1786403593494140000,2079783916
1786403594498703500,2080784918
1786403595549147500,2081834194
1786403596603875000,2082884060
1786403597646544000,2083928906
1786403598663901500,2084947597
1786403599673429500,2085944512
1786403600678776000,2086954328
1786403601713493500,2087996664
1786403602739032000,2089024443
1786403603808794000,2090084306
1786403604833518500,2091114008
1786403605808737500,2092093917
1786403606833784000,2093124415
1786403607833632500,2094113839
1786403608848894000,2095124168
1786403609883970000,2096173056
1786403610929498500,2097213815
1786403611938681500,2098224015
1786403612984199500,2099264255
1786403614024647000,2100304142
1786403615029715000,2101314418
1786403616083743000,2102373684
1786403617113413500,2103393981
1786403618133975000,2104414275
1786403619183927500,2105474326
1786403620178466000,2106463230
1786403621174178500,2107454469
1786403622188409000,2108464228
1786403623213748000,2109494359
1786403624233671000,2110514351
1786403625248884000,2111533934
1786403626243666000,2112524349
1786403627250047000,2113534482
1786403628238700500,2114524346
1786403629223517000,2115494256
1786403630243723000,2116524147
1786403631253798500,2117543628
1786403632334870000,2118614326
1786403633354045000,2119634797
1786403634383938000,2120664253
1786403635398885500,2121674059
1786403636418652000,2122704046
1786403637438514500,2123724383
1786403638453717000,2124733780
1786403639513575500,2125794421
1786403640534321500,2126813991
1786403641548660500,2127833982
1786403642553612000,2128843926
1786403643548587500,2129834005
1786403644558825000,2130844163
1786403645589181500,2131863853
1786403646663627500,2132948750
1786403647694524000,2133974324
1786403648722148500,2135004020
1786403649713856500,2136004353
1786403650723628000,2137004082
1786403651733776000,2138023794
1786403652754450500,2139043975
1786403653798977000,2140087902
1786403654803345500,2141083782
1786403655803864000,2142093911
1786403656823913500,2143104279
1786403657838346500,2144114138
1786403658863582000,2145154070
1786403659873406000,2146155093
1786403660928206000,2147213916
1786403661953989000,2148243656
1786403662968820000,2149253842
1786403663993639500,2150274281
1786403664998274000,2151274147
1786403665988755500,2152263767
1786403667003979500,2153283781
1786403668093491000,2154383989
1786403669098577000,2155384141
1786403670114348000,2156403949
1786403671113598500,2157394385
1786403672143465500,2158423874
1786403673173589000,2159454069
1786403674183247000,2160463933
1786403675253363500,2161523469
1786403676263320000,2162543975
1786403677278497000,2163554008
1786403678303721500,2164594048
1786403679329160000,2165613809
1786403680363366000,2166653392
1786403681373541000,2167644458
1786403682469486000,2168753613
1786403683503400000,2169774102
1786403684628485500,2170903727
1786403685638725500,2171923804
1786403686633467500,2172923590
1786403687668995000,2173959561
1786403688704226500,2174983985
1786403689768399500,2176053777
1786403690783713500,2177063350
1786403691819084500,2178103771
1786403692828253500,2179113558
1786403693843814500,2180124066
1786403694893370000,2181173756
1786403695945666500,2182193213
1786403696919135000,2183193844
1786403697933511000,2184223853
1786403698933520000,2185213859
1786403699931292500,2186204000
1786403700953717000,2187233440
1786403701958519500,2188234163
1786403702953559500,2189233612
1786403703975552500,2190253748
1786403704994615000,2191275345
1786403706033739500,2192316703
1786403707068661000,2193353864
1786403708103322000,2194383731
1786403709160108500,2195449967
1786403710223677500,2196501098
1786403711268155500,2197543728
1786403712335002500,2198609149
1786403713383536500,2199664054
1786403714466591000,2200743273
1786403715478414000,2201764248
1786403716493592000,2202773977
1786403717538790500,2203817227
1786403718568469000,2204843896
1786403719583939000,2205873741
1786403720618700500,2206903985
1786403721654632500,2207924022
1786403722708558000,2208984635
1786403723724335500,2210003738
1786403724769442000,2211024007
1786403725823548500,2212104460
1786403726834461500,2213113952
1786403727881847000,2214163038
1786403728903941000,2215183867
1786403729914053000,2216193517
1786403730973089000,2217256574
1786403732039324500,2218345970
1786403733083309000,2219354116
1786403734114892500,2220394404
1786403735153929500,2221433884
1786403736173701000,2222453876
1786403737204350000,2223484210
1786403738244843500,2224524894
1786403739284769000,2225575465
1786403740330435500,2226604781
1786403741372199500,2227644454
1786403742399276500,2228673908
1786403743433565500,2229713437
1786403744468906000,2230744003
1786403745499506000,2231784008
1786403746648975500,2232933990
1786403747670112000,2233953424
1786403748670297000,2234953632
1786403749684210500,2235964272
1786403750688296500,2236973984
1786403751714941500,2237994129
1786403752748238000,2239033589
1786403753823664500,2240094044
1786403754793877500,2241073462
1786403755809198000,2242094397
1786403756858984000,2243133789
1786403757888378000,2244173338
1786403758913199500,2245194071
1786403759938201500,2246213194
1786403761028902500,2247303696
1786403762058657000,2248333410
1786403763073226500,2249343940
1786403764108710000,2250393663
1786403765128344500,2251423608
1786403766148204500,2252424378
1786403767198410500,2253473978
1786403768224414000,2254503709
1786403769228339000,2255503747
1786403770243522500,2256523569
1786403771273393500,2257553769
1786403772328894500,2258604403
1786403773373402000,2259672610
1786403774403608500,2260684609
1786403775454050000,2261733340
1786403776483800000,2262763393
1786403777513564000,2263793421
1786403778555202000,2264833492
1786403779563832000,2265843484
1786403780563405500,2266844137
1786403781588643500,2267874302
1786403782633669000,2268913475
1786403783670647500,2269943631
1786403784709659000,2270993480
1786403785768572000,2272062865
1786403786796263500,2273073010
1786403787826619500,2274103937
1786403788843350000,2275133494
1786403789923375000,2276203349
1786403790933519500,2277223851
1786403791937489500,2278223537
1786403792948653500,2279233726
1786403793958042000,2280243623
1786403794963354500,2281243359
1786403795969942500,2282253945
1786403796954438000,2283233694
1786403797973212500,2284253706
1786403798978448000,2285263727
1786403800018188500,2286303414
1786403801043110000,2287323668
1786403802054284500,2288333289
1786403803082773000,2289364241
1786403804083319500,2290363774
1786403805113691500,2291418451
1786403806163418000,2292443809
1786403807168493000,2293452949
1786403808183087000,2294463378
1786403809203520000,2295483111
1786403810223168000,2296513498
1786403811243335500,2297513506
1786403812271358500,2298544050
1786403813292737500,2299573978
1786403814317869000,2300593577
1786403815348368000,2301634396
1786403816388241500,2302664186
1786403817433569500,2303713471
1786403818523984500,2304803798
1786403819563331000,2305843540
1786403820603550500,2306874210
1786403821642805000,2307933092
1786403822648122000,2308933280
1786403823648189000,2309934060
1786403824702872000,2310964739
1786403825753125500,2312023670
1786403826774488500,2313053307
1786403827803457000,2314083844
1786403828832755500,2315113648
1786403829848237500,2316133802
1786403830873388000,2317153787
1786403831919367500,2318173498
1786403832968488000,2319233638
1786403834013234000,2320284014
1786403835033095000,2321303565
1786403836053166500,2322333940
1786403837068323500,2323343648
1786403838082930000,2324363327
1786403839115370000,2325363037
1786403840128364000,2326413976
1786403841153357500,2327433428
1786403842163663500,2328443594
1786403843188658000,2329463557
1786403844223119500,2330503314
1786403845243458000,2331523801
1786403846298272500,2332543788
1786403847358241000,2333633238
1786403848397826500,2334673550
1786403849414034000,2335693695
1786403850444446500,2336724024
1786403851478644500,2337763318
1786403852508495500,2338786479
1786403853631700000,2339924195
1786403854683714500,2340963615
1786403855702899000,2341983849
1786403856733271500,2343013438
1786403857763467500,2344043404
1786403858803400000,2345083485
1786403859833757000,2346113574
1786403860863751000,2347153538
1786403861882965500,2348173191
1786403862868686000,2349143513
1786403863905167000,2350183760
1786403864934280500,2351213503
1786403865968397500,2352253256
1786403866987945500,2353263576
1786403868007957500,2354303431
1786403869058209500,2355333391
1786403870092858000,2356383509
1786403871132962500,2357413186
1786403872142943500,2358413259
1786403873177780500,2359453374
1786403874187812000,2360473134
1786403875329355000,2361593204
1786403876398315000,2362683047
1786403877427963000,2363713936
1786403878427812000,2364712875
1786403879428017000,2365713351
1786403880447931000,2366723488
1786403881568148000,2367853304
1786403882637979000,2368923208
1786403883782143500,2369943511
1786403884942741000,2371223201
1786403885947510000,2372232989
1786403886968355500,2373243416
1786403887992646500,2374283702
1786403889022259000,2375286304
1786403890127990000,2376403675
1786403891166184000,2377443592
1786403892178599000,2378454133
1786403893203596000,2379495043
1786403894208200000,2380492856
1786403895203270500,2381483519
1786403896219024000,2382473214
1786403897243238000,2383523177
1786403898242399500,2384523016
1786403899263161500,2385543405
1786403900298992000,2386573360
1786403901334252000,2387613378
1786403902353355500,2388634455
1786403903402571000,2389667528
1786403904438186500,2390725947
1786403905502745000,2391782772
1786403906533035000,2392813282
1786403907572633000,2393863410
1786403908589505500,2394863152
1786403909603284500,2395886838
1786403910638063000,2396902954
1786403911688036500,2397963609
1786403912707795500,2398993489
1786403913743240500,2400023426
1786403914775364000,2401053158
1786403915808015500,2402092958
1786403916837883000,2403113209
1786403917877840500,2404143598
1786403918932423500,2405213255
1786403919973777000,2406253852
1786403921020038000,2407294057
1786403922074186000,2408353328
1786403923104722000,2409384138
1786403924132876500,2410413809
1786403925187985000,2411503258
1786403926232703500,2412523197
1786403927233318000,2413513414
1786403928238194000,2414522867
1786403929253319000,2415533449
1786403930262932000,2416543815
1786403931298000000,2417583228
1786403932347765000,2418653234
1786403933398026000,2419683043
1786403934423761500,2420693554
1786403935463100000,2421742825
1786403936492960000,2422773432
1786403937507819000,2423793375
1786403938547799000,2424832924
1786403939643294500,2425932771
1786403940672854000,2426943144
1786403941702591000,2427983064
1786403942732618000,2429013124
1786403943758845500,2430033047
1786403944777937500,2431063430
1786403945822822500,2432093295
1786403946892927500,2433162805
1786403947892930500,2434173844
1786403948917655000,2435192756
1786403949918226000,2436204306
1786403950948209000,2437223980
1786403951983852000,2438263917
1786403953008253000,2439292844
1786403954074410000,2440354350
1786403955103832500,2441383717
1786403956142718500,2442423301
1786403957173708000,2443453107
1786403958203651000,2444484625
1786403959233150000,2445512938
1786403960265430000,2446543251
1786403961317842500,2447603060
1786403962334118500,2448623249
1786403963347076500,2449624746
1786403964362788500,2450643616
1786403965379807000,2451663611
1786403966397748000,2452665594
1786403967422300000,2453703027
1786403968512846000,2454792819
1786403969639174000,2455914134
1786403970669264500,2456944597
1786403971697447500,2457973307
1786403972708029500,2458989700
1786403973718605000,2459992667
1786403974722607500,2461002425
1786403975729608000,2462012817
1786403976752915000,2463023021
1786403977792909500,2464073199
1786403978832794000,2465113341
1786403979842820000,2466122662
1786403980838690500,2467113970
1786403981865373000,2468143788
1786403982893879000,2469174132
1786403983927275000,2470212953
1786403984933717000,2471213054
1786403985932400500,2472203194
1786403986962578000,2473243004
1786403987977647000,2474253040
1786403988982615000,2475263101
1786403990057908000,2476332823
1786403991062557500,2477352677
1786403992087337000,2478373055
1786403993089251500,2479372703
1786403994082349500,2480362822
1786403995062297500,2481342739
1786403996052121500,2482332705
1786403997107771500,2483383074
1786403998122846500,2484412539
1786403999122635000,2485403102
1786404000107188500,2486392826
1786404001127966000,2487402894
1786404002148045500,2488423248
1786404003178740500,2489453959
1786404004263499500,2490543532
1786404005318754500,2491594629
1786404006352729000,2492634821
1786404007383353500,2493663108
1786404008392448500,2494683116
1786404009382415500,2495663067
1786404010392574500,2496672613
1786404011433168000,2497712873
1786404012452484500,2498733015
1786404013452694000,2499742470
1786404014472526500,2500752325
1786404015487834000,2501772899
1786404016517736500,2502793243
1786404017517798000,2503803216
1786404018567365500,2504842868
1786404019567520500,2505853058
1786404020572595500,2506853041
1786404021582081000,2507862984
1786404022598597500,2508881877
1786404023623752500,2509903128
1786404024633775000,2510912599
1786404025692448500,2511963636
1786404026707326500,2512992609
1786404027712113500,2513983072
1786404028727851000,2515013051
1786404029742195500,2516013201
1786404030762749500,2517052786
1786404031787531000,2518053125
1786404032852422000,2519132987
1786404033912392500,2520193164
1786404034952433500,2521212554
1786404036012278000,2522283203
1786404037022365000,2523302331
1786404038037475500,2524323115
1786404039062625000,2525342584
1786404040062518500,2526342732
1786404041082447000,2527372520
1786404042088473500,2528362874
1786404043118796500,2529402849
1786404044172734000,2530452763
1786404045197505000,2531482954
1786404046222851000,2532502616
1786404047353765500,2533627572
1786404048393308500,2534673122
1786404049443395000,2535722930
1786404050469206500,2536742838
1786404051492179500,2537772637
1786404052482073000,2538768893
1786404053506101000,2539772939
1786404054527225000,2540812849
1786404055527073000,2541812832
1786404056537157000,2542812748
1786404057562625500,2543844914
1786404058598036000,2544872700
1786404059647241500,2545932769
1786404060687634500,2546972938
1786404061752663500,2548033479
1786404062777547500,2549063035
1786404063797524500,2550082544
1786404064832836000,2551112824
1786404065853891000,2552133290
1786404066863699500,2553132594
1786404067897902500,2554172748
1786404068953826500,2555233346
1786404069962067000,2556242640
1786404070960423000,2557233392
1786404071974119500,2558253199
1786404072992324000,2559282654
1786404073994040500,2560272679
1786404075017105000,2561272679
1786404076022494000,2562302943
1786404077042463500,2563322869
1786404078077460000,2564353035
1786404079107530500,2565392824
1786404080122629500,2566402967
1786404081147408000,2567434887
1786404082192306000,2568456084
1786404083237566000,2569523270
1786404084252388000,2570532512
1786404085267442500,2571543162
1786404086315043500,2572592831
1786404087346452500,2573622780
1786404088354140000,2574632999
1786404089392490000,2575652946
1786404090452633500,2576732807
1786404091452636500,2577732426
1786404092472708500,2578753085
1786404093507718000,2579792838
1786404094534107500,2580822910
1786404095512610500,2581802522
1786404096561984000,2582812546
1786404097612768500,2583893097
1786404098627449000,2584902740
1786404099657583500,2585934906
1786404100697456500,2586972995
1786404101717731000,2587992629
1786404102752350000,2589032797
1786404103842838500,2590092436
1786404104897395000,2591182685
1786404105932675500,2592212725
1786404106962204000,2593233143
1786404107992938000,2594272727
1786404109030468000,2595304028
1786404110078630500,2596363553
1786404111122508500,2597412721
1786404112152431000,2598434227
1786404113182813000,2599462950
1786404114207156000,2600481704
1786404115227207500,2601512518
1786404116277224500,2602563043
1786404117292518500,2603572450
1786404118357193000,2604642249
1786404119367405000,2605652741
1786404120397614000,2606672411
1786404121422435000,2607702709
1786404122447476000,2608722646
1786404123507185500,2609782108
1786404124567817500,2610853410
1786404125642304500,2611922753
1786404126657189000,2612932720
1786404127661865500,2613932607
1786404128694216500,2614973097
1786404129717115000,2615992342
1786404130717644000,2617012414
1786404131712550500,2617992336
1786404132797214000,2619072460
1786404133829700000,2620102833
1786404134872084000,2621152651
1786404135902176500,2622182591
1786404136922507000,2623202644
1786404137942444500,2624222343
1786404138982366500,2625262822
1786404140057275500,2626332629
1786404141092791000,2627372838
1786404142142398000,2628423280
1786404143177175500,2629454790
1786404144227155000,2630503006
1786404145262493000,2631542626
1786404146267263500,2632562159
1786404147282177000,2633562779
1786404148316892500,2634602968
1786404149316977500,2635592748
1786404150352456000,2636632618
1786404151402621000,2637682715
1786404152437998500,2638712862
1786404153462689000,2639742212
1786404154512158500,2640794456
1786404155542117000,2641823097
1786404156562135000,2642842662
1786404157612260500,2643892432
1786404158642230500,2644922833
1786404159651932000,2645938169
1786404160672452500,2646952369
1786404161727190500,2648002367
1786404162772320000,2649052710
1786404163797709500,2650072311
1786404164837320500,2651122666
1786404165872600500,2652152367
1786404166897742500,2653172342
1786404167923691500,2654182536
1786404168952403000,2655232906
1786404169988163000,2656273322
1786404171018084000,2657302594
1786404172053361000,2658333765
1786404173076990000,2659362411
1786404174102419000,2660382604
1786404175143866000,2661402094
1786404176182109000,2662462376
1786404177181974000,2663462754
1786404178192007000,2664472763
1786404179202134500,2665482701
1786404180225015000,2666502299
1786404181242548000,2667522519
1786404182287014000,2668532620
1786404183342310500,2669623514
1786404184373193000,2670662986
1786404185381934500,2671663978
1786404186367427000,2672652473
1786404187382218000,2673663679
1786404188402966500,2674682568
1786404189442031000,2675702243
1786404190482367000,2676762292
1786404191512162000,2677792503
1786404192537495500,2678822763
1786404193551777000,2679842499
1786404194577235500,2680852550
1786404195612172500,2681892393
1786404196644306500,2682902288
1786404197707129000,2683999021
1786404198732228000,2685012528
1786404199761922500,2686042311
1786404200797231000,2687081854
1786404201827521500,2688102634
1786404202852217000,2689132759
1786404203906869500,2690152153
1786404204972083000,2691252587
1786404206061962000,2692342196
1786404207102251000,2693382735
1786404208112184500,2694392685
1786404209142125500,2695422211
1786404210172292000,2696454157
1786404211207563500,2697513199
1786404212263479000,2698542165
1786404213282148000,2699563830
1786404214297526000,2700573344
1786404215333758000,2701612001
1786404216363418500,2702642030
1786404217383477000,2703662654
1786404218442303500,2704722589
1786404219462247000,2705742694
1786404220504167500,2706782548
1786404221511431500,2707792023
1786404222512529500,2708792714
1786404223497033500,2709782323
1786404224516856000,2710801946
1786404225527279000,2711812499
1786404226571776000,2712852593
1786404227602589000,2713882184
1786404228641977500,2714924058
1786404229657050500,2715932199
1786404230662031000,2716942641
1786404231676983500,2717962764
1786404232766536000,2719043716
1786404233803244000,2720083429
1786404234922724500,2721202413
1786404235962005000,2722242464
1786404236971797000,2723252513
1786404237982025500,2724262997
1786404239022181500,2725302742
1786404240072422500,2726352484
1786404241097213000,2727372486
1786404242122228000,2728402417
1786404243152124000,2729433664
1786404244177478000,2730461904
1786404245201826000,2731482403
1786404246242234500,2732524009
1786404247322322000,2733602363
1786404248347197500,2734622279
1786404249371743500,2735652106
1786404250371996500,2736652066
1786404251392319500,2737672157
1786404252422347000,2738702654
1786404253452152500,2739732466
1786404254527411000,2740802152
1786404255542138000,2741822555
1786404256557282000,2742845176
1786404257591857000,2743854079
1786404258652165000,2744932208
1786404259676845000,2745953936
1786404260727397000,2747013093
1786404261767437500,2748042586
1786404262812356500,2749091981
1786404263796949500,2750082603
1786404264807179500,2751092723
1786404265831759000,2752115464
1786404266907771500,2753192058
1786404267942318000,2754222332
1786404269012281500,2755292785
1786404270017113500,2756292461
1786404271031841000,2757312263
1786404272060145000,2758342341
1786404273072075000,2759352431
1786404274082868500,2760362464
1786404275091950500,2761382422
1786404276162494500,2762442049
1786404277192282000,2763472528
1786404278236663500,2764513618
1786404279241707000,2765532213
1786404280292581000,2766563229
1786404281326851000,2767602469
1786404282383515000,2768632406
1786404283442229500,2769722769
1786404284452492500,2770732034
1786404285462007000,2771742556
1786404286491921500,2772772530
1786404287512196000,2773792126
1786404288531409000,2774811897
1786404289578171500,2775842302
1786404290606632500,2776881613
1786404291594137000,2777871700
1786404292587322500,2778871714
1786404293586507000,2779862512
1786404294606891500,2780882173
1786404295644481000,2781913619
1786404296708059000,2782973482
1786404297741497000,2784022300
1786404298736593500,2785013080
1786404299736323500,2786021954
1786404300731773000,2787012139
1786404301747137000,2788032371
1786404302776585000,2789062312
1786404303804151500,2790071661
1786404304831450500,2791112199
1786404305867759000,2792152445
1786404306897437000,2793171334
1786404307926793000,2794211786
1786404308926594500,2795212201
1786404309946466500,2796232158
1786404310958559500,2797232100
1786404311961588000,2798241835
1786404312981717500,2799272290
1786404313981523500,2800262241
1786404314981790500,2801265154
1786404315996605000,2802282002
1786404317012048500,2803291970
1786404318089152500,2804335159
1786404319111235500,2805391627
1786404320111205500,2806402117
1786404321141729000,2807422107
1786404322166327000,2808442247
1786404323181514000,2809462712
1786404324186973500,2810461953
1786404325237116500,2811492035
1786404326302030000,2812592346
1786404327321414000,2813602257
1786404328351488500,2814641912
1786404329366515000,2815641904
1786404330382007500,2816662569
1786404331401839500,2817682397
1786404332457292500,2818711999
1786404333486399000,2819772361
1786404334471337000,2820751951
1786404335481669500,2821762074
1786404336511838500,2822792586
1786404337546468000,2823821635
1786404338606480000,2824881742
1786404339666454500,2825922087
1786404340721799500,2827011240
1786404341741616500,2828022777
1786404342766550000,2829042206
1786404343813196000,2830092195
1786404344844420500,2831122044
1786404345852217000,2832132234
1786404346902282000,2833161889
1786404347962131000,2834242183
1786404348986569000,2835262394
1786404350022491500,2836302190
1786404351061573000,2837343027
1786404352098044000,2838381739
1786404353122831500,2839402846
1786404354171988000,2840462998
1786404355216489000,2841492709
1786404356242546000,2842522720
1786404357266587000,2843551898
1786404358287758000,2844562466
1786404359321946000,2845601978
1786404360341755500,2846622557
1786404361381404500,2847691617
1786404362416698000,2848701771
1786404363445048000,2849722985
1786404364452107000,2850726830
1786404365486857000,2851771202
1786404366511627000,2852792190
1786404367516670000,2853801706
1786404368541843000,2854842212
1786404369586387500,2855862041
1786404370606137000,2856892033
1786404371621170000,2857901769
1786404372611816500,2858891740
1786404373611797500,2859882023
1786404374626234500,2860912160
1786404375656026000,2861961932
1786404376661689500,2862942970
1786404377666191000,2863952791
1786404378683004500,2864962233
1786404379686419000,2865971373
1786404380691313000,2866971980
1786404381711311500,2867991746
1786404382756932500,2869064536
1786404383816198000,2870091875
1786404384841409500,2871121882
1786404385851567500,2872132288
1786404386876458500,2873161814
1786404387916772500,2874191955
1786404388966707500,2875231693
1786404390016256500,2876314103
1786404391066555000,2877342569
1786404392086338000,2878371942
1786404393126436500,2879411941
1786404394162005500,2880432358
1786404395197104500,2881472576
1786404396221206000,2882511988
1786404397321253500,2883602296
1786404398331375000,2884621175
1786404399336475000,2885621414
1786404400358792500,2886641645
1786404401365977500,2887641829
1786404402376300500,2888651952
1786404403401607000,2889681832
1786404404461043500,2890762781
1786404405517210000,2891782320
1786404406562092500,2892841826
1786404407601687000,2893882558
1786404408620642000,2894891801
1786404409621305500,2895894445
1786404410651321500,2896931807
1786404411686359000,2897961843
1786404412716973500,2898991819
1786404413766488000,2900041212
1786404414801763000,2901082271
1786404415806507000,2902091916
1786404416826146000,2903112027
1786404417836508000,2904111744
1786404418922063500,2905201952
1786404419967396000,2906241960
1786404420982433500,2907261637
1786404422001817500,2908281146
1786404423031588000,2909311583
1786404424051377000,2910331817
1786404425066341000,2911351775
1786404426126346000,2912401991
1786404427151293500,2913431996
1786404428181183000,2914461716
1786404429196261500,2915471456
1786404430229495500,2916502017
1786404431251041000,2917531687
1786404432246507500,2918532090
1786404433291719500,2919571610
1786404434331403500,2920601611
1786404435366284500,2921641794
1786404436381177000,2922661958
1786404437412191000,2923691586
1786404438451563000,2924742084
1786404439457281500,2925742261
1786404440478582500,2926751507
1786404441501565500,2927781790
1786404442516916500,2928791309
1786404443551326000,2929821661
1786404444582153000,2930862297
1786404445611074500,2931882606
1786404446631337000,2932912369
1786404447641362000,2933922519
1786404448661162000,2934941624
1786404449691380500,2935972155
1786404450726456500,2937012209
1786404451715808500,2938001690
1786404452711218000,2938992265
1786404453711820500,2939991811
1786404454741168500,2941021281
1786404455747309000,2942031689
1786404456756364000,2943051299
1786404457756335000,2944041403
1786404458781594000,2945051559
1786404459811664000,2946091546
1786404460858006000,2947140862
1786404461936023500,2948221084
1786404462956635000,2949242458
1786404463981341500,2950261773
1786404465026303500,2951291144
1786404466051888000,2952331696
1786404467091843000,2953371723
1786404468120941000,2954402495
1786404469226509500,2955511841
1786404470241748500,2956526167
1786404471276937500,2957561901
1786404472291930500,2958571686
1786404473346899500,2959632689
1786404474371529500,2960651870
1786404475449441000,2961681559
1786404476516777500,2962791537
1786404477562536000,2963821462
1786404478646576500,2964931577
1786404479686120000,2965962111
1786404480706520500,2966990908
1786404481721144000,2968001395
1786404482746077500,2969021356
1786404483766108500,2970051564
1786404484776209500,2971051716
1786404485802290500,2972081668
1786404486841269000,2973111918
1786404487871706500,2974171402
1786404488891320000,2975171371
1786404489935935000,2976201925
1786404490974926000,2977241537
1786404491991420500,2978271723
1786404493016298500,2979291691
1786404494036276500,2980321697
1786404495041180500,2981321442
1786404496096862000,2982375842
1786404497160818500,2983469533
1786404498206314000,2984471612
1786404499251091500,2985531909
1786404500316545000,2986582660
1786404501371544000,2987651276
1786404502398465000,2988671562
1786404503422057500,2989705618
1786404504500541000,2990771748
1786404505520914500,2991802236
1786404506546560000,2992824817
1786404507571243500,2993851655
1786404508606822000,2994881213
1786404509651005000,2995941600
1786404510671887000,2996951187
1786404511725867500,2998002549
1786404512761532500,2999041875
1786404513785990000,3000061793
1786404514811322500,3001091662
1786404515835791000,3002111631
1786404516861297000,3003141661
1786404517886446500,3004161582
1786404518951392500,3005232520
1786404519987081000,3006271782
1786404521036456000,3007315301
1786404522063986500,3008343427
1786404523086803500,3009361345
1786404524121063500,3010401624
1786404525135760000,3011411400
1786404526181139500,3012461631
1786404527196316000,3013471690
1786404528207193500,3014481170
1786404529256838500,3015531807
1786404530286129500,3016561856
1786404531311470500,3017591548
1786404532346186500,3018622026
1786404533391125500,3019671375
1786404534395989500,3020675827
1786404535428218500,3021702375
1786404536446502000,3022731384
1786404537455822500,3023741571
1786404538476071000,3024751570
1786404539480858500,3025761903
1786404540526092000,3026822319
1786404541510572500,3027791072
1786404542572419000,3028853413
1786404543629982500,3029893807
1786404544725690000,3030993310
1786404545766912000,3032041603
1786404546775905500,3033054079
1786404547883295500,3034161871
1786404548928467500,3035223477
1786404549981754000,3036261472
1786404550990743500,3037281257
1786404552001094500,3038291259
1786404553041089000,3039321723
1786404554110829000,3040381340
1786404555160790000,3041441241
1786404556175795500,3042461389
1786404557195715000,3043471728
1786404558211467500,3044491431
1786404559235656000,3045513357
1786404560246169000,3046522370
1786404561286191500,3047552926
1786404562343708500,3048622159
1786404563365883000,3049651980
1786404564391157000,3050671408
1786404565411913000,3051691364
1786404566430847500,3052711418
1786404567463585500,3053741277
1786404568516739500,3054781504
1786404569562110500,3055841710
1786404570585750000,3056861503
1786404571606959500,3057891688
1786404572627948500,3058911488
1786404573660922000,3059941707
1786404574720958000,3060981541
1786404575829685500,3062123352
1786404576916662000,3063181313
1786404577980936500,3064242378
1786404579050585500,3065331567
1786404580081739500,3066351417
1786404581124954000,3067401301
1786404582156236000,3068441554
1786404583221183000,3069511080
1786404584220992500,3070511333
1786404585230434000,3071501771
1786404586265989000,3072551695
1786404587304855500,3073570930
1786404588322228000,3074601132
1786404589340343000,3075621635
1786404590380581000,3076661636
1786404591390685000,3077677383
1786404592411356000,3078691269
1786404593435706000,3079721383
1786404594446048500,3080721603
1786404595435709000,3081711329
1786404596440882000,3082731279
1786404597542659500,3083821303
1786404598597657500,3084881612
1786404599595411500,3085881245
1786404600600537500,3086881892
1786404601611116000,3087891436
1786404602630668000,3088911611
1786404603681571000,3089961451
1786404604761003500,3091041468
1786404605790855000,3092072480
1786404606800646500,3093090993
1786404607816259000,3094091149
1786404608936234500,3095212177
1786404609965780500,3096260912
1786404610980789000,3097260992
1786404612040696500,3098321509
1786404613081093500,3099361852
1786404614110955000,3100391123
1786404615140640000,3101421194
1786404616150467500,3102421791
1786404617165777000,3103441770
1786404618240364500,3104516584
1786404619433701000,3105713544
1786404620479208000,3106764034
1786404621584325000,3107858161
1786404622677419000,3108967651
1786404623783750500,3110056836
1786404624871249500,3111151463
1786404625910670500,3112221185
1786404626956294000,3113231118
1786404627990859500,3114281133
1786404629010483000,3115291498
1786404630015809500,3116300165
1786404631035824500,3117311093
1786404632055743000,3118341713
1786404633095975500,3119401318
1786404634136954000,3120412414
1786404635165649000,3121442100
1786404636185706000,3122471098
1786404637195751000,3123481787
1786404638215747000,3124491522
1786404639231068500,3125511247
1786404640255489500,3126551057
1786404641275821000,3127561192
1786404642310969500,3128591784
1786404643342464000,3129631303
1786404644370697500,3130653613
1786404645396486500,3131671144
1786404646405753500,3132691210
1786404647478691000,3133751351
1786404648521118500,3134801279
1786404649535914500,3135832224
1786404650545749500,3136841088
1786404651561665500,3137851225
1786404652570796500,3138851686
1786404653595547500,3139880783
1786404654648061000,3140940634
1786404655656993000,3141931825
1786404656683328000,3142961258
1786404657707274500,3143981428
1786404658721097000,3145001912
1786404659722032500,3146016762
1786404660748159500,3147021620
1786404661857894500,3148141224
1786404662872519500,3149151520
1786404663908069000,3150190599
1786404664898524000,3151191154
1786404665908316500,3152191585
1786404666923644500,3153200896
1786404667954333500,3154231216
1786404669040541500,3155311414
1786404670074235500,3156351325
1786404671109597000,3157380930
1786404672155278500,3158430424
1786404673180790000,3159451345
1786404674210570500,3160480867
1786404675260495000,3161532663
1786404676336332500,3162611228
1786404677345621500,3163621003
1786404678365828500,3164642233
1786404679396094000,3165671080
1786404680411729000,3166681367
1786404681464970500,3167710968
1786404682521235000,3168791296
1786404683552200000,3169830388
1786404684581127000,3170851120
1786404685606429500,3171883052
1786404686622700500,3172902281
1786404687651875500,3173930982
1786404688671449500,3174942425
1786404689697007500,3175971013
1786404690716895500,3177001305
1786404691747158500,3178021174
1786404692771598000,3179041285
1786404693802016000,3180071250
1786404694846760500,3181121157
1786404695882494500,3182160889
1786404696917253500,3183190785
1786404697942208500,3184221428
1786404698962465500,3185231251
1786404699992833000,3186270998
1786404701023412000,3187292304
1786404702051997000,3188321242
1786404703097843500,3189371751
1786404704128364000,3190401318
1786404705172623500,3191451133
1786404706202472000,3192471027
1786404707242445000,3193510925
1786404708252444000,3194530920
1786404709277648500,3195550586
1786404710307743000,3196580771
1786404711354910500,3197601098
1786404712429775000,3198701257
1786404713484061500,3199760994
1786404714509094000,3200781547
1786404715539251500,3201811125
1786404716619843500,3202872534
1786404717682220500,3203961558
1786404718742636500,3204981068
1786404719807745500,3206081124
1786404720852580500,3207121156
1786404721887932000,3208160845
1786404722927489500,3209200801
1786404723947598500,3210221822
1786404724972634000,3211251010
1786404725997334000,3212283463
1786404727032584000,3213301667
1786404728052795500,3214331040
1786404729053250500,3215321756
1786404730078025000,3216350850
1786404731097352500,3217375981
1786404732133068500,3218411597
1786404733238371500,3219527976
1786404734357792500,3220641443
1786404735388134500,3221664974
1786404736427540000,3222701783
1786404737457538000,3223731257
1786404738458871000,3224731192
1786404739487465500,3225761742
1786404740532702000,3226800988
1786404741553107000,3227831332
1786404742553152000,3228840125
1786404743567162000,3229839966
1786404744572754500,3230850819
1786404745572653000,3231841185
1786404746599121000,3232860850
1786404747662232500,3233930964
1786404748698006000,3234960909
1786404749738671000,3236010814
1786404750757717500,3237030564
1786404751773166000,3238051907
1786404752797688000,3239070897
1786404753834360000,3240100944
1786404754927936500,3241201132
1786404755962464500,3242231061
1786404756977834000,3243261001
1786404757997617500,3244270614
1786404759027735000,3245290941
1786404760077958000,3246340522
1786404761142662000,3247420998
1786404762162403000,3248430727
1786404763182494500,3249460895
1786404764198363500,3250472218
1786404765224094000,3251491012
1786404766222068500,3252500776
1786404767232671000,3253511045
1786404768257371500,3254531213
1786404769308027000,3255580928
1786404770564948500,3256681249
1786404771802333500,3258070690
1786404772832346500,3259111030
1786404773852334000,3260121172
1786404774893150000,3261171089
1786404775938193500,3262215441
1786404776978394500,3263251223
1786404778017924500,3264290839
1786404779037627500,3265310869
1786404780047505500,3266330589
1786404781082566500,3267400112
1786404782127764500,3268405750
1786404783192393000,3269479799
1786404784213180000,3270490800
1786404785222281000,3271490390
1786404786254006000,3272511004
1786404787282949500,3273560025
1786404788318103000,3274591213
1786404789343086500,3275601054
1786404790387043000,3276680862
1786404791418322500,3277690889
1786404792442249500,3278720797
1786404793473303500,3279750867
1786404794497477500,3280770864
1786404795497846000,3281770803
1786404796517477500,3282790723
1786404797568608500,3283861098
1786404798632787500,3284911064
1786404799662689500,3285931923
1786404800682642000,3286960590
1786404801713765000,3287980882
1786404802754755500,3289020282
1786404803772457000,3290040241
1786404804802510000,3291080627
1786404805802327500,3292080854
1786404806812384000,3293090389
1786404807847183500,3294120570
1786404808857559000,3295140469
1786404809867466000,3296140521
1786404810962340000,3297289886
1786404812042412500,3298311156
1786404813067517500,3299350434
1786404814062356500,3300330412
1786404815068144000,3301340866
1786404816092600500,3302370473
1786404817097584000,3303370874
1786404818132261000,3304400674
1786404819192576000,3305470821
1786404820218464500,3306490662
1786404821222833500,3307490776
1786404822237518500,3308511168
1786404823258246000,3309530638
1786404824277407000,3310551116
1786404825333493500,3311610796
1786404826442435000,3312720595
1786404827482579000,3313750568
1786404828492536000,3314770592
1786404829518017000,3315790847
1786404830522480000,3316800654
1786404831547642000,3317830531
1786404832552569000,3318820851
1786404833619255000,3319890684
1786404834647696000,3320920791
1786404835667876000,3321950629
1786404836682099500,3322960656
1786404837687826000,3323960807
1786404838728107500,3325000388
1786404839752527000,3326020606
1786404840822635000,3327100707
1786404841877782500,3328160907
1786404842887679500,3329160906
1786404843882387000,3330160441
1786404844887565000,3331170181
1786404845887594000,3332170665
1786404846917708500,3333190278
1786404848007718000,3334281670
1786404849012746000,3335290809
1786404850027114500,3336300731
1786404851032416500,3337300733
1786404852027746500,3338300941
1786404853047511500,3339320682
1786404854047588500,3340330495
1786404855118039500,3341390549
1786404856162238500,3342430549
1786404857192406500,3343460916
1786404858237646000,3344510407
1786404859278276000,3345561013
1786404860292727500,3346570767
1786404861317912000,3347590774
1786404862357697500,3348631274
1786404863389424500,3349660976
1786404864417646000,3350693528
1786404865427817000,3351705208
1786404866439510000,3352710404
1786404867457735500,3353732789
1786404868467605500,3354740702
1786404869502511500,3355773152
1786404870512636000,3356791668
1786404871528587500,3357810940
1786404872527004500,3358799829
1786404873527300500,3359810745
1786404874518199000,3360790370
1786404875537414500,3361810514
1786404876597756000,3362881572
1786404877632584000,3363910749
1786404878657422000,3364930539
1786404879697770500,3365970864
1786404880727833000,3367000491
1786404881762816000,3368040204
1786404882792953000,3369060500
1786404883819367000,3370090805
1786404884852320500,3371121832
1786404885882292000,3372150173
1786404886899012000,3373170236
1786404887913673500,3374193398
1786404888947360000,3375210497
1786404889968439500,3376240568
1786404890982764500,3377251526
1786404891998248500,3378270528
1786404893042774000,3379340466
1786404894097951500,3380371022
1786404895127174500,3381400186
1786404896167645500,3382440679
1786404897192765000,3383470229
1786404898217411500,3384490732
1786404899237507000,3385510239
1786404900247403000,3386520905
1786404901262310500,3387530183
1786404902282475000,3388560792
1786404903292364500,3389570581
1786404904317319000,3390580606
1786404905393195000,3391660656
1786404906412625500,3392680459
1786404907448188500,3393710748
1786404908472710500,3394750433
1786404909483138000,3395760179
1786404910497877000,3396770355
1786404911536163000,3397780690
1786404912587471500,3398859753
1786404913607301500,3399880317
1786404914617339500,3400890255
1786404915632304000,3401900493
1786404916652287000,3402930223
1786404917672764500,3403950037
1786404918691886500,3404960572
1786404919727634000,3406000861
1786404920737697000,3407010472
1786404921772864500,3408040416
1786404922797952500,3409070316
1786404923828016500,3410100470
1786404924864461500,3411140995
1786404925933474500,3412181275
1786404926999088500,3413270457
1786404928027878500,3414300496
1786404929074022000,3415351066
1786404930113310000,3416389259
1786404931142300500,3417410155
1786404932168049500,3418440548
1786404933228648500,3419480641
1786404934270654500,3420540514
1786404935297606500,3421569867
1786404936328055500,3422602026
1786404937362380500,3423631145
1786404938387664000,3424660360
1786404939413131000,3425690725
1786404940456582500,3426700298
1786404941499618000,3427785123
1786404942552921000,3428830507
1786404943568468000,3429839641
1786404944617551000,3430888829
1786404945622817000,3431899898
1786404946632610500,3432910413
1786404947652518500,3433935802
1786404948667946500,3434940778
1786404949708347500,3435980219
1786404950733021000,3437014075
1786404951737898000,3438010076
1786404952757721500,3439032260
1786404953777500500,3440050972
1786404954832915000,3441130753
1786404955897630500,3442170457
1786404956917752500,3443190307
1786404957943023500,3444211001
1786404958977390000,3445239974
1786404960002893500,3446280668
1786404961033385000,3447300349
1786404962125762500,3448390397
1786404963177568000,3449461386
1786404964227672500,3450490295
1786404965257490500,3451530322
1786404966302645000,3452580417
1786404967327837000,3453600174
1786404968352897500,3454639972
1786404969428118000,3455700374
1786404970442506000,3456709648
1786404971468582000,3457740340
1786404972492884500,3458760544
1786404973508027000,3459780271
1786404974522610500,3460790708
1786404975552233500,3461820464
1786404976617754500,3462890304
1786404977647495000,3463920312
1786404978687738000,3464959683
1786404979707379000,3465980304
1786404980732456500,3467000789
1786404981757457500,3468030267
1786404982752512000,3469030100
1786404983832627000,3470100242
1786404984872867000,3471150237
1786404985873711000,3472120394
1786404986917308500,3473190224
1786404987932504500,3474200442
1786404988963021000,3475230302
1786404989987732000,3476260010
1786404991028120000,3477300344
1786404992072590500,3478340142
1786404993097855500,3479369364
1786404994112215500,3480390223
1786404995132544000,3481410262
1786404996167221000,3482430362
1786404997177156500,3483440188
1786404998202877000,3484470708
1786404999233495000,3485500568
1786405000262616500,3486540002
1786405001302652500,3487570315
1786405002328084000,3488600934
1786405003352841000,3489620836
1786405004377737000,3490650112
1786405005397875500,3491669872
1786405006412391000,3492690306
1786405007442655000,3493710468
1786405008467938000,3494749726
1786405009497742500,3495770353
1786405010528233000,3496800073
1786405011542713000,3497819985
1786405012567486500,3498840266
1786405013607187500,3499880450
1786405014642582500,3500920239
1786405015668241500,3501940802
1786405016707635000,3502971192
1786405017743003500,3504019826
1786405018763135500,3505039933
1786405019807888000,3506082673
1786405020863112000,3507111841
1786405021918097500,3508195511
1786405022947747500,3509220280
1786405023977489000,3510250478
1786405025019344000,3511289993
1786405026082614000,3512319310
1786405027148725500,3513420428
1786405028182779500,3514450253
1786405029207784000,3515480576
1786405030227548500,3516500213
1786405031253131000,3517520181
1786405032295151500,3518570235
1786405033357822000,3519600163
1786405034407476000,3520680406
1786405035417568500,3521710337
1786405036427781000,3522700254
1786405037453202500,3523730182
1786405038468008000,3524739716
1786405039498381500,3525770099
1786405040548387000,3526789708
1786405041597836500,3527871582
1786405042632671000,3528909531
1786405043667643000,3529930914
1786405044712434000,3530980441
1786405045752799500,3532030052
1786405046782535500,3533050389
1786405047833185000,3534140382
1786405048878728500,3535151704
1786405049912422000,3536190700
1786405050953450500,3537229888
1786405051980054000,3538250366
1786405052997085500,3539269807
1786405054008389500,3540281581
1786405055075672500,3541340130
1786405056137320500,3542400746
1786405057167758500,3543440422
1786405058207567000,3544480376
1786405059247872500,3545520412
1786405060273078500,3546550567
1786405061267445500,3547549887
1786405062327340500,3548600094
1786405063367817000,3549640389
1786405064392675000,3550660051
1786405065413119000,3551680254
1786405066439000000,3552709982
1786405067464572000,3553730041
1786405068497586000,3554769849
1786405069567791000,3555840787
1786405070607351500,3556880884
1786405071637441000,3557909893
1786405072672546000,3558940126
1786405073677676000,3559960243
1786405074688569000,3560959653
1786405075708175500,3561980006
1786405076777619000,3563053908
1786405077789854500,3564069607
1786405078813152500,3565080578
1786405079854507500,3566119958
1786405080888559000,3567163841
1786405081928650500,3568209472
1786405082942955000,3569209911
1786405083973314500,3570250343
1786405085023322500,3571290087
1786405086067234500,3572340071
1786405087067208000,3573340023
1786405088082062500,3574359199
1786405089082381000,3575359142
1786405090106911000,3576380144
1786405091157839000,3577430367
1786405092182101500,3578459936
1786405093187109000,3579460160
1786405094207350500,3580479918
1786405095217556500,3581490059
1786405096231931500,3582510104
1786405097232440500,3583510263
1786405098262498000,3584529573
1786405099277422500,3585550501
1786405100292658000,3586569871
1786405101312494500,3587589988
1786405102322165000,3588590278
1786405103312718500,3589590692
1786405104312597500,3590590509
1786405105392404000,3591669573
1786405106435699500,3592700147
1786405107457495500,3593730162
1786405108472144000,3594739713
1786405109478216000,3595749570
1786405110517500500,3596789880
1786405111557382500,3597819768
1786405112652484000,3598929476
1786405113672397000,3599949449
1786405114678549000,3600961003
1786405115692099000,3601959753
1786405116717325000,3603000109
1786405117732204500,3604000158
1786405118742216000,3605010047
1786405119767752000,3606039530
1786405120777252500,3607059843
1786405121802277000,3608080889
1786405122813012000,3609080054
1786405123847114000,3610119761
1786405124877919000,3611150250
1786405125897158000,3612169610
1786405126937705500,3613209458
1786405127972245000,3614239999
1786405128992524500,3615269943
1786405129997230500,3616270219
1786405130997671000,3617269337
1786405132032377500,3618299749
1786405133047591500,3619329997
1786405134067358500,3620339839
1786405135082483000,3621360624
1786405136093000000,3622370166
1786405137102556000,3623369159
1786405138137708000,3624410057
1786405139167808500,3625439772
1786405140212861500,3626479619
1786405141308246000,3627579709
1786405142358092500,3628619796
1786405143400560500,3629669551
1786405144428266500,3630714436
1786405145447978500,3631719755
1786405146467922000,3632740013
1786405147517466000,3633759551
1786405148512052500,3634789191
1786405149542424500,3635815984
1786405150567241000,3636840029
1786405151597296500,3637873600
1786405152637534500,3638909569
1786405153652147500,3639922789
1786405154706904500,3640970654
1786405155749557000,3642023365
1786405156795765500,3643069887
1786405157802659500,3644069593
1786405158818255500,3645089879
1786405159833809000,3646109548
1786405160887599000,3647159416
1786405161937237000,3648199971
1786405162977440500,3649259285
1786405163992468500,3650259750
1786405165018004000,3651289780
1786405166032696000,3652309792
1786405167051394000,3653320013
1786405168067579500,3654349365
1786405169082710000,3655339714
1786405170117398000,3656379515
1786405171107218500,3657379465
1786405172162813500,3658430011
1786405173202323500,3659469767
1786405174227253000,3660500530
1786405175247904000,3661509743
1786405176312994000,3662559929
1786405177367577000,3663639904
1786405178369010000,3664649725
1786405179367810500,3665639768
1786405180383146000,3666659677
1786405181391936500,3667669445
1786405182403283500,3668669700
1786405183452402500,3669699624
1786405184513176500,3670779668
1786405185549170000,3671819762
1786405186572771000,3672849531
1786405187583098500,3673859329
1786405188607662000,3674879647
1786405189628065500,3675902325
1786405190677480000,3676919662
1786405191737303000,3678010746
1786405192762154000,3679039148
1786405193797537000,3680070020
1786405194832326000,3681099346
1786405195837783000,3682119462
1786405196848133000,3683119648
1786405197902421500,3684217866
1786405198932776000,3685209324
1786405199962655500,3686239749
1786405200997552500,3687279499
1786405202002150500,3688269191
1786405203017366000,3689289159
1786405204033026000,3690300192
1786405205067485500,3691368159
1786405206107843500,3692379538
1786405207136930000,3693409455
1786405208152369000,3694419732
1786405209167273500,3695429756
1786405210187917500,3696459747
1786405211207431000,3697480109
1786405212222753000,3698517666
1786405213368868000,3699629106
1786405214417677500,3700689566
1786405215469619500,3701749022
1786405216502696500,3702779656
1786405217538574500,3703809841
1786405218552559000,3704829843
1786405219637651000,3705909450
1786405220668017000,3706939560
1786405221682364500,3707949779
1786405222707711000,3708979649
1786405223732610000,3709989640
1786405224772393000,3711039756
1786405225807548500,3712079502
1786405226858699500,3713129730
1786405227882315000,3714159552
1786405228882608500,3715149269
1786405229902708500,3716169404
1786405230927542000,3717199091
1786405231952523500,3718229509
1786405232982522500,3719259444
1786405234046534000,3720319232
1786405235037042000,3721299471
1786405236057656000,3722329532
1786405237057070000,3723329402
1786405238062486500,3724329784
1786405239097879500,3725369413
1786405240127361500,3726399243
1786405241167148500,3727429303
1786405242212053000,3728489851
1786405243277451500,3729540104
1786405244307186500,3730582113
1786405245318985500,3731590039
1786405246367214500,3732630220
1786405247407811000,3733679582
1786405248447655500,3734729280
1786405249452371000,3735732516
1786405250487691000,3736759199
1786405251502942000,3737781459
1786405252522869500,3738799205
1786405253547573000,3739819419
1786405254567865000,3740839731
1786405255592440500,3741869574
1786405256602342000,3742882730
1786405257612054500,3743889421
1786405258627558000,3744899490
1786405259662379500,3745929735
1786405260693420000,3746969462
1786405261727824500,3748005167
1786405262752930000,3749029726
1786405263787715000,3750059710
1786405264802569500,3751079807
1786405265817493000,3752089449
1786405266857455000,3753133825
1786405267882439500,3754149519
1786405268912573000,3755179204
1786405269952840500,3756219128
1786405270987636000,3757259112
1786405272012250500,3758279646
1786405273057741500,3759330182
1786405274108763500,3760370336
1786405275142694500,3761409511
1786405276172977500,3762439421
1786405277239038000,3763510089
1786405278262538000,3764529547
1786405279283933000,3765549168
1786405280298958000,3766569347
1786405281323706000,3767589919
1786405282352649000,3768619208
1786405283408089000,3769659755
1786405284457621000,3770729384
1786405285487985000,3771759620
1786405286518107000,3772788825
1786405287537391500,3773809313
1786405288527430500,3774799548
1786405289532139500,3775798967
1786405290597635500,3776849469
1786405291647570500,3777918989
1786405292657307500,3778938835
1786405293647600000,3779928937
1786405294657411000,3780929229
1786405295657175500,3781939146
1786405296652514500,3782929086
1786405297696814500,3783939755
1786405298742437500,3785019688
1786405299782616500,3786039243
1786405300817321500,3787099527
1786405301833560000,3788109350
1786405302842555500,3789119263
1786405303852953000,3790119304
1786405304912381000,3791149478
1786405305957247000,3792219115
1786405306967573000,3793239464
1786405307977543500,3794249583
1786405308963852500,3795239303
1786405309983452000,3796269207
1786405311007465500,3797278904
1786405312067646500,3798309314
1786405313107400500,3799369163
1786405314103891500,3800380803
1786405315119184000,3801389326
1786405316172574500,3802439016
1786405317217732000,3803489354
1786405318258118500,3804529317
1786405319313163500,3805559097
1786405320372837500,3806649347
1786405321387564000,3807659421
1786405322387588500,3808659073
1786405323402596500,3809679118
1786405324402408500,3810678974
1786405325438020000,3811719711
1786405326477934500,3812739133
1786405327527601500,3813798799
1786405328537000000,3814809504
1786405329537420500,3815809625
1786405330572668000,3816839587
1786405331592093500,3817858801
1786405332622253500,3818900805
1786405333662995000,3819909210
1786405334752451500,3821019504
1786405335797800500,3822069640
1786405336827486000,3823100171
1786405337853225000,3824129348
1786405338883512500,3825159610
1786405339908677500,3826179452
1786405340938374500,3827223289
1786405341987481000,3828269231
1786405343004509000,3829268996
1786405344027340500,3830299174
1786405345057236500,3831329415
1786405346077370000,3832349033
1786405347112121500,3833379165
1786405348172776500,3834472657
1786405349222358000,3835489143
1786405350242451000,3836519109
1786405351267598000,3837539429
1786405352277209000,3838558815
1786405353282635500,3839559031
1786405354292629500,3840569170
1786405355381132000,3841650378
1786405356412780000,3842679093
1786405357448397000,3843729466
1786405358487487500,3844759530
1786405359523310500,3845799221
1786405360537563500,3846809370
1786405361562783000,3847839063
1786405362632310500,3848898966
1786405363647410500,3849919333
1786405364657419500,3850939253
1786405365677379000,3851949010
1786405366688006500,3852959436
1786405367702251500,3853979625
1786405368717275500,3854989430
1786405369787344500,3856058989
1786405370802581000,3857088704
1786405371822462000,3858099085
1786405372873000000,3859149232
1786405373887241000,3860159141
1786405374917555000,3861189157
1786405375937925500,3862209324
1786405377037631500,3863308977
1786405378142411000,3864409306
1786405379169096500,3865438760
1786405380162774500,3866439098
1786405381177533000,3867459531
1786405382207884000,3868469545
1786405383247320500,3869519063
1786405384316701500,3870589367
1786405385356990500,3871619046
1786405386393012500,3872668767
1786405387401702500,3873669950
1786405388387516000,3874658438
1786405389397215500,3875669202
1786405390422528000,3876688956
1786405391452250500,3877729073
1786405392466986000,3878739293
1786405393572354500,3879842815
1786405394623978000,3880890238
1786405395633614000,3881909166
1786405396637770000,3882898890
1786405397672341500,3883939508
1786405398769671000,3885048914
1786405399772349500,3886048679
1786405400777503000,3887049119
1786405401808010000,3888079370
1786405402812692500,3889079061
1786405403822387000,3890098801
1786405404838419000,3891119027
1786405405867645000,3892129076
1786405406929664500,3893198787
1786405407958106500,3894229121
1786405408987672500,3895259156
1786405410007397500,3896279011
1786405411027950500,3897299273
1786405412017515500,3898299394
1786405413072528000,3899349134
1786405414102431500,3900380269
1786405415137317500,3901409518
1786405416147428000,3902428649
1786405417174090500,3903439026
1786405418197605000,3904468495
1786405419261495000,3905509261
1786405420307537000,3906579429
1786405421332831500,3907609289
1786405422367680500,3908638682
1786405423377960500,3909649906
1786405424407706500,3910669098
1786405425432247500,3911699196
1786405426477667000,3912719131
1786405427532175000,3913798761
1786405428567155000,3914839125
1786405429577457500,3915848348
1786405430607473500,3916878978
1786405431647700500,3917919284
1786405432693041000,3918958751
1786405433732140000,3919989225
1786405434757700500,3921029260
1786405435772728000,3922039881
1786405436812951000,3923088349
1786405437837888500,3924108842
1786405438867563000,3925139255
1786405439900015000,3926168998
1786405440948156500,3927209047
1786405441998943500,3928268841
1786405443037318500,3929319109
1786405444072412000,3930339016
1786405445097701000,3931370175
1786405446117392000,3932388807
1786405447132383000,3933408710
1786405448161967500,3934398997
1786405449212474000,3935488848
1786405450242121000,3936520529
1786405451277882000,3937548903
1786405452302720500,3938579167
1786405453337590500,3939608413
1786405454446199500,3940709101
1786405455505928500,3941788719
1786405456517462500,3942788772
1786405457522138000,3943789235
1786405458552784000,3944818787
1786405459577797500,3945848832
1786405460607888500,3946881092
1786405461645615500,3947911823
1786405462717373500,3948998842
1786405463753401500,3950029046
1786405464777473000,3951049018
1786405465797451500,3952069003
1786405466836188000,3953099064
1786405467842700500,3954109206
1786405468882507000,3955139039
1786405469977317000,3956248919
1786405470988457000,3957270517
1786405471997611000,3958268970
1786405473012612000,3959288840
1786405474038362000,3960299016
1786405475068364500,3961329122
1786405476105929500,3962369777
1786405477217932500,3963489154
1786405478247874500,3964519451
1786405479252248000,3965529169
1786405480257762000,3966528752
1786405481277723000,3967548883
1786405482433369000,3968669019
1786405484693014000,3971000867
1786405485833418000,3972109029
1786405486872202000,3973138763
1786405487902579500,3974168957
1786405488912756000,3975189835
1786405489937413500,3976210042
1786405490992345500,3977238834
1786405492047698000,3978318994
1786405493062655000,3979338791
1786405494087232000,3980358828
1786405495112211500,3981388757
1786405496443186500,3982578403
1786405499265404000,3985399717
1786405501232538500,3987429712
1786405502725282000,3988960015
1786405503949239500,3990159646
1786405505314956500,3991520150
1786405506817053000,3993030976
1786405508119562000,3994391032
1786405509623605000,3995800584
1786405511158974500,3997328601
1786405512632021500,3998981099
1786405513909427500,4000150032
1786405515034419000,4001280091
1786405516154399000,4002457273
1786405517253450500,4003560196
1786405518689663500,4004927314
1786405520120627500,4006299818
1786405521563775500,4007780168
1786405523258082000,4009460047
1786405524475591000,4010721895
1786405525597712500,4011901046
1786405526771671500,4013030771
1786405527984424000,4014230214
1786405529119810500,4015370501
1786405530599691500,4016779670
1786405531738773000,4018009630
1786405532763291000,4019039688
1786405533818727000,4020058661
1786405534863180500,4021138708
1786405535877569500,4022148351
1786405536885068000,4023158596
1786405537897845000,4024168922
1786405538932435000,4025198724
1786405539982904000,4026258837
1786405541038167500,4027278338
1786405542097573000,4028369115
1786405543142483000,4029408712
1786405544202254500,4030468643
1786405545217528000,4031489741
1786405546237467000,4032508728
1786405547257957500,4033538906
1786405548298263500,4034548339
1786405549352646500,4035619748
1786405550382337500,4036658504
1786405551407378500,4037679268
1786405552442320000,4038708242
1786405553572516000,4039839126
1786405554592523500,4040868554
1786405555697698000,4041968332
1786405556722709000,4042988899
1786405557743109500,4044018748
1786405558757290000,4045029059
1786405559787630000,4046059217
1786405560817549000,4047088594
1786405561843292500,4048118850
1786405562922654000,4049188539
1786405563937812500,4050208698
1786405564962313000,4051228654
1786405565992599000,4052258928
1786405567022456500,4053298562
1786405568057907000,4054329781
1786405569077457000,4055338736
1786405570152505000,4056428627
1786405571177637000,4057449778
1786405572207117000,4058478632
1786405573252450000,4059519085
1786405574292549500,4060558879
1786405575324713000,4061598541
1786405576332488500,4062608256
1786405577352814500,4063628364
1786405578378127500,4064649004
1786405579422610000,4065698933
1786405580443975000,4066708324
1786405581484608000,4067761622
1786405582507566500,4068779602
1786405583532046500,4069798637
1786405584567383500,4070838678
1786405585607114000,4071888614
1786405586656939500,4072918455
1786405587682504000,4073948798
1786405588707301500,4074978556
1786405589738296500,4076008614
1786405590767521000,4077038702
1786405591857725500,4078128247
1786405592877143000,4079148515
1786405593899043500,4080168506
1786405594912868500,4081188835
1786405595917456500,4082198874
1786405596933207500,4083199055
1786405597984915500,4084228735
1786405599027268000,4085298365
1786405600032559000,4086308505
1786405601043052500,4087318204
1786405602067304000,4088338882
1786405603092642500,4089358110
1786405604108091000,4090388547
1786405605158877000,4091388226
1786405606222268000,4092488348
1786405607247727500,4093518599
1786405608288635500,4094558339
1786405609312785000,4095588587
1786405610327277000,4096598976
1786405611357934500,4097618562
1786405612397603000,4098648373
1786405613452507000,4099708626
1786405614488218000,4100758588
1786405615507765500,4101778334
1786405616487913000,4102758412
1786405617527596500,4103778767
1786405618567674000,4104838907
1786405619607159000,4105849102
1786405620652199000,4106918545
1786405621697699500,4107969095
1786405622712445500,4108984498
1786405623731871500,4109998189
1786405624732216500,4111008596
1786405625788453500,4112058633
1786405626853150500,4113097941
1786405627887080500,4114159192
1786405628897338000,4115168675
1786405629922763000,4116198560
1786405630927825000,4117198105
1786405631927912500,4118198712
1786405632927036000,4119198096
1786405633967556500,4120208518
1786405635032688500,4121302381
1786405636062361500,4122328611
1786405637117856500,4123389197
1786405638162788500,4124428613
1786405639187335500,4125464386
1786405640218097000,4126478535
1786405641257325500,4127538270
1786405642282251000,4128549468
1786405643327399500,4129548821
1786405644407761000,4130678220
1786405645453322000,4131738294
1786405646467437000,4132738661
1786405647482539500,4133750329
1786405648551397500,4134808715
1786405649592322500,4135868500
1786405650617556500,4136878401
1786405651689007000,4137948178
1786405652717489000,4138998099
1786405653742865000,4140008458
1786405654763912500,4141028357
1786405655847512500,4142118496
1786405656877408000,4143148079
1786405657902469000,4144178296
1786405658927859000,4145198268
1786405659957420500,4146218597
1786405660987681500,4147258298
1786405661993290500,4148268728
1786405663078225500,4149348618
1786405664117748500,4150388667
1786405665147599500,4151418573
1786405666202823500,4152478528
1786405667237353000,4153508481
1786405668237496500,4154498274
1786405669253115000,4155514085
1786405670348329000,4156618380
1786405671397452000,4157678194
1786405672417278000,4158698249
1786405673397618000,4159668594
1786405674447470500,4160718331
1786405675467789000,4161738472
1786405676497595000,4162768526
1786405677532423000,4163798744
1786405678557788500,4164828252
1786405679577478500,4165848696
1786405680602312000,4166868586
1786405681647401000,4167918910
1786405682747395000,4169019070
1786405683798103000,4170048337
1786405684844238500,4171118337
1786405685842696500,4172118058
1786405686862633000,4173138942
1786405687877692000,4174157903
1786405688892832000,4175158413
1786405689935161500,4176198769
1786405690986161000,4177248105
1786405692032638500,4178298456
1786405693062335500,4179338471
1786405694072319000,4180338373
1786405695107118000,4181368467
1786405696132447000,4182398308
1786405697156650500,4183428135
1786405698189195500,4184427933
1786405699207534500,4185458487
1786405700242872000,4186503163
1786405701272435500,4187538510
1786405702272388500,4188537942
1786405703282647500,4189568149
1786405704311933500,4190578216
1786405705348224000,4191597815
1786405706372738000,4192638370
1786405707378252500,4193648527
1786405708413019500,4194678488
1786405709447560000,4195718420
1786405710459778500,4196728178
1786405711477736500,4197748059
1786405712562972500,4198818674
1786405713638038000,4199908345
1786405714657423000,4200928290
1786405715717392000,4201988588
1786405716752563000,4203028415
1786405717787706500,4204058843
1786405718818269500,4205088355
1786405719877613000,4206184845
1786405720927603000,4207198336
1786405721972629000,4208238308
1786405722997861000,4209268251
1786405724022815500,4210288298
1786405725032459500,4211298473
1786405726042437000,4212318226
1786405727057371500,4213336449
1786405728173616500,4214438041
1786405729196965500,4215458085
1786405730202113500,4216478078
1786405731198301500,4217478221
1786405732185033500,4218458148
1786405733183084000,4219458015
1786405734201901000,4220486780
1786405735197176000,4221468102
1786405736177228500,4222448214
1786405737197102500,4223458179
1786405738217542500,4224488128
1786405739237777000,4225507749
1786405740263434500,4226538552
1786405741297313500,4227565664
1786405742322569500,4228594782
1786405743347830000,4229618697
1786405744414304000,4230678535
1786405745467844000,4231738288
1786405746463751500,4232747388
1786405747477359000,4233748141
1786405748502300500,4234788793
1786405749527666000,4235788975
1786405750565465000,4236838001
1786405751590292500,4237858258
1786405752597389500,4238871524
1786405753622518500,4239898227
1786405754743238000,4241018238
1786405755821095500,4242087897
1786405756822305000,4243089346
1786405757845312500,4244117582
1786405758857933000,4245128665
1786405759914047000,4246169181
1786405760932729500,4247208070
1786405761968453500,4248238383
1786405763052696000,4249327684
1786405764056816000,4250327879
1786405765067514000,4251331277
1786405766092481500,4252371932
1786405767117256000,4253388302
1786405768152258500,4254419579
1786405769184386500,4255458082
1786405770257971500,4256527883
1786405771278862500,4257547824
1786405772298162500,4258568075
1786405773308130500,4259577545
1786405774327675500,4260599722
1786405775349633500,4261618280
1786405776352954000,4262627455
1786405777422001500,4263697909
1786405778417385000,4264688563
1786405779432722500,4265708380
1786405780447181500,4266718062
1786405781447200500,4267717784
1786405782462399500,4268728225
1786405783487847500,4269757341
1786405784552568500,4270817614
1786405785572535000,4271838377
1786405786587882500,4272857911
1786405787607727500,4273879664
1786405788628176500,4274907714
1786405789647437500,4275920908
1786405790657471000,4276937610
1786405791737367500,4278008163
1786405792761952000,4279027960
1786405793787769000,4280059415
1786405794822595500,4281087451
1786405795877579000,4282147861
1786405796892641500,4283157966
1786405797897606000,4284168130
1786405798972698000,4285247837
1786405799952143000,4286237421
1786405800957398500,4287228728
1786405801977463000,4288247764
1786405803002052000,4289277909
1786405804022589000,4290288294
1786405805053038500,4291318355
1786405806119094000,4292388308
1786405807139908500,4293407683
1786405808162818000,4294437676
1786405809177790000,4295457848
1786405810159129500,4296428588
1786405811168430000,4297438167
1786405812197697500,4298458002
1786405813257738000,4299537606
1786405814277943000,4300547857
1786405815236627500,4301508398
1786405816237783500,4302508183
1786405817258928000,4303528574
1786405818293051500,4304568255
1786405819312169500,4305578349
1786405820392589500,4306658163
1786405821407190000,4307677865
1786405822407264000,4308678155
1786405823412131000,4309688128
1786405824447380500,4310719322
1786405825492339000,4311774455
1786405826532548500,4312808080
1786405827612128000,4313878105
1786405828648372500,4314918047
1786405829662723500,4315938247
1786405830677981000,4316948339
1786405831707957500,4317978415
1786405832742564000,4319008045
1786405833767443000,4320038019
1786405834792424500,4321068202
1786405835817653000,4322097941
1786405836807768000,4323087811
1786405837802545500,4324068006
1786405838822208500,4325087897
1786405839843185000,4326118506
1786405840852383500,4327127888
1786405841912590500,4328178197
1786405842928881500,4329197585
1786405843957656000,4330228250
1786405844977585500,4331248070
1786405845991825500,4332258182
1786405847007363000,4333287751
1786405848007462500,4334290872
1786405849067637500,4335338101
1786405850102461000,4336368040
1786405851137541000,4337408018
1786405852167148000,4338448019
1786405853196362500,4339467641
1786405854217065000,4340467885
1786405855235601000,4341508011
1786405856252163500,4342527358
1786405857247163500,4343528212
1786405858233191500,4344517627
1786405859237638000,4345497805
1786405860242492000,4346517997
1786405861262608500,4347528018
1786405862278169500,4348547827
1786405863354182000,4349627571
1786405864377642500,4350647261
1786405865387990000,4351667914
1786405866392245500,4352668021
1786405867402412000,4353678439
1786405868423793500,4354688205
1786405869452813500,4355727807
1786405870527804000,4356797995
1786405871546902500,4357817677
1786405872534069000,4358807548
1786405873538357000,4359807794
1786405874547275000,4360827706
1786405875547035000,4361817805
1786405876547149000,4362817561
1786405877602436000,4363868139
1786405878604721500,4364877792
1786405879617532000,4365887916
1786405880627349000,4366907679
1786405881662726500,4367927605
1786405882707742000,4368977549
1786405883722890500,4369997929
1786405884762410000,4371037426
1786405885758992000,4372027592
1786405886777545500,4373047493
1786405887797184000,4374057374
1786405888809155000,4375077977
1786405889837137000,4376117635
1786405890822565000,4377088071
1786405891888284500,4378147659
1786405892928151500,4379197719
1786405893939101000,4380207773
1786405894983248000,4381238033
1786405896012426500,4382277568
1786405897002678000,4383268074
1786405898017276500,4384298081
1786405899062743000,4385337764
1786405900078832000,4386348464
1786405901102500000,4387377573
1786405902124131000,4388387880
1786405903127528000,4389407007
1786405904143500000,4390417412
1786405905178898500,4391447650
1786405906229397000,4392488047
1786405907262906000,4393548686
1786405908302403000,4394577211
1786405909319484000,4395587671
1786405910322354000,4396597312
1786405911312015500,4397597436
1786405912317008000,4398588089
1786405913382918000,4399647531
1786405914411181000,4400677770
1786405915412082500,4401687700
1786405916416893000,4402687876
1786405917433779500,4403698390
1786405918457462500,4404737478
1786405919491769000,4405758398
1786405920562731500,4406828287
1786405921582282000,4407847924
1786405922615904000,4408878911
1786405923642456500,4409907965
1786405924688245500,4410958223
1786405925727775000,4411997376
1786405926752286500,4413027736
1786405927747113500,4414017514
1786405928757885500,4415028570
1786405929793175500,4416057749
1786405930812630500,4417097599
1786405931807407500,4418077653
1786405932812173500,4419077822
1786405933801981500,4420067397
1786405934877342500,4421158011
1786405935892001000,4422157601
1786405936896926500,4423168560
1786405937932591500,4424207760
1786405938932113500,4425197850
1786405939929334000,4426198077
1786405940951931500,4427217253
1786405942012108500,4428287330
1786405942997161000,4429277666
1786405943992503500,4430267593
1786405945052152500,4431317456
1786405946057302000,4432327520
1786405947077657500,4433347606
1786405948103433500,4434377689
1786405949172253000,4435447892
1786405950177309000,4436450501
1786405951192959000,4437457690
1786405952207718000,4438478447
1786405953212593500,4439477603
1786405954228013500,4440497350
1786405955256921000,4441527327
1786405956337812000,4442607762
1786405957357488500,4443639887
1786405958352555500,4444628196
1786405959367504500,4445647792
1786405960392589000,4446657657
1786405961417811500,4447697516
1786405962447968000,4448718771
1786405963462421000,4449737655
1786405964467057500,4450737146
1786405965487941000,4451757460
1786405966512856500,4452787284
1786405967509084000,4453781430
1786405968532312500,4454807650
1786405969553369500,4455827432
1786405970584258500,4456858011
1786405971607944000,4457877563
1786405972617335000,4458887632
1786405973621865000,4459897529
1786405974642231500,4460917166
1786405975627534500,4461898033
1786405976642659000,4462917482
1786405977717666000,4463987084
1786405978734431000,4464997640
1786405979762500500,4466027947
1786405980757586000,4467027584
1786405981793027500,4468057905
1786405982817114000,4469087396
1786405983817366000,4470097404
1786405984847364000,4471127523
1786405985852042000,4472118383
1786405986862307500,4473137044
1786405987872193000,4474147421
1786405988883401000,4475157266
1786405989907330000,4476178394
1786405990922244500,4477177832
1786405992015858000,4478286322
1786405993038617500,4479309157
1786405994073916000,4480348361
1786405995102898500,4481377430
1786405996128375000,4482397142
1786405997158376000,4483428839
1786405998187763000,4484457988
1786405999228917500,4485498616
1786406000257868000,4486528483
1786406001294532000,4487557241
1786406002292175500,4488558559
1786406003332596000,4489607453
1786406004337280000,4490597672
1786406005337498000,4491617436
1786406006376900000,4492638465
1786406007392431500,4493667079
1786406008392274000,4494667356
1786406009392758500,4495667549
1786406010413012500,4496687906
1786406011427639000,4497696870
1786406012432637000,4498707666
1786406013471975000,4499747151
1786406014498048000,4500767490
1786406015512406000,4501767576
1786406016532668500,4502807748
1786406017557093500,4503827314
1786406018567389500,4504847459
1786406019567122000,4505847379
1786406020601944000,4506887136
1786406021597064000,4507857627
1786406022623604000,4508888046
1786406023663189500,4509927365
1786406024692863500,4510957842
1786406025717577500,4511987005
1786406026732716500,4512998501
1786406027767651500,4514038126
1786406028767621000,4515047262
1786406029777891000,4516047996
1786406030798245000,4517079621
1786406031817675000,4518088066
1786406032848301000,4519118059
1786406033903642000,4520168207
1786406034963129000,4521237124
1786406035967622500,4522237454
1786406036983054500,4523247929
1786406038022499500,4524297344
1786406039062263500,4525327815
1786406040078078000,4526347623
1786406041117684000,4527397109
1786406042147740000,4528421673
1786406043213115500,4529459442
1786406044282507500,4530547878
1786406045329264500,4531598809
1786406046369074000,4532637293
1786406047397784000,4533668132
1786406048428254000,4534687738
1786406049499222000,4535784634
1786406050591008000,4536816896
1786406051692763500,4537958427
1786406052728006000,4539007293
1786406053833244500,4540098317
1786406054877670000,4541157520
1786406055922243000,4542157032
1786406056978269000,4543246969
1786406057992363000,4544267156
1786406058987826500,4545257300
1786406060013441500,4546277012
1786406061053220000,4547327459
1786406062078121500,4548337237
1786406063158100500,4549447868
1786406064217321000,4550487457
1786406065232948500,4551507768
1786406066328156500,4552637261
1786406067397981000,4553657893
1786406068412322500,4554677353
1786406069448956000,4555717625
1786406070502506000,4556777487
1786406071497163000,4557767179
1786406072514246000,4558777285
1786406073542742000,4559807103
1786406074547636500,4560828069
1786406075542331500,4561809196
1786406076558306000,4562827067
1786406077616929000,4563896938
1786406078628305000,4564897514
1786406079618047500,4565896786
1786406080648887000,4566907150
1786406081653203000,4567917061
1786406082662547500,4568937219
1786406083677224500,4569947282
1786406084729511000,4570986172
1786406085817981000,4572088688
1786406086837620000,4573108436
1786406087868448000,4574137683
1786406088872696500,4575157119
1786406089878313000,4576147663
1786406090902599000,4577167924
1786406091952661500,4578217783
1786406092998655500,4579268093
1786406094033303500,4580297947
1786406095052149500,4581327034
1786406096038957500,4582307143
1786406097062754500,4583337238
1786406098204151500,4584426832
1786406099332729000,4585607127
1786406100347967000,4586617037
1786406101377832000,4587647475
1786406102408729500,4588678119
1786406103427112500,4589686847
1786406104467496500,4590727478
1786406105494560000,4591768391
1786406106602804500,4592806923
1786406107765814000,4594037084
1786406108804302000,4595067308
1786406109799993500,4596067515
1786406110827346500,4597100489
1786406111879598500,4598148109
1786406113039336000,4599287482
1786406114108468000,4600377099
1786406115137071000,4601407496
1786406116261733500,4602532747
1786406117318103500,4603587218
1786406118503877000,4604774683
1786406119528034000,4605797286
1786406120578065500,4606867041
1786406121643883500,4607906974
1786406122683210500,4608936760
1786406123848189500,4610117407
1786406124877832000,4611157678
1786406125872293500,4612147069
1786406126936777000,4613197755
1786406127967442000,4614246982
1786406128973498000,4615250883
1786406130002587500,4616267210
1786406131037300000,4617287372
1786406132082974000,4618347251
1786406133116806500,4619377622
1786406134152915500,4620427087
1786406135197714500,4621467513
1786406136228111500,4622497410
1786406137262351500,4623536812
1786406138283443000,4624557153
1786406139328328500,4625587607
1786406140347570500,4626617025
1786406141367804500,4627647365
1786406142409972000,4628676812
1786406143427127500,4629697004
1786406144438223000,4630707245
1786406145466933000,4631746682
1786406146462017500,4632726963
1786406147477325000,4633747821
1786406148507510000,4634777081
1786406149551851000,4635817132
1786406150562491500,4636827105
1786406151592563500,4637858089
1786406152660728000,4638917072
1786406153707764500,4639977064
1786406154797605500,4641077031
1786406155862666500,4642106744
1786406156917658000,4643187156
1786406157948634000,4644217098
1786406158977385500,4645247077
1786406160022577500,4646286935
1786406161057611000,4647326895
1786406162087552000,4648367032
1786406163137622500,4649377375
1786406164178345500,4650446980
1786406165247171500,4651517547
1786406166262101500,4652537050
1786406167292250500,4653557060
1786406168312527000,4654587293
1786406169312971000,4655576998
1786406170368853000,4656650703
1786406171397920500,4657656763
1786406172447659000,4658717039
1786406173467840500,4659737271
1786406174503571500,4660777105
1786406175537399000,4661807056
1786406176567494000,4662836848
1786406177667498000,4663936766
1786406178711655500,4664969105
1786406179808121500,4666087405
1786406180888452500,4667174706
1786406181967301000,4668227044
1786406182997299000,4669267262
1786406184029255000,4670296659
1786406185102963500,4671367101
1786406186132371500,4672396656
1786406187152655500,4673426935
1786406188157212000,4674427126
1786406189177193500,4675447524
1786406190202265500,4676471131
1786406191242544000,4677496838
1786406192854038000,4678781938
1786406195258672500,4681408011
1786406197238300000,4683418393
1786406198625361500,4684808448
1786406200079680000,4686375634
1786406201473765500,4687678616
1786406202847875000,4689068063
1786406204360005000,4690478070
1786406205942648500,4692228104
1786406207567130000,4693797906
1786406209269388500,4695537187
1786406210424895000,4696666755
1786406211539537000,4697788209
1786406212665736500,4698966731
1786406213783861500,4700088735
1786406215030381000,4701229369
1786406216403828500,4702708364
1786406217989935500,4704291539
1786406219342390500,4705578219
1786406220528818500,4706841350
1786406221692258500,4707957925
1786406222964904000,4709188266
1786406224129447500,4710379781
1786406225430044500,4711642423
1786406226647670500,4712916435
1786406227749902000,4714017051
1786406228837999500,4715099078
1786406229937617000,4716209225
1786406230957652500,4717226701
1786406231982776000,4718256854
1786406233017587500,4719287029
1786406234027303500,4720297708
1786406235107275000,4721377079
1786406236156636500,4722435105
1786406237167600500,4723436874
1786406238203248500,4724466824
1786406239247395500,4725517127
1786406240282032500,4726567030
1786406241312243000,4727577065
1786406242350999000,4728616987
1786406243394807000,4729646171
1786406244443648500,4730716810
1786406245453749000,4731726600
1786406246477256500,4732746858
1786406247502629000,4733766851
1786406248537567000,4734806548
1786406249567579500,4735837813
1786406250618509500,4736865627
1786406251653039000,4737926796
1786406252652651500,4738916708
1786406253677736000,4739946960
1786406254697443500,4740966911
1786406255718103000,4741986843
1786406256747494000,4743016590
1786406257816399000,4744105748
1786406258905016000,4745147015
1786406259997365500,4746288515
1786406261037028500,4747306688
1786406262077263500,4748346253
1786406263142765500,4749386786
1786406264173025500,4750446845
1786406265188452500,4751457107
1786406266213240000,4752477018
1786406267238161500,4753508980
1786406268277206500,4754546740
1786406269302472000,4755576921
1786406270378132500,4756616794
1786406271499374000,4757766806
1786406272528372500,4758796721
1786406273542459000,4759816772
1786406274577434500,4760847116
1786406275592950000,4761867326
1786406276616431000,4762886595
1786406277682662500,4763988082
1786406278737156000,4765006885
1786406279767482500,4766036854
1786406280798082500,4767056793
1786406281837379500,4768096888
1786406282872623500,4769146977
1786406283921158000,4770177036
1786406285218918000,4771446622
1786406286499950000,4772733935
1786406287747078000,4774036714
1786406288782520000,4775056768
1786406289828845500,4776097421
1786406290857250000,4777127008
1786406291904919500,4778210079
1786406292960539000,4779226751
1786406293987775000,4780256435
1786406294997160500,4781267229
1786406295992360500,4782266248
1786406297021722000,4783286707
1786406298042631500,4784306565
1786406299099670000,4785374183
1786406300152658000,4786418273
1786406301192896000,4787456580
1786406302218272000,4788486830
1786406303277581000,4789536732
1786406304403259500,4790638843
1786406305578292000,4791829506
1786406306854198500,4793046695
1786406308161203500,4794416791
1786406309297559000,4795571278
1786406310369386500,4796646442
1786406311422378500,4797697081
1786406312463744000,4798727255
1786406313548961000,4799818461
1786406314578033500,4800846889
1786406315638750500,4801896549
1786406316677218500,4802946709
1786406317708921500,4803967626
1786406318748162500,4805020650
1786406319768231000,4806037976
1786406320808577500,4807086684
1786406321853852500,4808117446
1786406323010780500,4809250593
1786406324137699000,4810407327
1786406325170584500,4811436995
1786406326207215500,4812476945
1786406327237640000,4813506920
1786406328342383000,4814616327
1786406329412246000,4815686653
1786406330427668500,4816696869
1786406331505012000,4817740108
1786406332577261500,4818846492
1786406333723038500,4819942830
1786406334877998000,4821177162
1786406335980632000,4822276595
1786406337161353000,4823398315
1786406338543544000,4824626700
1786406339782049500,4826046850
1786406340812886000,4827086855
1786406341838859000,4828106570
1786406342847058000,4829108962
1786406343862382000,4830126761
1786406344876993000,4831146535
1786406345902302500,4832176608
1786406347086928500,4833287088
1786406349288227500,4835578237
1786406350707327000,4836976397
1786406351727596500,4838007525
1786406352737059000,4839006646
1786406353773195000,4840047450
1786406354797766000,4841066764
1786406355822263500,4842096140
1786406356842140000,4843116408
1786406357857178500,4844126748
1786406358882138500,4845146460
1786406359901944500,4846176335
1786406360917359000,4847186500
1786406361937463000,4848210364
1786406362957063500,4849216454
1786406363987271000,4850256550
1786406365002377500,4851277159
1786406366042167500,4852306559
1786406367072137500,4853336598
1786406368081858500,4854356735
1786406369107262000,4855376068
1786406370147232500,4856426752
1786406371222290500,4857496837
1786406372252273000,4858526209
1786406373266857000,4859537078
1786406374313956500,4860566639
1786406375322091500,4861596335
1786406376312130500,4862585861
1786406377376134000,4863607374
1786406378427212500,4864686602
1786406379447025000,4865716634
1786406380457325500,4866716342
1786406381486825000,4867756777
1786406382526726500,4868786632
1786406383556621500,4869816327
1786406384602481500,4870846495
1786406385641881500,4871906238
1786406386657238500,4872936311
1786406387662372500,4873936301
1786406388688492500,4874956808
1786406389707789500,4875976853
1786406390722200000,4876995945
1786406391756914000,4878006581
1786406392817111000,4879086452
1786406393827836500,4880096864
1786406394837675500,4881116193
1786406395852031000,4882116869
1786406396857489000,4883126553
1786406397877060500,4884147002
1786406398931905000,4885166350
1786406400001587000,4886266175
1786406401062462000,4887326666
1786406402152050000,4888355136
1786406403408727500,4889557985
1786406405642374500,4891766579
1786406406827961000,4893096393
1786406407822047000,4894086147
1786406408847681500,4895116324
1786406409867395500,4896136221
1786406410917766000,4897166532
1786406412057278500,4898326652
1786406413068296000,4899337321
1786406414132315500,4900406839
1786406415178701500,4901446656
1786406416187182000,4902457556
1786406417222165500,4903487730
1786406418262471000,4904536377
1786406419282172500,4905556380
1786406420319223500,4906576632
1786406421357375500,4907629762
1786406422377838500,4908649182
1786406423392595500,4909656763
1786406424402826000,4910676108
1786406425422086000,4911676310
1786406426437071500,4912715927
1786406427475299500,4913736454
1786406428508647500,4914776621
1786406429521953500,4915796010
1786406430531820000,4916806280
1786406431557089500,4917826455
1786406432572315500,4918836636
1786406433597138000,4919866396
1786406434628032500,4920886128
1786406435672427000,4921936415
1786406436707133500,4922976279
1786406437761834000,4924065270
1786406438801612500,4925077770
1786406439806748500,4926076628
1786406440826995500,4927096301
1786406441882489000,4928116817
1786406442947191500,4929228018
1786406443977322000,4930247577
1786406445010205500,4931276677
1786406446038904500,4932308545
1786406447057293500,4933327288
1786406448087137500,4934356531
1786406449152461000,4935396493
1786406450212178000,4936477074
1786406451247413500,4937517925
1786406452276857000,4938546655
1786406453306850500,4939576370
1786406454337031000,4940606336
1786406455410852500,4941676303
1786406456462008000,4942756889
1786406457521750000,4943796205
1786406458572223500,4944846435
1786406459586858000,4945856573
1786406460617622000,4946892512
1786406461637243000,4947906761
1786406462661996000,4948926218
1786406463702773000,4949996261
1786406464721580500,4950995950
1786406465731822000,4952008541
1786406466752408000,4953016554
1786406467787104000,4954056157
1786406468851973500,4955116767
1786406470108680000,4956324427
1786406471490185500,4957730788
1786406472944927500,4959168513
1786406474387637500,4960596564
1786406475820274000,4962043372
1786406477235170500,4963417247
1786406478666071500,4964892959
1786406479986060000,4966219322
1786406481404245500,4967602209
1786406482862451000,4969043217
1786406484372068000,4970562939
1786406485777256500,4972013783
1786406487224575500,4973425212
1786406488640332500,4974851835
1786406489966200000,4976179409
1786406491395246000,4977620163
1786406492948150500,4979157255
1786406494136814500,4980406310
1786406495141947000,4981417130
1786406496152971500,4982416775
1786406497162212000,4983436070
1786406498181868500,4984465852
1786406499211687500,4985466052
1786406500331791500,4986606848
1786406501346569000,4987615886
1786406502356386500,4988616202
1786406503382226000,4989647295
1786406504402363500,4990676325
1786406505431716000,4991697012
1786406506530226500,4992806000
1786406507567590500,4993847317
1786406508588227500,4994856259
1786406509607034500,4995886398
1786406510614490500,4996876136
1786406511636724000,4997905763
1786406512637404500,4998916361
1786406513672400500,4999956234
1786406514695295000,5000966918
1786406515707398500,5001978469
1786406516737457500,5003006649
1786406517752278500,5004026103
1786406518776783500,5005046137
1786406519781836500,5006056405
1786406520822129000,5007106287
1786406521874221000,5008145901
1786406522912609500,5009198523
1786406523947260000,5010216128
1786406524956606500,5011225988
1786406525981529500,5012246889
1786406527017690500,5013288823
1786406528069318500,5014337979
1786406529087903500,5015359069
1786406530121870500,5016386264
1786406531142966500,5017406145
1786406532178122000,5018447092
1786406533217493500,5019486905
1786406534248170000,5020517058
1786406535307541000,5021579505
1786406536332285000,5022606781
1786406537374537500,5023645816
1786406538416406000,5024686121
1786406539462941500,5025736286
1786406540492948500,5026765722
1786406541501798500,5027775940
1786406542588058000,5028855711
1786406543601873000,5029875862
1786406544617697500,5030885995
1786406545657271000,5031927962
1786406546707542000,5032976115
1786406547716693500,5033977765
1786406548726595000,5034987396
1786406549831873500,5036096784
1786406550852214500,5037125417
1786406551881870000,5038155706
1786406552902420500,5039176257
1786406553932031500,5040196345
1786406554946494500,5041226588
1786406555987238500,5042256054
1786406557047630500,5043316217
1786406558066938500,5044346078
1786406559066538500,5045336130
1786406560077519000,5046346841
1786406561101638000,5047366012
1786406562147588000,5048416025
1786406563167064500,5049436001
1786406564186856500,5050455807
1786406565206251000,5051477313
1786406566201579000,5052475600
1786406567191815500,5053466885
1786406568222415000,5054495789
1786406569236946500,5055505831
1786406570266622000,5056535934
1786406571286334000,5057556181
1786406572302049000,5058556659
1786406573321690000,5059595806
1786406574326771500,5060595714
1786406575337320500,5061616143
1786406576346722500,5062606207
1786406577372687000,5063645709
1786406578407128500,5064676449
1786406579437206500,5065705533
1786406580466799500,5066737149
1786406581491988000,5067756134
1786406582496686500,5068755834
1786406583511731000,5069785908
1786406584507006000,5070785993
1786406585551615500,5071806134
1786406586592744000,5072856126
1786406587621979500,5073896236
1786406588686701000,5074956012
1786406589712442500,5075985730
1786406590721810000,5076995791
1786406591742598000,5078005407
1786406592777074000,5079046161
1786406593806502500,5080085996
1786406594837068500,5081105779
1786406595851432500,5082115585
1786406596867259000,5083135407
1786406597888178500,5084158433
1786406598892132000,5085185914
1786406599891926000,5086165505
1786406600922354000,5087195561
1786406601962005500,5088246134
1786406602987973500,5089255984
1786406604027377000,5090287045
1786406605057443500,5091327938
1786406606087552500,5092356667
1786406607112974000,5093386082
1786406608128141000,5094396844
1786406609166707000,5095436294
1786406610196837500,5096466693
1786406611222012000,5097485724
1786406612251714500,5098525437
1786406613271476000,5099545665
1786406614261704000,5100525680
1786406615276713500,5101555419
1786406616292929000,5102566257
1786406617327734000,5103585943
1786406618377216000,5104645851
1786406619396744500,5105665877
1786406620366751500,5106635957
1786406621387068500,5107656116
1786406622407308000,5108675944
1786406623437293500,5109705800
1786406624476893500,5110745455
1786406625497181500,5111766018
1786406626543149000,5112806032
1786406627576439500,5113846027
1786406628662726500,5114936018
1786406629698289000,5115967061
1786406630701461500,5116965430
1786406631716595500,5117995523
1786406632727302000,5118995953
1786406633717265500,5119985588
1786406634739738000,5121005843
1786406635807098500,5122075388
1786406636852785000,5123126185
1786406637881861000,5124145782
1786406638923169500,5125195518
1786406639951797000,5126215914
1786406640971893000,5127246318
1786406642026693500,5128266759
1786406643097876500,5129347031
1786406644158330500,5130426194
1786406645216946000,5131456256
1786406646271366000,5132545488
1786406647296994500,5133565884
1786406648328683500,5134597229
1786406649358204500,5135596033
1786406650417168500,5136686087
1786406651451834000,5137725692
1786406652446887500,5138706708
1786406653492926000,5139767100
1786406654523011000,5140786148
1786406655567602500,5141836318
1786406656622002000,5142925587
1786406657686332500,5143955643
1786406658706997500,5144975562
1786406659731557000,5146002432
1786406660772764500,5147035747
1786406661801698000,5148065340
1786406662806946000,5149076125
1786406663891994000,5150166114
1786406664930081000,5151195800
1786406665947700000,5152215671
1786406666976617000,5153246054
1786406668006709000,5154276940
1786406669037069500,5155305506
1786406670044142000,5156307212
1786406671121954500,5157385882
1786406672147330000,5158426534
1786406673172231500,5159436713
1786406674207570000,5160475942
1786406675239382500,5161505954
1786406676281980000,5162546520
1786406677322817000,5163596993
1786406678402080500,5164665780
1786406679431907000,5165695845
1786406680486544000,5166755919
1786406681506956000,5167776618
1786406682477240000,5168748801
1786406683506671500,5169776859
1786406684526554500,5170798285
1786406685596711500,5171875844
1786406686621255500,5172895912
1786406687631337000,5173895549
1786406688651528000,5174925789
1786406689692196500,5175958760
1786406690726868000,5176995420
1786406691756324500,5178025681
1786406692816560000,5179095320
1786406693816584000,5180085706
1786406694826784500,5181095366
1786406695846635500,5182115769
1786406696876774000,5183145499
1786406697906668500,5184176180
1786406698907156000,5185185159
1786406699981258500,5186256178
1786406700997050500,5187275584
1786406702007501000,5188264880
1786406703041922000,5189305026
1786406704076852500,5190345602
1786406705106101500,5191376920
1786406706167997500,5192438171
1786406707335196500,5193585592
1786406708446277500,5194737690
1786406709456510000,5195726711
1786406710462629500,5196725389
1786406711466569000,5197745635
1786406712486559500,5198765591
1786406713527570500,5199776421
1786406714577377000,5200845579
1786406715591494000,5201856175
1786406716592114000,5202865849
1786406717611744000,5203875988
1786406718656817000,5204925563
1786406719677189500,5205946442
1786406720711578000,5206965143
1786406721736379000,5208005203
1786406722761102000,5209025997
1786406723776263000,5210045506
1786406724796888000,5211066188
1786406725831924000,5212106244
1786406726872518000,5213145341
1786406727902762000,5214154801
1786406728953146500,5215215494
1786406729978930500,5216235951
1786406730991567500,5217265683
1786406732008725000,5218276380
1786406733036691000,5219305374
1786406734038197500,5220305646
1786406735076382500,5221325366
1786406736091522500,5222366022
1786406737093349500,5223366577
1786406738112430500,5224375674
1786406739137334000,5225405205
1786406740142163000,5226405251
1786406741146520000,5227415300
1786406742147213500,5228405629
1786406743157809500,5229425476
1786406744146160500,5230415443
1786406745141353500,5231415292
1786406746166951000,5232425120
1786406747206987000,5233476513
1786406748221536000,5234495589
1786406749276539000,5235515265
1786406750317795500,5236585628
1786406751321205500,5237585738
1786406752332556500,5238605408
1786406753341918000,5239605564
1786406754372559000,5240635634
1786406755386310500,5241655675
1786406756395535000,5242655677
1786406757442040500,5243707551
1786406758462503500,5244725778
1786406759491862500,5245755646
1786406760516608500,5246785495
1786406761541645500,5247815399
1786406762556737500,5248825358
1786406763607813500,5249856048
1786406764626257000,5250905065
1786406765637662000,5251905609
1786406766667117500,5252936173
1786406767707602500,5253976647
1786406768763243000,5255026415
1786406769798163000,5256066379
1786406770847722000,5257105899
1786406771897446000,5258166646
1786406772927492000,5259195867
1786406773947785500,5260216762
1786406774982130000,5261245447
1786406776017877500,5262286073
1786406777082787500,5263345887
1786406778142515500,5264434867
1786406779197463000,5265467147
1786406780216724000,5266485792
1786406781272016000,5267546181
1786406782320019500,5268565816
1786406783371871000,5269635501
1786406784381763500,5270645454
1786406785406543000,5271688274
1786406786437162000,5272705212
1786406787471716500,5273735042
1786406788491808000,5274765181
1786406789507176000,5275775587
1786406790531723000,5276805310
1786406791536625500,5277815062
1786406792572563500,5278866184
1786406793625969000,5279885414
1786406794657109000,5280925627
1786406795681932500,5281955747
1786406796711559500,5282990109
1786406797748044500,5284015122
1786406798772364500,5285046804
1786406799821432500,5286086064
1786406800846421500,5287116255
1786406801898299500,5288165941
1786406802932091000,5289194939
1786406803966595000,5290235248
1786406804991707000,5291256273
1786406806016182500,5292286138
1786406807077225000,5293344863
1786406808085703500,5294345648
1786406809102134500,5295375021
1786406810111785000,5296375945
1786406811158040500,5297425241
1786406812181572500,5298455415
1786406813211985000,5299485134
1786406814281638500,5300545467
1786406815306702000,5301576078
1786406816331746500,5302605391
1786406817333673500,5303605141
1786406818317151000,5304595158
1786406819321544500,5305595204
1786406820351874000,5306625127
1786406821441699000,5307715742
1786406822456945000,5308725719
1786406823477727500,5309745116
1786406824506783500,5310775471
1786406825515909000,5311785299
1786406826517441500,5312785339
1786406827532759000,5313806701
1786406828602491000,5314865784
1786406829613526000,5315875243
1786406830637542500,5316915099
1786406831658063000,5317925184
1786406832682440500,5318946788
1786406833736723000,5320005321
1786406834736426000,5321005033
1786406835757858000,5322015575
1786406836778168000,5323036690
1786406837796935500,5324065609
1786406838796970500,5325075740
1786406839823311500,5326085107
1786406840874254000,5327136163
1786406841926739000,5328185661
1786406842977911500,5329245148
1786406844047099000,5330305420
1786406845111287500,5331385244
1786406846131546000,5332395034
1786406847136760500,5333404949
1786406848158068500,5334425647
1786406849191683500,5335455296
1786406850216717500,5336495052
1786406851246588000,5337515837
1786406852247203500,5338514711
1786406853266621500,5339526132
1786406854282090500,5340555167
1786406855271217500,5341545369
1786406856256179000,5342525840
1786406857269285000,5343535304
1786406858292781500,5344569471
1786406859316716500,5345576442
1786406860345195000,5346605430
1786406861358334500,5347624891
1786406862383189000,5348655306
1786406863408040000,5349664988
1786406864436701500,5350705321
1786406865441477000,5351715187
1786406866446213000,5352714983
1786406867456464500,5353725171
1786406868482981500,5354736453
1786406869567126500,5355795348
1786406870651549000,5356925061
1786406871667699000,5357934756
1786406872707207500,5358975798
1786406873746589500,5360015628
1786406874777233500,5361045162
1786406875807046000,5362074401
1786406876821816000,5363094786
1786406877831713000,5364105647
1786406878901237000,5365165740
1786406879906480000,5366175173
1786406880927405500,5367195203
1786406881953030000,5368224163
1786406882962129000,5369225458
1786406883990588000,5370255064
1786406885006491000,5371284964
1786406886036938000,5372306754
1786406887035514000,5373285326
1786406888077271000,5374355482
1786406889136755500,5375405047
1786406890182514000,5376435686
1786406891237098000,5377505466
1786406892301743500,5378545323
1786406893357079500,5379644629
1786406894376696500,5380654519
1786406895401835500,5381665430
1786406896427608500,5382694358
1786406897456635000,5383725194
1786406898482341500,5384744902
1786406899553669000,5385805321
1786406900598744000,5386865610
1786406901626744500,5387895250
1786406902657350500,5388925231
1786406903696719000,5389968339
1786406904737941500,5391005216
1786406905810705000,5392088483
1786406906961960000,5393276202
1786406908071706500,5394335021
1786406909081490500,5395346203
1786406910106735000,5396376022
1786406911137077500,5397407776
1786406912172110000,5398444931
1786406913201382000,5399476349
1786406914235911000,5400515530
1786406915256744000,5401525076
1786406916277564500,5402545784
1786406917302122000,5403576030
1786406918306376500,5404565471
1786406919392020500,5405685516
1786406920421612000,5406695068
1786406921471183000,5407744747
1786406922497256000,5408755962
1786406923546350500,5409814948
1786406924561891500,5410835122
1786406925581427500,5411835130
1786406926587967500,5412854781
1786406927621661500,5413904877
1786406928716813500,5414985242
1786406929766735500,5416035976
1786406930792594500,5417065333
1786406931895158500,5418135132
1786406933107775000,5419398279
1786406934181897000,5420455203
1786406935226483000,5421484736
1786406936246678500,5422514908
1786406937261260000,5423525107
1786406938281727500,5424544729
1786406939311367000,5425576903
1786406940341201500,5426615346
1786406941356380500,5427625757
1786406942376389500,5428634955
1786406943457664500,5429714898
1786406944486659000,5430754542
1786406945506699500,5431774830
1786406946527113000,5432795369
1786406947556578000,5433825157
1786406948576579000,5434834945
1786406949651729000,5435894917
1786406950706519500,5436964442
1786406951716897000,5437985034
1786406952736991500,5439015058
1786406953751989500,5440005918
1786406954767330500,5441044620
1786406955797361000,5442065865
1786406956822129000,5443077090
1786406957857272000,5444124999
1786406958866979000,5445135391
1786406959872302500,5446147177
1786406960857446000,5447134914
1786406961857520500,5448134789
1786406962862060000,5449125289
1786406963897362500,5450144790
1786406964898337000,5451174991
1786406965909479000,5452175052
1786406966914235500,5453186846
1786406967933109500,5454212572
1786406968954024000,5455214117
1786406969968038000,5456244511
1786406971015748500,5457254798
1786406972063231000,5458335031
1786406973084185000,5459345410
1786406974118609000,5460384823
1786406975148350500,5461405328
1786406976178171000,5462445012
1786406977193390000,5463464618
1786406978212511500,5464464570
1786406979248230500,5465514805
1786406980281460500,5466545656
1786406981319410000,5467584778
1786406982348522500,5468615003
1786406983389568000,5469654413
1786406984423669500,5470694561
1786406985473290500,5471704792
1786406986533253500,5472804956
1786406987553390500,5473814773
1786406988563751500,5474844957
1786406989568424000,5475844414
1786406990567811500,5476844438
1786406991553303500,5477814737
1786406992628748000,5478854678
1786406993698618500,5479964315
1786406994723440000,5480984766
1786406995753177500,5482025615
1786406996773070000,5483034396
1786406997877041500,5484064620
1786406999018542500,5485284665
1786407000068563000,5486335599
1786407001114719500,5487364915
1786407002168830000,5488436006
1786407003199281000,5489464947
1786407004215516000,5490485677
1786407005273383500,5491544905
1786407006313334500,5492574771
1786407007368392000,5493634793
1786407008419374500,5494663331
1786407009581335000,5495800751
1786407010703846000,5496984761
1786407011728286500,5498004535
1786407012748211000,5499014427
1786407013782321000,5500024606
1786407014828531000,5501094615
1786407015843574000,5502115059
1786407016904822000,5503166038
1786407017933334500,5504194708
1786407018998604000,5505244448
1786407020054109500,5506324639
1786407021323519500,5507615347
1786407022563571000,5508834782
1786407023568373500,5509837700
1786407024548548000,5510814415
1786407025538311500,5511814181
1786407026548052500,5512814516
1786407027553360000,5513814381
1786407028630409000,5514913621
1786407029618757500,5515884805
1786407030638519000,5516905159
1786407031644570500,5517914184
1786407032643348000,5518914402
1786407033674238500,5519934611
1786407034794867500,5521078320
1786407035883396500,5522144691
1786407036888037500,5523144323
1786407037878827500,5524144971
1786407038928465500,5525184531
1786407039968027000,5526234559
1786407040993252000,5527248115
1786407042030614000,5528294437
1786407043108426500,5529384647
1786407044138075000,5530394296
1786407045173299000,5531434809
1786407046178610500,5532454456
1786407047284176500,5533553964
1786407048313587500,5534574487
1786407049333044500,5535604757
1786407050333184000,5536604864
1786407051353288500,5537614431
1786407052378357500,5538644618
1786407053373513000,5539635083
1786407054388685500,5540664371
1786407055383459500,5541654156
1786407056388627500,5542654099
1786407057448383000,5543724370
1786407058495411500,5544754918
1786407059518662000,5545794493
1786407060508349500,5546784311
1786407061514865000,5547784373
1786407062523352000,5548794282
1786407063528495500,5549804241
1786407064573085000,5550844617
1786407065563472000,5551814248
1786407066588437000,5552854553
1786407067617625000,5553884288
1786407068698540000,5554935025
1786407069738839000,5556004960
1786407070763248500,5557034471
1786407071773061500,5558044061
1786407072798040500,5559054170
1786407073788657000,5560064198
1786407074783307500,5561044848
1786407075799326500,5562067310
1786407076814991000,5563087644
1786407077828156500,5564094352
1786407078873997000,5565137904
1786407080041560000,5566298244
1786407081184320500,5567444713
1786407082228228000,5568494814
1786407083241822500,5569514227
1786407084395885000,5570614318
1786407085498359000,5571746044
1786407086538549000,5572814944
1786407087558431500,5573824385
1786407088588345000,5574844709
1786407089628512000,5575894573
1786407090653747000,5576924565
1786407091808457000,5578035068
1786407093098870500,5579344595
1786407094284046000,5580544669
1786407095318650500,5581584224
1786407096339144500,5582604474
1786407097368794000,5583634685
1786407098383836000,5584658251
1786407099393622000,5585664350
1786407100403123000,5586664452
1786407101398528500,5587666919
1786407102403970000,5588674021
1786407103393865500,5589664399
1786407104408592000,5590674510
1786407105448322000,5591714097
1786407106458657500,5592724468
1786407107553141500,5593819933
1786407108573313500,5594835330
1786407109583138500,5595856179
1786407110588176000,5596854146
1786407111603314500,5597874701
1786407112603607500,5598877345
1786407113613326000,5599884777
1786407114683498000,5600954781
1786407115713365000,5601974451
1786407116718134000,5602984358
1786407117723308000,5603994109
1786407118754710500,5605025169
1786407119783625500,5606054837
1786407120887753000,5607154334
1786407121913430000,5608174417
1786407122923609500,5609194255
1786407123929513500,5610205158
1786407124923709000,5611194352
1786407125938628500,5612204695
1786407127082254000,5613354437
1786407128202991000,5614434481
1786407129243349500,5615515819
1786407130238392500,5616504803
1786407131243436000,5617505046
1786407132269326000,5618534298
1786407133298538500,5619554323
1786407134339118500,5620604770
1786407135366085000,5621614325
1786407136399874000,5622673905
1786407137408569000,5623664080
1786407138428179500,5624694853
1786407139662326500,5625829898
1786407140799247000,5627064594
1786407141833596000,5628094394
1786407142883514000,5629174484
1786407143938623000,5630215976
1786407144976103500,5631214508
1786407146019159000,5632283131
1786407147023658500,5633294311
1786407148013528000,5634284424
1786407149023448500,5635293843
1786407150068360500,5636343960
1786407151113924500,5637374597
1786407152148443000,5638413972
1786407153173044500,5639434739
1786407154174960000,5640434577
1786407155198816500,5641464458
1786407156253575500,5642514574
1786407157337652500,5643604641
1786407158353557000,5644628546
1786407159384590000,5645644425
1786407160413695000,5646683989
1786407161438680000,5647705779
1786407162478358500,5648744708
1786407163513811000,5649774270
1786407164569580000,5650834000
1786407165594428000,5651854160
1786407166618940000,5652884619
1786407167643456000,5653913725
1786407168673631000,5654934477
1786407169694466000,5655964110
1786407170733552000,5656994205
1786407171789640500,5658055366
1786407172834382500,5659084653
1786407173972390000,5660206794
1786407175024526000,5661293998
1786407176053435000,5662315345
1786407177088638000,5663354222
1786407178108930000,5664374558
1786407179168606000,5665424305
1786407180190274500,5666464250
1786407181269987500,5667464495
1786407182399372500,5668664466
1786407183483883500,5669744040
1786407184553369500,5670813725
1786407185578653500,5671833834
1786407186623679500,5672885238
1786407187683772500,5673954351
1786407188698346500,5674963921
1786407189708813000,5675974196
1786407190703367500,5676984274
1786407191733667500,5677994194
1786407192803449000,5679044805
1786407193858887500,5680134442
1786407194883808000,5681154145
1786407195948728000,5682253642
1786407197023732500,5683284374
1786407198074148000,5684344585
1786407199116933000,5685384162
1786407200303317500,5686594025
1786407201358430000,5687624577
1786407202403734500,5688674288
1786407203438863000,5689704775
1786407204474330000,5690735580
1786407205569219500,5691849997
1786407206628456500,5692894202
1786407207695035000,5693944574
1786407208853784000,5695113961
1786407209884075500,5696153926
1786407210933010500,5697194335
1786407212063717000,5698324526
1786407213159888500,5699414982
1786407214239603000,5700474285
1786407215308368500,5701564612
1786407216349370000,5702614239
1786407217368906500,5703634532
1786407218389394000,5704654775
1786407219398913500,5705664618
1786407220431367000,5706683819
1786407221508354500,5707793679
1786407222543541000,5708815346
1786407223586342500,5709854026
1786407224630875500,5710895517
1786407225644098500,5711914112
1786407226679041500,5712954691
1786407227709101500,5713974068
1786407228868512000,5715173680
1786407229913682500,5716183677
1786407230948732000,5717213893
1786407231973769500,5718234050
1786407232988247500,5719254075
1786407233988792500,5720254251
1786407234988645500,5721255099
1786407236058378500,5722314151
1786407237073735000,5723343993
1786407238093579500,5724364264
1786407239113422500,5725373895
1786407240103566500,5726373853
1786407241103828500,5727364120
1786407242296887500,5728595311
1786407243378859000,5729634330
1786407244419196500,5730684293
1786407245445322000,5731703823
1786407246459599000,5732724284
1786407247459781000,5733723831
1786407248485711000,5734754164
1786407249523907500,5735784399
1786407250709461500,5736945248
1786407251813806000,5738084007
1786407252853728000,5739117370
1786407253888388000,5740158205
1786407254918517500,5741183724
1786407255943431500,5742214040
1786407256954394500,5743204084
1786407257978891500,5744244115
1786407258993451000,5745264214
1786407260029097500,5746294136
1786407261058447500,5747334249
1786407262088948000,5748354028
1786407263119043000,5749383910
1786407264168705500,5750414043
1786407265218936000,5751484121
1786407266303629000,5752513822
1786407267389057000,5753654025
1786407268424029000,5754700840
1786407269448843500,5755723323
1786407270458810000,5756733639
1786407271489164000,5757744058
1786407272518810000,5758784361
1786407273543761000,5759814230
1786407274656449000,5760934162
1786407275719154000,5761984098
1786407276743368500,5763007306
1786407277808350000,5764093595
1786407278883059500,5765144565
1786407279893724000,5766163661
1786407280918925500,5767184433
1786407281958471500,5768224007
1786407282989929500,5769254764
1786407284019936500,5770284294
1786407285044582000,5771304701
1786407286166044000,5772384524
1786407287289050000,5773554281
1786407288319301000,5774583661
1786407289344230500,5775615106
1786407290348100500,5776623494
1786407291359269500,5777624370
1786407292393745500,5778663700
1786407293478768000,5779744187
1786407294515952000,5780774108
1786407295533491000,5781808604
1786407296513819500,5782786725
1786407297520353000,5783783948
1786407298558699000,5784824213
1786407299589382500,5785853815
1786407300619197000,5786893718
1786407301638855000,5787913835
1786407302658392500,5788924134
1786407303694490000,5789964278
1786407304720172000,5790984656
1786407305739654000,5792013763
1786407306773643500,5793034085
1786407307844190500,5794103804
1786407308883422500,5795134938
1786407309903997000,5796173912
1786407310903949500,5797173731
1786407311918936000,5798183898
1786407312973563000,5799223961
1786407314068556500,5800333803
1786407315128107500,5801392974
1786407316138523500,5802413827
1786407317150061000,5803414704
1786407318179164000,5804445632
1786407319203323500,5805464036
1786407320213485000,5806473989
1786407321276646000,5807503770
1786407322339076000,5808603914
1786407323369123000,5809633457
1786407324373690000,5810643725
1786407325383724000,5811653999
1786407326388634000,5812653924
1786407327424096500,5813678676
1786407328636146500,5814900748
1786407329714082000,5815974908
1786407330730140000,5817003766
1786407331752017500,5818019302
1786407332770051000,5819034003
1786407333778677000,5820054093
1786407334794601500,5821063242
1786407335836002000,5822083814
1786407336864032000,5823124593
1786407337886092500,5824143402
1786407338908637500,5825183824
1786407339939418000,5826203495
1786407340954383500,5827214240
1786407341994223000,5828264206
1786407343059773500,5829349459
1786407344118998000,5830384337
1786407345168610000,5831434445
1786407346183972500,5832443864
1786407347214296000,5833474127
1786407348244567000,5834504054
1786407349278960000,5835553436
1786407350343736500,5836573623
1786407351419020000,5837683583
1786407352448483000,5838713682
1786407353469239000,5839734755
1786407354503451000,5840773555
1786407355523207000,5841784150
1786407356533621000,5842803276
1786407357558472500,5843824110
1786407358563819500,5844833908
1786407359568665500,5845843888
1786407360603740000,5846863401
1786407361614284000,5847884588
1786407362629078500,5848893025
1786407363643992000,5849913581
1786407364712538000,5850973914
1786407365739222500,5852005243
1786407366753739500,5853013840
1786407367783638500,5854053547
1786407368793766000,5855063912
1786407369834846000,5856079185
1786407370891383500,5857163808
1786407371990452500,5858233669
1786407373044045000,5859313401
1786407374073895000,5860333702
1786407375103801500,5861373205
1786407376129549000,5862384136
1786407377138580500,5863403646
1786407378231841000,5864523396
1786407379303556500,5865563598
1786407380328425500,5866583547
1786407381353898500,5867615359
1786407382373558500,5868623502
1786407383393490000,5869657555
1786407384428823500,5870703923
1786407385434133500,5871703648
1786407386453662000,5872723531
1786407387478613000,5873743419
1786407388539132500,5874803948
1786407389568885000,5875833654
1786407390589133000,5876854440
1786407391598670500,5877864052
1786407392629146000,5878893959
1786407393639723000,5879913395
1786407394643667000,5880913928
1786407395658792500,5881923392
1786407396693907000,5882963921
1786407397698912500,5883974687
1786407398734130000,5885003507
1786407399748835000,5886004095
1786407400778766500,5887043946
1786407401808710000,5888073627
1786407402849145500,5889113695
1786407403874173000,5890143249
1786407404898599000,5891172677
1786407405875077500,5892143208
1786407406864596000,5893133261
1786407407914988500,5894183701
1786407408933645500,5895213370
1786407409931113000,5896193521
1786407410943813000,5897203913
1786407411985270500,5898244503
1786407413009051500,5899274366
1786407414042928500,5900284124
1786407415165030000,5901393678
1786407416463885000,5902679944
1786407417564875500,5903824494
1786407418574627000,5904843714
1786407419593756500,5905863411
1786407420609459000,5906863433
1786407421668143000,5907883620
1786407422728900000,5908993874
1786407423748915500,5910003176
1786407424743575500,5911003654
1786407425738742500,5912003362
1786407426763965500,5913023782
1786407427764112000,5914023285
1786407428804557000,5915053565
1786407429838929000,5916103942
1786407430869051500,5917133657
1786407432004244000,5918223523
1786407433138501000,5919406030
1786407434163877500,5920413616
1786407435228688000,5921503513
1786407436298706500,5922563439
1786407437333624000,5923603326
1786407438363981000,5924623780
1786407439388986000,5925653967
1786407440418667000,5926684030
1786407441444450000,5927713513
1786407442473898500,5928734016
1786407443524043000,5929793517
1786407444559144000,5930823883
1786407445590080500,5931853077
1786407446603830000,5932873512
1786407447613991500,5933883496
1786407448624334000,5934893937
1786407449663824500,5935923730
1786407450784470000,5937043619
1786407451819064000,5938083465
1786407452864382000,5939133891
1786407453894194000,5940164277
1786407454903968500,5941183468
1786407455938883500,5942213223
1786407456943918500,5943213597
1786407457964056500,5944223168
1786407458993683000,5945253616
1786407460009286000,5946274018
1786407461033652000,5947303567
1786407462053776000,5948315192
1786407463068884000,5949343418
1786407464089460000,5950367479
1786407465098823500,5951373934
1786407466113321500,5952383378
1786407467128011000,5953393473
1786407468133244500,5954393375
1786407469153456000,5955413515
1786407470168350500,5956422805
1786407471188841000,5957453850
1786407472233407500,5958503312
1786407473232807500,5959493473
1786407474268864000,5960533366
1786407475298467500,5961563504
1786407476355733500,5962584898
1786407477428927000,5963693180
1786407478491345000,5964763471
1786407479608810500,5965883780
1786407480634915000,5966903418
1786407481633422000,5967893387
1786407482678569000,5968943653
1786407483678410000,5969943381
1786407484683675000,5970953831
1786407485737094500,5971973356
1786407486784018000,5973053600
1786407487819059500,5974083632
1786407488853939500,5975113198
1786407489879017500,5976143051
1786407490914849500,5977173631
1786407491933722000,5978202749
1786407492943514500,5979203375
1786407493958814000,5980243203
1786407494963731000,5981223319
1786407495988975500,5982253276
1786407497008913000,5983273562
1786407498049001500,5984313639
1786407499109061500,5985373439
1786407500136135500,5986393386
1786407501209935000,5987443580
1786407502273827000,5988533179
1786407503299417000,5989563671
1786407504318654500,5990583159
1786407505328655500,5991593626
1786407506319620500,5992583275
1786407507343917000,5993583269
1786407508369676000,5994633682
1786407509388653500,5995653394
1786407510418887000,5996673274
1786407511468767000,5997733515
1786407512508831000,5998783511
1786407513548635500,5999813245
1786407514650554000,6000886894
1786407515773904500,6002051768
1786407516819300000,6003083685
1786407517858021000,6004112584
1786407518869136000,6005133115
1786407519903732000,6006174132
1786407520933892000,6007213152
1786407522026939000,6008293634
1786407523043998500,6009304148
1786407524089241500,6010353562
1786407525089770500,6011383691
1786407526100044500,6012373302
1786407527126881000,6013385554
1786407528172907500,6014424330
1786407529252235500,6015493582
1786407530308844500,6016573290
1786407531324181000,6017603174
1786407532329323500,6018583164
1786407533348971500,6019613224
1786407534364121500,6020633245
1786407535385333500,6021643269
1786407536454228500,6022723714
1786407537473858000,6023743213
1786407538494374000,6024762875
1786407539514784000,6025773453
1786407540519099000,6026783651
1786407541529659000,6027803438
1786407542568854000,6028833309
1786407543629639000,6029893122
1786407544664365500,6030922973
1786407545743967500,6032003505
1786407546778679000,6033044778
1786407547809730000,6034073008
1786407548833489000,6035093491
1786407549818920000,6036093355
1786407550859331500,6037123467
1786407551898755000,6038163318
1786407552903652000,6039173301
1786407553922054000,6040173882
1786407554968823000,6041233386
1786407556029381000,6042293399
1786407557044293000,6043313075
1786407558069231500,6044333122
1786407559103742500,6045374482
1786407560134962500,6046403408
1786407561143878500,6047413595
1786407562159682000,6048415896
1786407563169126500,6049434774
1786407564178948000,6050455841
1786407565169108000,6051438249
1786407566190272000,6052453077
1786407567246366000,6053503458
1786407568288829000,6054552814
1786407569288846500,6055553110
1786407570308702500,6056573141
1786407571314048000,6057572719
1786407572314041500,6058574215
1786407573350768500,6059613018
1786407574374845500,6060643482
1786407575380381500,6061642899
1786407576376277500,6062652949
1786407577393661500,6063655134
1786407578408901500,6064664276
1786407579454111500,6065723168
1786407580473539000,6066733431
1786407581509113500,6067783323
1786407582544044000,6068802958
1786407583548544500,6069813143
1786407584544015000,6070813037
1786407585618823000,6071863205
1786407586694748000,6072952966
1786407587743735500,6074003167
1786407588758869500,6075023210
1786407589829178500,6076102929
1786407590848894000,6077102736
1786407591953373500,6078216798
1786407593017617500,6079253327
1786407594039019500,6080303938
1786407595048575000,6081303283
1786407596069111000,6082342739
1786407597111434000,6083373032
1786407598130934500,6084393030
1786407599129271000,6085392948
1786407600119682000,6086392321
1786407601159836500,6087423257
1786407602168804500,6088433458
1786407603170690000,6089433275
1786407604198894000,6090462837
1786407605224223500,6091483210
1786407606243585000,6092493076
1786407607253299500,6093513176
1786407608264048500,6094532508
1786407609283959500,6095542922
1786407610339151000,6096612797
1786407611344046000,6097614607
1786407612368933000,6098633077
1786407613415820000,6099682966
1786407614484083500,6100743611
1786407615493784500,6101764171
1786407616499879500,6102762837
1786407617519002000,6103783067
1786407618544181500,6104803340
1786407619589425000,6105853249
1786407620613786000,6106873600
1786407621669489500,6107903045
1786407622738904500,6109003344
1786407623753713500,6110015756
1786407624765298000,6111032987
1786407625789673500,6112062732
1786407626828735000,6113092792
1786407627864171000,6114132932
1786407628929174000,6115183496
1786407629973974000,6116243007
1786407630989089500,6117252958
1786407631988704500,6118242850
1786407632993665000,6119253178
1786407634009222000,6120273160
1786407635028564500,6121292979
1786407636069010500,6122302764
1786407637129231000,6123393226
1786407638143704000,6124412458
1786407639148830000,6125413022
1786407640168962000,6126433030
1786407641163499000,6127422864
1786407642179099000,6128442559
1786407643224011000,6129473109
1786407644274352000,6130533535
1786407645336360000,6131602031
1786407646379875500,6132643197
1786407647394233000,6133672917
1786407648398872500,6134653271
1786407649419305000,6135686252
1786407650469466500,6136713023
1786407651534773500,6137785623
1786407652579627500,6138833079
1786407653680409000,6139943072
1786407654706742500,6140972772
1786407655719025500,6141982844
1786407656739493000,6143015448
1786407657775468000,6144052587
1786407658809256000,6145072926
1786407659843215500,6146102914
1786407660878189500,6147127804
1786407661914029500,6148163349
1786407662969329500,6149223475
1786407664008821000,6150273038
1786407665078933000,6151342770
1786407666110534500,6152372842
1786407667154499000,6153424535
1786407668194431000,6154462408
1786407669219360500,6155483753
1786407670249428500,6156513120
1786407671269119000,6157532644
1786407672380912500,6158633521
1786407673413575000,6159683014
1786407674514513000,6160762694
1786407675640246000,6161883083
1786407676684409500,6162943090
1786407677718668500,6163983460
1786407678714106000,6164973394
1786407679814690000,6166063061
1786407680932545500,6167188711
1786407682069632500,6168332534
1786407683129429000,6169393012
1786407684179243000,6170433256
1786407685199033000,6171476641
1786407686228872000,6172473122
1786407687258945500,6173532773
1786407688259056500,6174523087
1786407689270166500,6175543489
1786407690279454000,6176543252
1786407691274050500,6177542658
1786407692279457000,6178542633
1786407693319469500,6179572752
1786407694369708500,6180642752
1786407695383984000,6181649459
1786407696419541000,6182683184
1786407697425451500,6183693660
1786407698434070000,6184692779
1786407699558767500,6185813298
1786407700665720500,6186952853
1786407701729315500,6187992758
1786407702764130500,6189023201
1786407703788812000,6190052274
1786407704799670000,6191063086
1786407705834298000,6192092993
1786407706879050000,6193132796
1786407707925165500,6194193063
1786407708954356000,6195222750
1786407709989278500,6196252632
1786407711029672500,6197292722
1786407712054133000,6198312867
1786407713083538000,6199342915
1786407714103940000,6200373899
1786407715209312000,6201473407
1786407716234485500,6202503355
1786407717249865500,6203522883
1786407718248862000,6204522644
1786407719274795000,6205523023
1786407720459209000,6206701883
1786407721691043500,6207924867
1786407722754299000,6209022804
1786407723770153000,6210032449
1786407724813956500,6211082389
1786407725824374000,6212092507
1786407726914214000,6213113330
1786407728029421000,6214303218
1786407729085041000,6215322858
1786407730133954500,6216393154
1786407731174101000,6217442542
1786407732214567000,6218472734
1786407733248781000,6219502478
1786407734264024500,6220532637
1786407735299576500,6221562110
1786407736353376000,6222633416
1786407737498958500,6223815903
1786407738559488000,6224822987
1786407739589261500,6225852817
1786407740604716500,6226872920
1786407741623845000,6227892596
1786407742649295000,6228912958
1786407743734401500,6229992532
1786407744764395500,6231033112
1786407745814328500,6232072598
1786407746909792000,6233125095
1786407748039891500,6234292018
1786407749069438500,6235332752
1786407750109130500,6236372725
1786407751143432000,6237402838
1786407752163773500,6238422928
1786407753243699500,6239537510
1786407754344353000,6240612472
1786407755388899000,6241652609
1786407756404156000,6242662445
1786407757435052000,6243692039
1786407758542370000,6244833390
1786407759620194000,6245882586
1786407760634003000,6246902482
1786407761634223000,6247892731
1786407762649527500,6248912181
1786407763684043500,6249942508
1786407764718692000,6250962422
1786407765754033000,6252012517
1786407766799160000,6253060542
1786407767853994000,6254112873
1786407768874084000,6255132577
1786407769909283500,6256172500
1786407770963884000,6257222434
1786407772009104000,6258252748
1786407773068989500,6259332743
1786407774099447000,6260362857
1786407775119312000,6261382457
1786407776129361500,6262402343
1786407777163966500,6263422239
1786407778239354000,6264502660
1786407779284566000,6265582630
1786407780344185000,6266602432
1786407781358999000,6267612787
1786407782394677500,6268662685
1786407783444473500,6269712520
1786407784469567500,6270722791
1786407785503987000,6271772589
1786407786576440500,6272842287
1786407787625394000,6273862442
1786407788689152500,6274943844
1786407789723893000,6275982681
1786407790734002500,6277002538
1786407791754027500,6278012718
1786407792774203500,6279043602
1786407793809107500,6280072453
1786407794834326500,6281092555
1786407795859269000,6282123242
1786407796869209000,6283132309
1786407797954211000,6284212324
1786407798993633000,6285262241
1786407800015896500,6286282421
1786407801078779000,6287342271
1786407802088756000,6288362594
1786407803109164000,6289372556
1786407804159866000,6290422374
1786407805179100000,6291442724
1786407806248708000,6292523646
1786407807245322500,6293512705
1786407808324881000,6294592405
1786407809354742000,6295622460
1786407810389570000,6296652571
1786407811414155000,6297672152
1786407812444262000,6298702278
1786407813478742000,6299742382
1786407814513417000,6300772283
1786407815580546500,6301852485
1786407816599678000,6302852420
1786407817624219500,6303886057
1786407818635861000,6304892784
1786407819644231500,6305912267
1786407820659101000,6306913434
1786407821832965500,6308032294
1786407822919102500,6309191489
1786407823954245500,6310232519
1786407824979055500,6311252283
1786407826009153500,6312272687
1786407827044290500,6313302679
1786407828090004000,6314352827
1786407829144739000,6315382610
1786407830200081000,6316462123
1786407831224445500,6317492572
1786407832264103500,6318522517
1786407833280005000,6319543597
1786407834288935000,6320552694
1786407835309266000,6321562879
1786407836363845500,6322602656
1786407837444303500,6323728985
1786407838489519500,6324752339
1786407839509715000,6325772691
1786407840549439000,6326812393
1786407841589355500,6327862728
1786407842614542000,6328882445
1786407843664377500,6329961926
1786407844734492000,6330992039
1786407845769083000,6332031897
1786407846759035000,6333012715
1786407847799815500,6334062335
1786407848833624500,6335092424
1786407849909473500,6336172109
1786407851042200000,6337274419
1786407852114568000,6338372123
1786407853192487500,6339482560
1786407854248869500,6340512428
1786407855273844500,6341532791
1786407856268813000,6342542203
1786407857279177500,6343532293
1786407858319144000,6344582169
1786407859344744000,6345612003
1786407860333746000,6346602492
1786407861378030000,6347612398
1786407862433881500,6348702450
1786407863444061000,6349712349
1786407864479122000,6350742752
1786407865578985500,6351842683
1786407866599602000,6352862440
1786407867614395000,6353882481
1786407868644399500,6354902446
1786407869674257000,6355942888
1786407870694344000,6356961818
1786407871729444000,6357982571
1786407872813742500,6359052616
1786407873996366000,6360271628
1786407875069666500,6361332413
1786407876189542500,6362436785
1786407877289633500,6363552400
1786407878349547500,6364612495
1786407879439915000,6365739736
1786407880510039000,6366772580
1786407881550441500,6367802465
1786407882594468000,6368852348
1786407883639181500,6369892292
1786407884675207000,6370932212
1786407885704957000,6371972340
1786407886769986000,6373032396
1786407887784331500,6374052553
1786407888825139500,6375092503
1786407889869177500,6376099604
1786407890890904000,6377152338
1786407891936242500,6378192638
1786407892969496500,6379232105
1786407894049484500,6380313316
1786407895080094500,6381342415
1786407896109546000,6382362410
1786407897154297500,6383412422
1786407898169386000,6384432538
1786407899194500000,6385462098
1786407900204508500,6386462346
1786407901365500500,6387633477
1786407902411475000,6388674627
1786407903569280500,6389832449
1786407904599389000,6390862581
1786407905630455000,6391892527
1786407906670051000,6392942347
1786407907719760500,6393972485
1786407908765852000,6395022446
1786407909999812000,6396266441
1786407911167664000,6397422328
1786407912204695500,6398462310
1786407913239318500,6399502438
1786407914274515500,6400532224
1786407915379551500,6401642999
1786407916410032500,6402672349
1786407917434596500,6403692753
1786407918469783000,6404732279
1786407919503291500,6405762665
1786407920539781000,6406792018
1786407921575451000,6407832638
1786407922647222500,6408911899
1786407924064747000,6410236929
1786407925857469500,6412211053
1786407926979142500,6413242057
1786407928024166000,6414294828
1786407929090202500,6415332283
1786407930212857500,6416472318
1786407931245316500,6417503149
1786407932289361500,6418552200
1786407933300015000,6419563114
1786407934329555500,6420592256
1786407935351343500,6421612820
1786407936384481000,6422634944
1786407937511606000,6423756360
1786407938759377500,6424966377
1786407939864357500,6426132017
1786407940888944000,6427161686
1786407942093066000,6428410796
1786407943148935000,6429421802
1786407944194921000,6430442068
1786407945231850000,6431491978
1786407946260170500,6432512417
1786407947306011500,6433562033
1786407948339674000,6434601970
1786407949368925000,6435631973
1786407950677053000,6436882605
1786407952166374000,6438387461
1786407953457416000,6439703135
1786407954770079500,6441013213
1786407956364065000,6442532709
1786407958272414500,6444534942
1786407960042039500,6446282246
1786407961809682000,6447929619
1786407963365748500,6449581609
1786407964940367000,6451215814
1786407966054567000,6452312596
1786407967079105000,6453342957
1786407968104357000,6454381813
1786407969128879000,6455381912
1786407970154157500,6456424139
1786407971159231000,6457431788
1786407972169283000,6458431626
1786407973184000000,6459461827
1786407974209971000,6460472923
1786407975208933000,6461472139
1786407976230441500,6462502157
1786407977253772500,6463521716
1786407978279307500,6464542462
1786407979305608000,6465542260
1786407980362589000,6466623643
1786407981389101000,6467651821
1786407982409759000,6468672242
1786407983439476000,6469702808
1786407984464246500,6470721969
1786407985499305500,6471762176
1786407986570468000,6472792755
1786407987654787000,6473922281
1786407988674867000,6474942710
1786407989709240500,6475962095
1786407990754271500,6477011862
1786407991764098000,6478023071
1786407992794431000,6479061975
1786407993844991500,6480127373
1786407994990437500,6481253215
1786407996005100500,6482261977
1786407997044074500,6483312108
1786407998054983500,6484321754
1786407999099024000,6485363771
1786408000149736500,6486412058
1786408001214198500,6487471658
1786408002224035500,6488491872
1786408003249288500,6489512280
1786408004289816000,6490551786
1786408005329420500,6491591835
1786408006359643000,6492621860
1786408007374320500,6493632358
1786408008434572000,6494691541
1786408009464716000,6495732021
1786408010483715500,6496751787
1786408011509493500,6497782088
1786408012554082000,6498823261
1786408013545492500,6499802066
1786408014574243500,6500831652
1786408015610211500,6501872069
1786408016635348000,6502891753
1786408017664428000,6503921928
1786408018684252500,6504952280
1786408019675388500,6505941763
1786408020739385500,6506999387
1786408021801365000,6508062006
1786408022977141500,6509232018
1786408024005010000,6510272984
1786408025004330000,6511271372
1786408026024554000,6512281605
1786408027050360000,6513311684
1786408028084979500,6514352132
1786408029114141000,6515382830
1786408030154342000,6516411433
1786408031185015000,6517452487
1786408032180096500,6518451578
1786408033179086500,6519452171
1786408034228693000,6520502277
1786408035249373500,6521511377
1786408036299437500,6522521852
1786408037358061000,6523612179
1786408038384657500,6524651579
1786408039411656000,6525681848
1786408040429000000,6526691761
1786408041480745500,6527726386
1786408042523814000,6528781898
1786408043544416500,6529781966
1786408044554139500,6530811735
1786408045564781000,6531832997
1786408046574055000,6532831918
1786408047631597000,6533923601
1786408048769863500,6534967735
1786408049950310500,6536212508
1786408051009045500,6537299227
1786408052081711000,6538341848
1786408053109716000,6539372514
1786408054124188000,6540391541
1786408055144700000,6541412102
1786408056169608000,6542432865
1786408057179526500,6543452372
1786408058267775500,6544521824
1786408059289530500,6545551669
1786408060319304000,6546582580
1786408061339750000,6547611196
1786408062368424000,6548631533
1786408063647710000,6549874634
1786408064775487500,6551032024
1786408065799544000,6552052171
1786408066829137500,6553092063
1786408067855078000,6554122111
1786408068859043500,6555130905
1786408069884151000,6556142846
1786408070929467500,6557181660
1786408071979339500,6558241751
1786408073062716500,6559321318
1786408074089885500,6560353265
1786408075273992000,6561531231
1786408076403810000,6562671226
1786408077414474500,6563682290
1786408078449508500,6564711946
1786408079514362000,6565751977
1786408080574673000,6566832017
1786408081584185000,6567841868
1786408082609634000,6568871685
1786408083649639000,6569911551
1786408084694719500,6570961527
1786408085892916000,6572175980
1786408086999204000,6573272175
1786408088051176500,6574301636
1786408089178970000,6575431785
1786408090252598000,6576441719
1786408091648987000,6577875465
1786408092840622000,6579101586
1786408094052600500,6580350847
1786408095377832500,6581549716
1786408096732566500,6582995513
1786408097819128000,6584081678
1786408098838040000,6585094710
1786408099989746000,6586281643
1786408101089703500,6587391529
1786408102184707000,6588451305
1786408103212548500,6589471797
1786408104244981000,6590502113
1786408105266444500,6591541831
1786408106284839000,6592553043
1786408107274545000,6593531565
1786408108343008000,6594601449
1786408109389843000,6595651410
1786408110429703500,6596691779
1786408111464404000,6597721649
1786408112504654000,6598761549
1786408113545047500,6599801931
1786408114585792500,6600844488
1786408115655144000,6601921369
1786408116694248000,6602951947
1786408117720357500,6603982007
1786408118729088000,6604991660
1786408119729717000,6605991598
1786408120744104000,6607011302
1786408121759741000,6608021891
1786408122810841000,6609071072
1786408123841204000,6610101717
1786408124874244000,6611131109
1786408125901210500,6612161983
1786408126930731500,6613194064
1786408127959610000,6614221574
1786408129004643000,6615264589
1786408130089513000,6616352639
1786408131110496500,6617371817
1786408132129601500,6618401808
1786408133154323000,6619421094
1786408134189220000,6620454581
1786408135215670000,6621471988
1786408136261813500,6622522509
1786408137304758000,6623567131
1786408138359433000,6624611729
1786408139395193500,6625671266
1786408140399486000,6626660973
1786408141440621000,6627701501
1786408142479309000,6628741515
1786408143555429500,6629780972
1786408144625250500,6630891576
1786408145662406000,6631922176
1786408146689426500,6632952021
1786408147712071000,6633971158
1786408149524624500,6635667872
1786408151417581000,6637669746
1786408152565207500,6638821522
1786408153579256500,6639851148
1786408154594451500,6640851340
1786408155619720500,6641871481
1786408156644907000,6642901386
1786408157694705000,6643953408
1786408158729726000,6644991860
1786408159750772500,6646011480
1786408160779157000,6647051543
1786408161829521000,6648081112
1786408162870439000,6649131813
1786408163924385000,6650191770
1786408164929724500,6651201631
1786408166034543500,6652301243
1786408167064511500,6653331477
1786408168069584000,6654332701
1786408169100451000,6655362315
1786408170115982000,6656361357
1786408171119656000,6657381558
1786408172114814500,6658371344
1786408173169804500,6659432453
1786408174199772500,6660471662
1786408175224081000,6661491335
1786408176239219000,6662501585
1786408177274766000,6663541089
1786408178319893000,6664581727
1786408179363419500,6665611122
1786408180400669000,6666661689
1786408181424548000,6667691943
1786408182440864500,6668711352
1786408183459099500,6669721900
1786408184504861000,6670761427
1786408185569564500,6671831927
1786408186624043000,6672852714
1786408187699304500,6673964984
1786408188714350000,6674971349
1786408189744482000,6676012062
1786408190769840000,6677031304
1786408191815378500,6678081142
1786408192865396500,6679121944
1786408193930658000,6680162888
1786408194995181000,6681252701
1786408196025219500,6682291049
1786408197040988000,6683304445
1786408198091871500,6684351983
1786408199120099500,6685381127
1786408200172965500,6686431335
1786408201211881000,6687482787
1786408202251048500,6688512928
1786408203292043500,6689552222
1786408204320933000,6690582677
1786408205349880000,6691611117
1786408206382922000,6692641264
1786408207410103500,6693671390
1786408208504681500,6694761613
1786408209540092500,6695801587
1786408210569942000,6696832277
1786408211599556000,6697861546
1786408212595649500,6698861095
1786408213604320000,6699871566
1786408214634612500,6700891212
1786408215729316500,6701982141
1786408216761131000,6703021211
1786408217784855500,6704042485
1786408218794139500,6705070807
1786408219799341000,6706062385
1786408220847269500,6707114779
1786408221889707500,6708145138
1786408222984125000,6709231318
1786408224030417000,6710291951
1786408225050174000,6711321385
1786408226069747500,6712331394
1786408227089497500,6713361287
1786408228104315500,6714371558
1786408229129638000,6715391487
1786408230190018500,6716451711
1786408231209778500,6717473173
1786408232235129000,6718501323
1786408233255165000,6719511222
1786408234289638500,6720551468
1786408235320143500,6721581585
1786408236341887500,6722601254
1786408237384381000,6723631443
1786408238414431000,6724670937
1786408239444832000,6725711368
1786408240439979000,6726701347
1786408241468602000,6727731642
1786408242495196500,6728752024
1786408243554657000,6729811599
1786408244604856500,6730871060
1786408245654834500,6731912418
1786408246655387000,6732921301
1786408247659557000,6733922802
1786408248684556000,6734951108
1786408249755320000,6735982491
1786408250842344000,6737071427
1786408251894598500,6738163938
1786408252969010000,6739231748
1786408253989803500,6740251193
1786408255019863000,6741280998
1786408256035609000,6742302185
1786408257084427500,6743340530
1786408258189647000,6744432333
1786408259269819000,6745531591
1786408260284548500,6746551352
1786408261310329000,6747581262
1786408262314936000,6748580736
1786408263309659500,6749581135
1786408264339781500,6750610955
1786408265406081000,6751646006
1786408266454493500,6752720795
1786408267469661500,6753721130
1786408268479406500,6754740947
1786408269499663000,6755761245
1786408270514686500,6756770815
1786408271519620000,6757771236
1786408272544685500,6758771200
1786408273570089000,6759840849
1786408274584681000,6760850732
1786408275614701000,6761871382
1786408276690177500,6762961857
1786408277714128000,6763971152
1786408278739590500,6765000882
1786408279779736500,6766054586
1786408280809681000,6767081073
1786408281839657500,6768101110
1786408282865294500,6769121171
1786408283900288000,6770161336
1786408284937802500,6771202060
1786408285960346500,6772222162
1786408287011007000,6773282282
1786408288040200000,6774301532
1786408289049291000,6775311216
1786408290417195000,6776587704
1786408292388098500,6778613276
1786408293930188000,6780171113
1786408295005049500,6781261060
1786408296034310500,6782291150
1786408297029195500,6783301029
1786408298040228000,6784301289
1786408299055506500,6785322907
1786408300079580500,6786340466
1786408301130241500,6787360908
1786408302179386000,6788441305
1786408303195278500,6789461169
1786408304194079500,6790471271
1786408305179744500,6791442879
1786408306195309000,6792451547
1786408307220467000,6793480603
1786408308270308000,6794510751
1786408309309597500,6795570945
1786408310334845000,6796591600
1786408311359478500,6797621673
1786408312354263500,6798620958
1786408313364733500,6799631011
1786408314390436500,6800651108
1786408315450202500,6801681088
1786408316764963500,6802837059
1786408318756481000,6804956981
1786408320341641000,6806601374
1786408321375156000,6807641253
1786408322430059000,6808661790
1786408323489562000,6809751022
1786408324530382000,6810790818
1786408325539795000,6811810747
1786408326569464500,6812830559
1786408327619689000,6813881022
1786408328642870000,6814891760
1786408329670040000,6815922686
1786408330720213500,6816981156
1786408331744974000,6818010900
1786408332770073500,6819030873
1786408333810225500,6820061268
1786408334834767500,6821090938
1786408335874807000,6822131001
1786408336934682500,6823171305
1786408337990042500,6824250821
1786408339009954500,6825261376
1786408340055184500,6826311707
1786408341075373000,6827340839
1786408342094626500,6828361145
1786408343160004500,6829431423
1786408344241350500,6830530760
1786408345299797500,6831561021
1786408346336811000,6832591874
1786408347370630000,6833630972
1786408348400931000,6834661322
1786408349430211500,6835693055
1786408350454602500,6836720908
1786408351530500000,6837790981
1786408352560560500,6838821128
1786408353595141000,6839851070
1786408354629912500,6840891005
1786408355660159000,6841921391
1786408356699855500,6842960890
1786408357714506000,6843970825
1786408358760048500,6845021850
1786408359784899500,6846040918
1786408360794409000,6847060739
1786408361799267000,6848060694
1786408362835256500,6849091690
1786408363880110500,6850141733
1786408364910113500,6851171142
1786408365962153500,6852221056
1786408366980454000,6853240826
1786408368000058000,6854260651
1786408369024938000,6855290848
1786408370081259500,6856350813
1786408371129374000,6857390829
1786408372139609000,6858400529
1786408373205310000,6859471200
1786408374254536000,6860511350
1786408375284987000,6861551142
1786408376304273500,6862561030
1786408377355067000,6863610783
1786408378390332500,6864640746
1786408379424498000,6865690446
1786408380530855500,6866781369
1786408381585951500,6867850850
1786408382602832000,6868861127
1786408383614870500,6869870766
1786408384636338500,6870900962
1786408385649982000,6871910863
1786408386700801000,6872940904
1786408387749689000,6874011129
1786408388759365000,6875011211
1786408389774677500,6876040692
1786408390795048000,6877062643
1786408391834595000,6878090733
1786408392874762500,6879141089
1786408393919755500,6880150415
1786408394979925500,6881250739
1786408396000308000,6882261864
1786408397021876500,6883280984
1786408398031223500,6884291908
1786408399054702000,6885320756
1786408400085409500,6886350273
1786408401134184000,6887360717
1786408402164630500,6888430665
1786408403200161500,6889470664
1786408404255776000,6890491637
1786408405825330000,6891891878
1786408407713073500,6893898741
1786408408900151000,6895160719
1786408409930871500,6896185572
1786408410955803000,6897210915
1786408411984604500,6898250294
1786408413004397000,6899281090
1786408414035939000,6900291898
1786408415090284000,6901352403
1786408416110501500,6902380285
1786408417131993500,6903390893
1786408418159855500,6904420958
1786408419170317500,6905430806
1786408420204906500,6906460942
1786408421244238500,6907510685
1786408422279631000,6908540182
1786408423314556000,6909570933
1786408424359799000,6910620567
1786408425377338500,6911640706
1786408426399576000,6912660799
1786408427424651000,6913690390
1786408428444634500,6914700324
1786408429490878000,6915750638
1786408430574486500,6916830728
1786408431584002500,6917850400
1786408432599620500,6918860662
1786408433624752000,6919890822
1786408434634578500,6920890985
1786408435655016000,6921900412
1786408436659900000,6922920887
1786408437717623500,6923980576
1786408438985145000,6925013467
1786408440873160500,6927046505
1786408442531693500,6928790582
1786408443559836500,6929820532
1786408444650156000,6930910886
1786408445689883000,6931960607
1786408446709313500,6932970323
1786408447730268000,6933990984
1786408448749368500,6935010392
1786408449769769500,6936030500
1786408450790125500,6937050675
1786408451859773500,6938130324
1786408452864872000,6939130713
1786408453874598500,6940140298
1786408454899977000,6941160454
1786408455935154500,6942200619
1786408456964975500,6943230634
1786408457989658000,6944250870
1786408458994473000,6945260631
1786408460024914500,6946280873
1786408461060630000,6947310997
1786408462069939000,6948340656
1786408463080709000,6949341297
1786408464130108500,6950391451
1786408465164964000,6951432572
1786408466204645500,6952460808
1786408467220020000,6953481233
1786408468234718000,6954492380
1786408469245814000,6955503221
1786408470274420500,6956532361
1786408471302822000,6957561493
1786408472330651500,6958591085
1786408473360585500,6959620343
1786408474395352000,6960651436
1786408475429922500,6961691044
1786408476481637500,6962741654
1786408477529908500,6963800620
1786408478546103500,6964810379
1786408479574611000,6965841143
1786408480684649500,6966989358
1786408481745767000,6968010613
1786408482775086500,6969021082
1786408483805076000,6970060474
1786408484810907500,6971060317
1786408485830288000,6972100178
1786408486879557500,6973121256
1786408487914717000,6974180791
1786408488925058500,6975190820
1786408489920432500,6976179202
1786408490950798500,6977210400
1786408491969585500,6978220809
1786408492996042000,6979250315
1786408494039422000,6980270551
1786408495074513500,6981340415
1786408496076069000,6982340322
1786408497100930000,6983360722
1786408498139562500,6984400334
1786408499155914500,6985421090
1786408500159271000,6986420362
1786408501205336500,6987450329
1786408502240996500,6988510173
1786408503245825000,6989510480
1786408504259375000,6990520122
1786408505264637500,6991530520
1786408506294505000,6992560179
1786408507340819000,6993600749
1786408508399822000,6994631235
1786408509454943500,6995720034
1786408510489746000,6996760343
1786408511515461500,6997770059
1786408512539692500,6998800269
1786408513539663000,6999810522
1786408514550070000,7000810275
1786408515613698000,7001840867
1786408516683172500,7002941030
1786408517720092500,7003980601
1786408518725982500,7004990544
1786408519754891500,7006010378
1786408520784699000,7007051642
1786408521822663500,7008080511
1786408522884853000,7009183055
1786408523966350000,7010201099
1786408524989815500,7011251067
1786408526019533000,7012280578
1786408527039767000,7013300543
1786408528094937000,7014360109
1786408529129991500,7015390381
1786408530202958000,7016461936
1786408531225032000,7017480897
1786408532255781000,7018527469
1786408533269631000,7019530278
1786408534289903500,7020550497
1786408535334958500,7021590196
1786408536379668000,7022630292
1786408537465876500,7023727789
1786408538504668000,7024772114
1786408539495108000,7025750159
1786408540522125000,7026780350
1786408541554759500,7027810389
1786408542579995000,7028841383
1786408543610789500,7029871359
1786408544691702500,7030950780
1786408545720462500,7031991492
1786408546730792500,7033000223
1786408547745359000,7034020808
1786408548770694500,7035040098
1786408549784233000,7036040636
1786408550789486000,7037040194
1786408551835159000,7038099871
1786408552860053500,7039120206
1786408553861313000,7040120501
1786408554921220000,7041180391
1786408555965046500,7042220362
1786408557004929500,7043270236
1786408558033797500,7044290616
1786408559064842000,7045329719
1786408560156606500,7046360110
1786408561921193500,7048081128
1786408563661638000,7049915525
1786408564815990500,7051076384
1786408565869591000,7052159807
1786408566914399500,7053160855
1786408567924553000,7054189936
1786408568920242500,7055180754
1786408569950944000,7056210481
1786408570970788500,7057230561
1786408572006392000,7058260975
1786408573109042500,7059366182
1786408574144631000,7060410422
1786408575165889500,7061432022
1786408576194969000,7062449495
1786408577230480000,7063490303
1786408578260039500,7064524005
1786408579280449000,7065541396
1786408580361932000,7066622923
1786408581389833000,7067650976
1786408582425656500,7068681468
1786408583460641000,7069720217
1786408584485321500,7070740318
1786408585489932500,7071760318
1786408586499651500,7072760186
1786408587550365500,7073820376
1786408588549611000,7074812497
1786408589590019000,7075850443
1786408590610407000,7076870529
1786408591665419000,7077930096
